sighi_idx;sighi_keyword;sighi_score;sighi_category;sighi_source_ref;candidates_top5
0;Eier, Hühnerei, Vollei;1;Eier;SIGHI_FoodList_2024-08-29_p4_r15;"171258|Eierlikör|Eggnog ;; 168772|Eierpudding, Trockenmischung|Egg custards, dry mix ;; 748236|Eier, Güteklasse A, groß, Eigelb|Eggs, Grade A, Large, egg yolk ;; 169904|Eier, Rührei, gefrorene Mischung|Eggs, scrambled, frozen mixture ;; 167643|Fisch, Felchen, Eier (Alaska Native)|Fish, whitefish, eggs (Alaska Native)"
1;Eigelb, Eidotter;0;Eier;SIGHI_FoodList_2024-08-29_p4_r17;"173428|Ei, Eigelb, getrocknet|Egg, yolk, dried ;; 172184|Ei, Eigelb, roh, frisch|Egg, yolk, raw, fresh ;; 748236|Eier, Güteklasse A, groß, Eigelb|Eggs, Grade A, Large, egg yolk ;; 171364|Babynahrung, Müsli, mit Eigelb, Junior|Babyfood, cereal, with egg yolks, junior ;; 329596|Ei, Eigelb, roh, gefroren, pasteurisiert|Egg, yolk, raw, frozen, pasteurized"
2;Eiklar, Eiweiß;1;Eier;SIGHI_FoodList_2024-08-29_p4_r18;"1104867|Mehl, Reis, Klebereiweiß|Flour, rice, glutinous ;; 174917|Brot, Eiweiß (enthält Gluten)|Bread, protein (includes gluten) ;; 170889|Joghurt, Obst, fettarm, 9 g Eiweiß/8 oz|Yogurt, fruit, low fat,9 g protein/8 oz ;; 172809|Brot, Eiweiß, (enthält Gluten), getoastet|Bread, protein, (includes gluten), toasted ;; 174279|Sojasauce aus hydrolisiertem Pflanzeneiweiß|Soy sauce made from hydrolyzed vegetable protein"
3;Eiweiss, Eiweiß, Eiklar;1;Eier;SIGHI_FoodList_2024-08-29_p4_r19;"1104867|Mehl, Reis, Klebereiweiß|Flour, rice, glutinous ;; 174917|Brot, Eiweiß (enthält Gluten)|Bread, protein (includes gluten) ;; 170889|Joghurt, Obst, fettarm, 9 g Eiweiß/8 oz|Yogurt, fruit, low fat,9 g protein/8 oz ;; 172809|Brot, Eiweiß, (enthält Gluten), getoastet|Bread, protein, (includes gluten), toasted ;; 174279|Sojasauce aus hydrolisiertem Pflanzeneiweiß|Soy sauce made from hydrolyzed vegetable protein"
4;Wachteleier;0;Eier;SIGHI_FoodList_2024-08-29_p4_r20;"171258|Eierlikör|Eggnog ;; 172419|Wachteln, nur Fleisch, roh|Quail, meat only, raw ;; 168772|Eierpudding, Trockenmischung|Egg custards, dry mix ;; 172191|Ei, Wachtel, ganz, frisch, roh|Egg, quail, whole, fresh, raw ;; 172418|Wachteln, Fleisch und Haut, roh|Quail, meat and skin, raw"
5;Blauschimmelkäse;2;Milchprodukte;SIGHI_FoodList_2024-08-29_p4_r22;"167944|Brot, Käse|Bread, cheese ;; 172175|Käse, blau|Cheese, blue ;; 172177|Käse, Brie|Cheese, brie ;; 173420|Käse, Feta|Cheese, feta ;; 173416|Käse, Colby|Cheese, colby"
6;Butter: Sauerrahmbutter, mildgesäuerte Butter;1;Milchprodukte;SIGHI_FoodList_2024-08-29_p4_r23;"168100|Cremiges Dressing, hergestellt aus Sauerrahm und/oder Buttermilch und Öl, kalorienreduziert, cholesterinfrei|Creamy dressing, made with sour cream and/or buttermilk and oil, reduced calorie, cholesterol-free ;; 171421|Öl, Kakaobutter|Oil, cocoa butter ;; 173430|Butter, ohne Salz|Butter, without salt ;; 173570|Öl, Ucuhubabutter|Oil, ucuhuba butter ;; 174987|Croissants, Butter|Croissants, butter"
7;Butter: Süßrahmbutter, Süssrahmbutter;0;Milchprodukte;SIGHI_FoodList_2024-08-29_p4_r25;"171421|Öl, Kakaobutter|Oil, cocoa butter ;; 173430|Butter, ohne Salz|Butter, without salt ;; 173570|Öl, Ucuhubabutter|Oil, ucuhuba butter ;; 174987|Croissants, Butter|Croissants, butter ;; 2262073|Sesambutter, cremig|Sesame butter, creamy"
8;Butterkäse;0;Milchprodukte;SIGHI_FoodList_2024-08-29_p4_r27;"174976|Cracker, Käse, Sandwiches mit Erdnussbutterfüllung|Crackers, cheese, sandwich-type with peanut butter filling ;; 2426339|""LUMBER JACK"" GERÄUCHERTE WURST IM MITTELTEIL, FRISCHER BUTTERMILCHKEKS, EI & KÄSE-SUPER-SIZE-SANDWICHES, ""LUMBER JACK""|""LUMBER JACK"" CENTER-CUT SMOKED SAUSAGE, FRESH BUTTERMILK BISCUIT, EGG & CHEESE SUPER-SIZE SANDWICHES, ""LUMBER JACK"" ;; 167944|Brot, Käse|Bread, cheese ;; 172175|Käse, blau|Cheese, blue ;; 172177|Käse, Brie|Cheese, brie"
9;Buttermilch, angesäuert;1;Milchprodukte;SIGHI_FoodList_2024-08-29_p4_r28;"2259792|Buttermilch, fettarm|Buttermilk, low fat ;; 171274|Milch, Buttermilch, getrocknet|Milk, buttermilk, dried ;; 169895|Salatdressing, Buttermilch, lite|Salad dressing, buttermilk, lite ;; 172225|Milch, Buttermilch, flüssig, voll|Milk, buttermilk, fluid, whole ;; 167516|Waffeln, Buttermilch, gefroren, aufwärmfertig|Waffles, buttermilk, frozen, ready-to-heat"
10;Camembert;2;Milchprodukte;SIGHI_FoodList_2024-08-29_p4_r29;172178|Käse, Camembert|Cheese, camembert
11;Cheddar Käse;2;Milchprodukte;SIGHI_FoodList_2024-08-29_p4_r30;"173439|Käse, fettarm, Cheddar oder Colby|Cheese, low fat, cheddar or colby ;; 2597083|EXTRA SCHARFER WEISSER CHEDDAR-KÄSE|EXTRA SHARP WHITE CHEDDAR CHEESE ;; 169901|Käse, amerikanischer Cheddar, Imitat|Cheese, american cheddar, imitation ;; 171295|Käse, Cheddar, fettarm oder fettfrei|Cheese, cheddar, nonfat or fat free ;; 173440|Käse, natriumarm, Cheddar oder Colby|Cheese, low-sodium, cheddar or colby"
12;crème fraïche;1;Milchprodukte;SIGHI_FoodList_2024-08-29_p4_r31;173168|Alkoholisches Getränk, Crème de Menthe, 72%ig|Alcoholic beverage, creme de menthe, 72 proof
13;Edelschimmelkäse;2;Milchprodukte;SIGHI_FoodList_2024-08-29_p4_r32;"167944|Brot, Käse|Bread, cheese ;; 172175|Käse, blau|Cheese, blue ;; 172177|Käse, Brie|Cheese, brie ;; 173420|Käse, Feta|Cheese, feta ;; 173416|Käse, Colby|Cheese, colby"
14;Feta, Feta-Käse;1;Milchprodukte;SIGHI_FoodList_2024-08-29_p4_r33;"173420|Käse, Feta|Cheese, feta ;; 2607109|ECHTER FASSGEREIFTER FETA-KÄSE|AUTHENTIC BARREL RIPENED FETA CHEESE ;; 2259796|Käse, Feta, Vollmilch, zerkrümelt|Cheese, feta, whole milk, crumbled ;; 167944|Brot, Käse|Bread, cheese ;; 172175|Käse, blau|Cheese, blue"
15;Fontina Käse;2;Milchprodukte;SIGHI_FoodList_2024-08-29_p4_r34;"170843|Käse, Fontina|Cheese, fontina ;; 167944|Brot, Käse|Bread, cheese ;; 172175|Käse, blau|Cheese, blue ;; 172177|Käse, Brie|Cheese, brie ;; 173420|Käse, Feta|Cheese, feta"
16;Frischkäse;0;Milchprodukte;SIGHI_FoodList_2024-08-29_p4_r35;"172223|Käse, frisch, queso fresco|Cheese, fresh, queso fresco ;; 2346385|Frischkäse, Vollfett, Block|Cream cheese, full fat, block ;; 169081|Streichkäse, Frischkäsebasis|Cheese spread, cream cheese base ;; 169619|Frostings, Frischkäse-Geschmack, verzehrfertig|Frostings, cream cheese-flavor, ready-to-eat ;; 2614606|FRISCHKÄSEAUFSTRICH NACH BÜFFELART MIT SCHLAGSAHNE|BUFFALO STYLE WHIPPED CREAM CHEESE SPREAD"
17;Geheimratskäse;0;Milchprodukte;SIGHI_FoodList_2024-08-29_p4_r36;"167944|Brot, Käse|Bread, cheese ;; 172175|Käse, blau|Cheese, blue ;; 172177|Käse, Brie|Cheese, brie ;; 173420|Käse, Feta|Cheese, feta ;; 173416|Käse, Colby|Cheese, colby"
18;Ghee;1;Milchprodukte;SIGHI_FoodList_2024-08-29_p4_r37;171314|Butter, Butterschmalz (Ghee)|Butter, Clarified butter (ghee)
19;Gouda Käse, gereift;2;Milchprodukte;SIGHI_FoodList_2024-08-29_p4_r39;"171241|Käse, Gouda|Cheese, gouda ;; 2607109|ECHTER FASSGEREIFTER FETA-KÄSE|AUTHENTIC BARREL RIPENED FETA CHEESE ;; 2598948|BRIE TRIPLE CRME WEICH GEREIFTER KÄSE|BRIE TRIPLE CRME SOFT-RIPENED CHEESE ;; 167944|Brot, Käse|Bread, cheese ;; 172175|Käse, blau|Cheese, blue"
20;Gouda Käse, jung;0;Milchprodukte;SIGHI_FoodList_2024-08-29_p4_r40;"171241|Käse, Gouda|Cheese, gouda ;; 167944|Brot, Käse|Bread, cheese ;; 172175|Käse, blau|Cheese, blue ;; 172177|Käse, Brie|Cheese, brie ;; 173420|Käse, Feta|Cheese, feta"
21;Haltbarmilch, H-Milch, UHT-Milch, Up-Milch;0;Milchprodukte;SIGHI_FoodList_2024-08-29_p4_r41;"1999630|Sojamilch, ungesüßt, klar, haltbar|Soy milk, unsweetened, plain, shelf stable ;; 1999631|Mandelmilch, ungesüßt, einfach, haltbar|Almond milk, unsweetened, plain, shelf stable ;; 174832|Getränke, Mandelmilch, ungesüßt, haltbar|Beverages, almond milk, unsweetened, shelf stable ;; 173187|Getränke, Schokoladen-Mandelmilch, ungesüßt, haltbar, angereichert mit Vitamin D2 und E|Beverages, chocolate almond milk, unsweetened, shelf-stable, fortified with vitamin D2 and E ;; 174980|Kekse, Milch|Crackers, milk"
22;Joghurt nature;1;Milchprodukte;SIGHI_FoodList_2024-08-29_p4_r43;"174802|Snacks, Müsliriegel, GENERAL MILLS, NATURE VALLEY, mit Joghurtüberzug|Snacks, granola bar, GENERAL MILLS, NATURE VALLEY, with yogurt coating ;; 167722|Tofu-Joghurt|Tofu yogurt ;; 175227|SILK Sojajoghurt pur|SILK Plain soy yogurt ;; 173410|Joghurt, natur, vollfett|Yogurt, plain, whole milk ;; 175228|SILK Erdbeer-Sojajoghurt|SILK Strawberry soy yogurt"
23;Käse: lange gereifte Sorten und Hartkäse (z.B.;3;Milchprodukte;SIGHI_FoodList_2024-08-29_p4_r44;"172197|Käse, Ziege, Hartkäse|Cheese, goat, hard type ;; 170848|Käse, Parmesan, Hartkäse|Cheese, parmesan, hard ;; 2607109|ECHTER FASSGEREIFTER FETA-KÄSE|AUTHENTIC BARREL RIPENED FETA CHEESE ;; 2598948|BRIE TRIPLE CRME WEICH GEREIFTER KÄSE|BRIE TRIPLE CRME SOFT-RIPENED CHEESE ;; 170689|Fast Food, Taco mit Rindfleisch, Käse und Salat, harte Schale|Fast foods, taco with beef, cheese and lettuce, hard shell"
24;Käsezubereitungen (=Mischungen mit weiteren;2;Milchprodukte;SIGHI_FoodList_2024-08-29_p4_r46;"169578|Sirupe, Tischmischungen, Pfannkuchen|Syrups, table blends, pancake ;; 167584|Sirupe, Tischmischungen, Pfannkuchen, mit Butter|Syrups, table blends, pancake, with butter ;; 168838|Sirupe, Tischmischungen, Pfannkuchen, mit 2% Ahorn|Syrups, table blends, pancake, with 2% maple ;; 168839|Sirupe, Tafelmischungen, Mais, Raffinerie und Zucker|Syrups, table blends, corn, refiner, and sugar ;; 169577|Sirupe, Tischmischungen, Pfannkuchen, kalorienreduziert|Syrups, table blends, pancake, reduced-calorie"
25;Kefir;1;Milchprodukte;SIGHI_FoodList_2024-08-29_p4_r48;"170904|Kefir, fettarm, einfach, LIFEWAY|Kefir, lowfat, plain, LIFEWAY ;; 171301|Kefir, fettarm, Erdbeere, LIFEWAY|Kefir, lowfat, strawberry, LIFEWAY"
26;Mascarpone Käse;0;Milchprodukte;SIGHI_FoodList_2024-08-29_p4_r49;"167944|Brot, Käse|Bread, cheese ;; 172175|Käse, blau|Cheese, blue ;; 172177|Käse, Brie|Cheese, brie ;; 173420|Käse, Feta|Cheese, feta ;; 173416|Käse, Colby|Cheese, colby"
27;Milch, laktosefrei;1;Milchprodukte;SIGHI_FoodList_2024-08-29_p4_r50;"174980|Kekse, Milch|Crackers, milk ;; 173775|SILK Nog, Sojamilch|SILK Nog, soymilk ;; 2259792|Buttermilch, fettarm|Buttermilk, low fat ;; 173776|SILK Chai, Sojamilch|SILK Chai, soymilk ;; 173777|SILK Mokka, Sojamilch|SILK Mocha, soymilk"
28;Milch, pasteurisiert (PAST-Milch);0;Milchprodukte;SIGHI_FoodList_2024-08-29_p4_r52;"323697|Ei, weiß, roh, gefroren, pasteurisiert|Egg, white, raw, frozen, pasteurized ;; 323604|Ei, ganz, roh, gefroren, pasteurisiert|Egg, whole, raw, frozen, pasteurized ;; 172203|Ei, weiß, roh, gefroren, pasteurisiert|Egg, white, raw, frozen, pasteurized ;; 170854|Käse, pasteurisiertes Verfahren, Piment|Cheese, pasteurized process, pimento ;; 329596|Ei, Eigelb, roh, gefroren, pasteurisiert|Egg, yolk, raw, frozen, pasteurized"
29;Milchpulver;1;Milchprodukte;SIGHI_FoodList_2024-08-29_p4_r54;"173460|Eiweißpräparat auf Milchbasis, Muscle Milk Light, Pulver|Protein supplement, milk based, Muscle Milk Light, powder ;; 173459|Protein-Nahrungsergänzung, auf Milchbasis, Muscle Milk, Pulver|Protein supplement, milk based, Muscle Milk, powder ;; 173184|Getränke, Schokoladenmalz, Pulver, zubereitet mit fettfreier Milch|Beverages, chocolate malt, powder, prepared with fat free milk ;; 173220|Getränke, Malzgetränkemischung, natürlich, Pulver, auf Milchbasis.|Beverages, Malted drink mix, natural, powder, dairy based. ;; 171874|Getränke, Schokoladenmalzpulver, zubereitet mit 1% Milch, angereichert|Beverages, chocolate malt powder, prepared with 1% milk, fortified"
30;Molke: Sauermolke;0;Milchprodukte;SIGHI_FoodList_2024-08-29_p4_r55;"171282|Molke, süß, flüssig|Whey, sweet, fluid ;; 171283|Molke, süß, getrocknet|Whey, sweet, dried ;; 171281|Molke, sauer, getrocknet|Whey, acid, dried ;; 170885|Molke, Säure, Flüssigkeit|Whey, acid, fluid ;; 173177|Getränke, Molkenproteinpulver-Isolat|Beverages, Whey protein powder isolate"
31;Molke: Süßmolke, Süssmolke, Labmolke;0;Milchprodukte;SIGHI_FoodList_2024-08-29_p4_r56;"171282|Molke, süß, flüssig|Whey, sweet, fluid ;; 171283|Molke, süß, getrocknet|Whey, sweet, dried ;; 171281|Molke, sauer, getrocknet|Whey, acid, dried ;; 170885|Molke, Säure, Flüssigkeit|Whey, acid, fluid ;; 173177|Getränke, Molkenproteinpulver-Isolat|Beverages, Whey protein powder isolate"
32;Mozzarella Käse;0;Milchprodukte;SIGHI_FoodList_2024-08-29_p5_r13;"172198|Ersatzkäse, Mozzarella|Cheese substitute, mozzarella ;; 169051|Käse, Mozzarella, fettfrei|Cheese, mozzarella, nonfat ;; 170845|Käse, Mozzarella, Vollmilch|Cheese, mozzarella, whole milk ;; 167735|Käse, Mozzarella, natriumarm|Cheese, mozzarella, low sodium ;; 168076|DENNY'S, Mozzarella-Käsestangen|DENNY'S, mozzarella cheese sticks"
33;Obers, Sahne (wenn ohne Zusatzstoffe);0;Milchprodukte;SIGHI_FoodList_2024-08-29_p5_r14;"173418|Käse, Sahne|Cheese, cream ;; 2346386|Sahne, schwer|Cream, heavy ;; 173443|Saure Sahne, leicht|Sour cream, light ;; 169079|Käse, Sahne, fettarm|Cheese, cream, low fat ;; 172207|Käse, Sahne, fettfrei|Cheese, cream, fat free"
34;Quark;0;Milchprodukte;SIGHI_FoodList_2024-08-29_p5_r17;"169083|Sojabohnen, Quark|Soybean, curd cheese ;; 2346384|Hüttenkäse, Vollfett, großer oder kleiner Quark|Cottage cheese, full fat, large or small curd ;; 172179|Käse, Hüttenkäse, Frischkäse, großer oder kleiner Quark|Cheese, cottage, creamed, large or small curd ;; 172181|Käse, Hüttenkäse, fettfrei, ungesalzen, trocken, großer oder kleiner Quark|Cheese, cottage, nonfat, uncreamed, dry, large or small curd"
35;Raclette Käse;2;Milchprodukte;SIGHI_FoodList_2024-08-29_p5_r18;"167944|Brot, Käse|Bread, cheese ;; 172175|Käse, blau|Cheese, blue ;; 172177|Käse, Brie|Cheese, brie ;; 173420|Käse, Feta|Cheese, feta ;; 173416|Käse, Colby|Cheese, colby"
36;Rahm, süß (wenn ohne Zusatzstoffe);0;Milchprodukte;SIGHI_FoodList_2024-08-29_p5_r19;"171719|Kirschen, süß, roh|Cherries, sweet, raw ;; 170008|Zwiebeln, süß, roh|Onions, sweet, raw ;; 175033|Süße Brötchen, Käse|Sweet rolls, cheese ;; 171282|Molke, süß, flüssig|Whey, sweet, fluid ;; 168538|Mais, süß, weiß, roh|Corn, sweet, white, raw"
37;Ricotta Käse;0;Milchprodukte;SIGHI_FoodList_2024-08-29_p5_r22;"170851|Käse, Ricotta, Vollmilch|Cheese, ricotta, whole milk ;; 171248|Käse, Ricotta, teilentrahmte Milch|Cheese, ricotta, part skim milk ;; 2614705|VIER KÄSERAVIOLI, RICOTTA; MOZZARELLA; PARMESAN; ROMANO|FOUR CHEESE RAVIOLI PASTA, RICOTTA; MOZZARELLA; PARMESAN; ROMANO ;; 167944|Brot, Käse|Bread, cheese ;; 172175|Käse, blau|Cheese, blue"
38;Rohmilch;0;Milchprodukte;SIGHI_FoodList_2024-08-29_p5_r23;"173675|Fisch, Milchfisch, roh|Fish, milkfish, raw ;; 170172|Nüsse, Kokosnussmilch, roh (Flüssigkeit aus geriebenem Fleisch und Wasser)|Nuts, coconut milk, raw (liquid expressed from grated meat and water) ;; 169975|Kohl, roh|Cabbage, raw ;; 170076|Dock, roh|Dock, raw ;; 169260|Okra, roh|Okra, raw"
39;Rohmilchkäse;2;Milchprodukte;SIGHI_FoodList_2024-08-29_p5_r25;"167944|Brot, Käse|Bread, cheese ;; 172175|Käse, blau|Cheese, blue ;; 172177|Käse, Brie|Cheese, brie ;; 173420|Käse, Feta|Cheese, feta ;; 173416|Käse, Colby|Cheese, colby"
40;Rohmilchprodukte;2;Milchprodukte;SIGHI_FoodList_2024-08-29_p5_r27;"172319|Säuglingsnahrung, PBM-PRODUKTE, Handelsmarke, fütterungsfertig|Infant formula, PBM PRODUCTS, store brand, ready-to-feed ;; 172525|Lamm, verschiedene Fleischsorten und Nebenprodukte, Gehirn, roh|Lamb, variety meats and by-products, brain, raw ;; 172538|Lamm, verschiedene Fleischsorten und Nebenprodukte, Pankreas, roh|Lamb, variety meats and by-products, pancreas, raw ;; 173555|Säuglingsnahrung, PBM-PRODUKTE, Handelsmarke, Soja, fütterungsfertig|Infant formula, PBM PRODUCTS, store brand, soy, ready-to-feed ;; 168112|Salatdressing, Mayonnaise und mayonnaiseähnliche Produkte, kalorienarm|Salad dressing, mayonnaise and mayonnaise-type, low calorie"
41;Roquefort Käse;2;Milchprodukte;SIGHI_FoodList_2024-08-29_p5_r28;"171250|Käse, Roquefort|Cheese, roquefort ;; 169876|Salatdressing, Blau- oder Roquefortkäse, kalorienarm|Salad dressing, blue or roquefort cheese, low calorie ;; 167692|Salatdressing, Blau- oder Roquefortkäse-Dressing, leicht|Salad dressing, blue or roquefort cheese dressing, light ;; 167699|Salatdressing, Blau- oder Roquefortkäse-Dressing, fettfrei|Salad dressing, blue or roquefort cheese dressing, fat-free ;; 173562|Salatdressing, Blau- oder Roquefortkäse-Dressing, handelsüblich, normal|Salad dressing, blue or roquefort cheese dressing, commercial, regular"
42;Sahne, süß (wenn ohne Zusatzstoffe);0;Milchprodukte;SIGHI_FoodList_2024-08-29_p5_r29;"169363|Mais, süß, weiß, in Dosen, nach Art der Sahne, ohne Salzzusatz|Corn, sweet, white, canned, cream style, no salt added ;; 173418|Käse, Sahne|Cheese, cream ;; 2346386|Sahne, schwer|Cream, heavy ;; 171719|Kirschen, süß, roh|Cherries, sweet, raw ;; 170008|Zwiebeln, süß, roh|Onions, sweet, raw"
43;Sauerrahm;1;Milchprodukte;SIGHI_FoodList_2024-08-29_p5_r32;"167963|Snacks, Kartoffelchips, Sauerrahm-Zwiebel-Geschmack|Snacks, potato chips, sour-cream-and-onion-flavor ;; 2670362|""SAUERRAHM & SCHNITTLAUCH GEKEIMTE CASHEWS, SAUERRAHM & SCHNITTLAUCH|""SOUR CREAM"" & CHIVE SPROUTED CASHEWS, ""SOUR CREAM"" & CHIVE ;; 2562699|KARTOFFELCHIPS MIT CHEDDAR- UND SAUERRAHMGESCHMACK, CHEDDAR; SAUERRAHM|CHEDDAR & SOUR CREAM FLAVORED POTATO CHIPS, CHEDDAR; SOUR CREAM ;; 2407055|VEGGIE-POPS SUPERSNACKS BIO-TROCKENGEMÜSE-SNACK, ""SAUERRAHM"" & ZWIEBEL|'SOUR CREAM' & ONION VEGGIE POPS SUPERSNACKS ORGANIC DRIED VEGETABLE SNACK, 'SOUR CREAM' & ONION ;; 168100|Cremiges Dressing, hergestellt aus Sauerrahm und/oder Buttermilch und Öl, kalorienreduziert, cholesterinfrei|Creamy dressing, made with sour cream and/or buttermilk and oil, reduced calorie, cholesterol-free"
44;saure Sahne;1;Milchprodukte;SIGHI_FoodList_2024-08-29_p5_r33;"173443|Saure Sahne, leicht|Sour cream, light ;; 173444|Saure Sahne, fettfrei|Sour cream, fat free ;; 173442|Saure Sahne, fettreduziert|Sour cream, reduced fat ;; 170869|Saure Sahne, Imitat, kultiviert|Sour cream, imitation, cultured ;; 172211|KRAFT BREAKSTONE'S FREE Fettfreie saure Sahne|KRAFT BREAKSTONE'S FREE Fat Free Sour Cream"
45;Schafmilch, Schafsmilch;0;Milchprodukte;SIGHI_FoodList_2024-08-29_p5_r34;"175144|Fisch, Schafskopf, roh|Fish, sheepshead, raw ;; 170882|Milch, Schafe, flüssig|Milk, sheep, fluid ;; 175145|Fisch, Schafskopf, gekocht, trockene Hitze|Fish, sheepshead, cooked, dry heat ;; 174980|Kekse, Milch|Crackers, milk ;; 173775|SILK Nog, Sojamilch|SILK Nog, soymilk"
46;Schimmelkäse;2;Milchprodukte;SIGHI_FoodList_2024-08-29_p5_r35;"167944|Brot, Käse|Bread, cheese ;; 172175|Käse, blau|Cheese, blue ;; 172177|Käse, Brie|Cheese, brie ;; 173420|Käse, Feta|Cheese, feta ;; 173416|Käse, Colby|Cheese, colby"
47;Schlagobers, Schlagsahne (wenn ohne Zusatzstoffe);0;Milchprodukte;SIGHI_FoodList_2024-08-29_p5_r36;"167687|Schlagsahne, gefroren, fettarm|Whipped topping, frozen, low fat ;; 172213|Reddi Wip Fettfreies Schlagsahne-Topping|Reddi Wip Fat Free Whipped Topping ;; 2614606|FRISCHKÄSEAUFSTRICH NACH BÜFFELART MIT SCHLAGSAHNE|BUFFALO STYLE WHIPPED CREAM CHEESE SPREAD ;; 2003596|Tomatensaft, mit Zusatzstoffen, aus Konzentrat, haltbar|Tomato juice, with added ingredients, from concentrate, shelf stable ;; 169899|Schlagsahneersatz, diätetisch, aus einer Pulvermischung hergestellt|Whipped cream substitute, dietetic, made from powdered mix"
48;Schmelzkäse;2;Milchprodukte;SIGHI_FoodList_2024-08-29_p5_r39;"172209|KRAFT CHEEZ WHIZ Pasteurisierte Schmelzkäsesoße|KRAFT CHEEZ WHIZ Pasteurized Process Cheese Sauce ;; 173448|KRAFT VELVEETA Pasteurisierter Schmelzkäseaufstrich|KRAFT VELVEETA Pasteurized Process Cheese Spread ;; 173446|KRAFT CHEEZ WHIZ LIGHT Pasteurisiertes Schmelzkäseprodukt|KRAFT CHEEZ WHIZ LIGHT Pasteurized Process Cheese Product ;; 173449|KRAFT VELVEETA LIGHT Fettreduziertes pasteurisiertes Schmelzkäseprodukt|KRAFT VELVEETA LIGHT Reduced Fat Pasteurized Process Cheese Product ;; 2400717|""ALTMODISCHER"" LIMBURGER PASTEURISIERTER SCHMELZKÄSEAUFSTRICH, LIMBURGER|""OLD FASHIONED"" LIMBURGER PASTEURIZED PROCESS CHEESE SPREAD, LIMBURGER"
49;Süssrahm, Süßrahm (wenn ohne Zusatzstoffe);0;Milchprodukte;SIGHI_FoodList_2024-08-29_p5_r40;"2003596|Tomatensaft, mit Zusatzstoffen, aus Konzentrat, haltbar|Tomato juice, with added ingredients, from concentrate, shelf stable ;; 174210|Krebstiere, Garnelen, gemischte Arten, roh (kann Zusatzstoffe zur Feuchtigkeitsspeicherung enthalten)|Crustaceans, shrimp, mixed species, raw (may contain additives to retain moisture) ;; 171971|Krustentiere, Garnelen, gemischte Arten, gekocht, feuchte Hitze (kann Zusatzstoffe zur Erhaltung der Feuchtigkeit enthalten)|Crustaceans, shrimp, mixed species, cooked, moist heat (may contain additives to retain moisture)"
50;Topfen;0;Milchprodukte;SIGHI_FoodList_2024-08-29_p5_r43;
51;UHT-Milch, Up-Milch, H-Milch, Haltbarmilch;0;Milchprodukte;SIGHI_FoodList_2024-08-29_p5_r44;"1999630|Sojamilch, ungesüßt, klar, haltbar|Soy milk, unsweetened, plain, shelf stable ;; 1999631|Mandelmilch, ungesüßt, einfach, haltbar|Almond milk, unsweetened, plain, shelf stable ;; 174832|Getränke, Mandelmilch, ungesüßt, haltbar|Beverages, almond milk, unsweetened, shelf stable ;; 173187|Getränke, Schokoladen-Mandelmilch, ungesüßt, haltbar, angereichert mit Vitamin D2 und E|Beverages, chocolate almond milk, unsweetened, shelf-stable, fortified with vitamin D2 and E ;; 174980|Kekse, Milch|Crackers, milk"
52;Ziegenmilch;0;Milchprodukte;SIGHI_FoodList_2024-08-29_p5_r46;"174980|Kekse, Milch|Crackers, milk ;; 173775|SILK Nog, Sojamilch|SILK Nog, soymilk ;; 2259792|Buttermilch, fettarm|Buttermilk, low fat ;; 173776|SILK Chai, Sojamilch|SILK Chai, soymilk ;; 173777|SILK Mokka, Sojamilch|SILK Mocha, soymilk"
53;Dörrfleisch, Trockenfleisch;3;Fleisch;SIGHI_FoodList_2024-08-29_p5_r48;"171589|Soße, Instant-Rindfleisch, trocken|Gravy, instant beef, dry ;; 171173|Soße, Schweinefleisch, trocken, Pulver|Gravy, pork, dry, powder ;; 172938|Salami, trocken oder hart, Schweinefleisch|Salami, dry or hard, pork ;; 171614|Suppe, Ramen-Nudeln, Rindfleischgeschmack, trocken|Soup, ramen noodle, beef flavor, dry ;; 174582|Salami, trocken oder hart, Schweinefleisch, Rindfleisch|Salami, dry or hard, pork, beef"
54;Ente, Entenfleisch;0;Fleisch;SIGHI_FoodList_2024-08-29_p5_r49;"171112|Ente, junges Entenküken, domestiziert, White Pekin, Keule, Fleisch und Haut, mit Knochen, gekocht, gebraten|Duck, young duckling, domesticated, White Pekin, leg, meat and skin, bone in, cooked, roasted ;; 171510|Ente, junges Entenküken, domestiziert, White Pekin, Brust, Fleisch und Haut, ohne Knochen, gekocht, gebraten|Duck, young duckling, domesticated, White Pekin, breast, meat and skin, boneless, cooked, roasted ;; 171511|Ente, junges Entenküken, domestiziert, White Pekin, Brust, nur Fleisch, ohne Knochen, gekocht ohne Haut, gebraten|Duck, young duckling, domesticated, White Pekin, breast, meat only, boneless, cooked without skin, broiled ;; 171113|Ente, junges Entenküken, domestiziert, White Pekin, Keule, nur Fleisch, mit Knochen, gekocht ohne Haut, geschmort|Duck, young duckling, domesticated, White Pekin, leg, meat only, bone in, cooked without skin, braised ;; 174468|Ente, wild, Fleisch und Haut, roh|Duck, wild, meat and skin, raw"
55;Faschiertes (=Hackfleisch), bei Verzehr unmittelbar;0;Fleisch;SIGHI_FoodList_2024-08-29_p5_r50;"175019|Kuchen, Hackfleisch, zubereitet nach Rezept|Pie, mince, prepared from recipe ;; 170292|Fast Food, Nachos, mit Käse, Bohnen, Hackfleisch und Tomaten|Fast foods, nachos, with cheese, beans, ground beef, and tomatoes ;; 167657|ON THE BORDER, weicher Taco mit Rinderhackfleisch, Käse und Kopfsalat|ON THE BORDER, soft taco with ground beef, cheese and lettuce ;; 172616|Lammfleisch, Neuseeland, importiert, Lammhackfleisch, gekocht, geschmort|Lamb, New Zealand, imported, ground lamb, cooked, braised ;; 167658|Restaurant, mexikanisch, weicher Taco mit Rinderhackfleisch, Käse und Kopfsalat|Restaurant, Mexican, soft taco with ground beef, cheese and lettuce"
56;Faschiertes (=Hackfleisch), Offenverkauf oder unter;2;Fleisch;SIGHI_FoodList_2024-08-29_p5_r52;"175019|Kuchen, Hackfleisch, zubereitet nach Rezept|Pie, mince, prepared from recipe ;; 170292|Fast Food, Nachos, mit Käse, Bohnen, Hackfleisch und Tomaten|Fast foods, nachos, with cheese, beans, ground beef, and tomatoes ;; 167657|ON THE BORDER, weicher Taco mit Rinderhackfleisch, Käse und Kopfsalat|ON THE BORDER, soft taco with ground beef, cheese and lettuce ;; 172616|Lammfleisch, Neuseeland, importiert, Lammhackfleisch, gekocht, geschmort|Lamb, New Zealand, imported, ground lamb, cooked, braised ;; 168053|Robbe, bärtig (Oogruk), Fleisch, unterer Quadrant, roh (Alaska Ureinwohner)|Seal, bearded (Oogruk), meat, low quadrant, raw (Alaska Native)"
57;Geflügelfleisch;0;Fleisch;SIGHI_FoodList_2024-08-29_p5_r54;"171637|Bologna, Fleisch und Geflügel|Bologna, meat and poultry ;; 169866|Frankfurter, Fleisch und Geflügel, fettarm|Frankfurter, meat and poultry, low fat ;; 173875|Frankfurter, Fleisch und Geflügel, nicht erhitzt|Frankfurter, meat and poultry, unheated ;; 171633|Frankfurter, Fleisch und Geflügel, gekocht, gekocht|Frankfurter, meat and poultry, cooked, boiled ;; 171634|Frankfurter, Fleisch und Geflügel, gekocht, gegrillt|Frankfurter, meat and poultry, cooked, grilled"
58;geräucherter Fisch, Räucherfisch;3;Fleisch;SIGHI_FoodList_2024-08-29_p5_r55;"171606|Fischbrühe|Fish broth ;; 173702|Fisch, Surimi|Fish, surimi ;; 172343|Fischöl, Lachs|Fish oil, salmon ;; 172340|Fischöl, Hering|Fish oil, herring ;; 173578|Fischöl, Sardine|Fish oil, sardine"
59;Geselchtes, Rauchfleisch;3;Fleisch;SIGHI_FoodList_2024-08-29_p5_r56;"169886|Huhn, fleischlos|Chicken, meatless ;; 174268|Fleisch-Extender|Meat extender ;; 172439|Speck, fleischlos|Bacon, meatless ;; 174269|Wurst, fleischlos|Sausage, meatless ;; 172012|Bologna, Rindfleisch|Bologna, beef"
60;Hackfleisch, bei Verzehr unmittelbar nach;0;Fleisch;SIGHI_FoodList_2024-08-29_p5_r57;"175019|Kuchen, Hackfleisch, zubereitet nach Rezept|Pie, mince, prepared from recipe ;; 170292|Fast Food, Nachos, mit Käse, Bohnen, Hackfleisch und Tomaten|Fast foods, nachos, with cheese, beans, ground beef, and tomatoes ;; 2646175|Rindfleisch, Flankensteak, ohne Knochen, roh, nach Wahl|Beef, flank, steak, boneless, choice, raw ;; 173823|Kalbfleisch, Lende, getrennt nach Muskeln und Fett, roh|Veal, loin, separable lean and fat, raw ;; 2646174|Rindfleisch, Chuck, Braten, ohne Knochen, roh, nach Wahl|Beef, chuck, roast, boneless, choice, raw"
61;Hackfleisch, Offenverkauf oder unter;2;Fleisch;SIGHI_FoodList_2024-08-29_p5_r59;"175019|Kuchen, Hackfleisch, zubereitet nach Rezept|Pie, mince, prepared from recipe ;; 170292|Fast Food, Nachos, mit Käse, Bohnen, Hackfleisch und Tomaten|Fast foods, nachos, with cheese, beans, ground beef, and tomatoes ;; 167657|ON THE BORDER, weicher Taco mit Rinderhackfleisch, Käse und Kopfsalat|ON THE BORDER, soft taco with ground beef, cheese and lettuce ;; 172616|Lammfleisch, Neuseeland, importiert, Lammhackfleisch, gekocht, geschmort|Lamb, New Zealand, imported, ground lamb, cooked, braised ;; 168053|Robbe, bärtig (Oogruk), Fleisch, unterer Quadrant, roh (Alaska Ureinwohner)|Seal, bearded (Oogruk), meat, low quadrant, raw (Alaska Native)"
62;Hähnchen;0;Fleisch;SIGHI_FoodList_2024-08-29_p6_r13;"173321|Fast Food, Hähnchenteile|Fast foods, chicken tenders ;; 169022|DENNY'S, Hähnchenstreifen|DENNY'S, chicken strips ;; 2569535|SCHARFE HÄHNCHENFLÜGELSAUCE|HOT CHICKEN WING SAUCE ;; 170731|BURGER KING, Hähnchenstreifen|BURGER KING, Chicken Strips ;; 170790|CHICK-FIL-A, Hähnchen-Sandwich|CHICK-FIL-A, chicken sandwich"
63;Hendl, Hühnchen;0;Fleisch;SIGHI_FoodList_2024-08-29_p6_r14;"170737|KFC, Popcorn-Hühnchen|KFC, Popcorn Chicken ;; 173297|McDONALD'S, Hühnchen McNUGGETS|McDONALD'S, Chicken McNUGGETS ;; 172264|Babynahrung, Abendessen, Hühnchennudeln, Junior|Babyfood, dinner, chicken noodle, junior ;; 170764|Fast Food, Taco mit Hühnchen, Salat und Käse, weich|Fast foods, taco with chicken, lettuce and cheese, soft ;; 173499|Babynahrung, Abendessen, Gemüse, Nudeln und Hühnchen, püriert|Babyfood, dinner, vegetables, noodles and chicken, strained"
64;Huhn;0;Fleisch;SIGHI_FoodList_2024-08-29_p6_r15;"173564|Fett, Huhn|Fat, chicken ;; 169886|Huhn, fleischlos|Chicken, meatless ;; 171624|Frankfurter, Huhn|Frankfurter, chicken ;; 171119|Huhn, Füße, gekocht|Chicken, feet, boiled ;; 171116|Huhn, gemahlen, roh|Chicken, ground, raw"
65;Innereien;2;Fleisch;SIGHI_FoodList_2024-08-29_p6_r16;"174465|Huhn, Kapaun, Innereien, roh|Chicken, capons, giblets, raw ;; 172396|Huhn, Braten, Innereien, roh|Chicken, roasting, giblets, raw ;; 171083|Truthahn, ganz, Innereien, roh|Turkey, whole, giblets, raw ;; 173641|Huhn, geschmort, Innereien, roh|Chicken, stewing, giblets, raw ;; 174466|Huhn, Kapaun, Innereien, gekocht, geschmort|Chicken, capons, giblets, cooked, simmered"
66;Kalbfleisch, frisch;0;Fleisch;SIGHI_FoodList_2024-08-29_p6_r17;"175290|Kalbfleisch, gemahlen, roh|Veal, ground, raw ;; 174884|Kalbfleisch, nur Nahtfett, roh|Veal, seam fat only, raw ;; 174595|Bratwurst, Kalbfleisch, gekocht|Bratwurst, veal, cooked ;; 174882|Kalbfleisch, nur äußeres Fett, roh|Veal, external fat only, raw ;; 172647|Kalbfleisch, nur Nahtfett, gekocht|Veal, seam fat only, cooked"
67;Poulet;0;Fleisch;SIGHI_FoodList_2024-08-29_p6_r18;
68;Pute;0;Fleisch;SIGHI_FoodList_2024-08-29_p6_r19;"173571|Fett, Pute|Fat, turkey ;; 172927|Pastrami, Pute|Pastrami, turkey ;; 171505|Pute, gemahlen, roh|Turkey, Ground, raw ;; 171506|Pute, gemahlen, gekocht|Turkey, Ground, cooked ;; 171484|Pute, alle Klassen, Herz, roh|Turkey, all classes, heart, raw"
69;Räucherfisch, geräucherter Fisch;3;Fleisch;SIGHI_FoodList_2024-08-29_p6_r20;"171606|Fischbrühe|Fish broth ;; 173702|Fisch, Surimi|Fish, surimi ;; 172343|Fischöl, Lachs|Fish oil, salmon ;; 172340|Fischöl, Hering|Fish oil, herring ;; 173578|Fischöl, Sardine|Fish oil, sardine"
70;Rauchfleisch, Räucherfleisch, geräuchertes Fleisch;3;Fleisch;SIGHI_FoodList_2024-08-29_p6_r21;"168850|Snacks, Rindfleischstäbchen, geräuchert|Snacks, beef sticks, smoked ;; 170607|Rindfleisch, zerkleinert, gepökelt, geräuchert|Beef, chopped, cured, smoked ;; 172956|Bratwurst, Rind- und Schweinefleisch, geräuchert|Bratwurst, beef and pork, smoked ;; 174584|Wurst, geräucherte Gliederwurst, Schweinefleisch|Sausage, smoked link sausage, pork ;; 170606|Wurst, Rindfleisch, gepökelt, gekocht, geräuchert|Sausage, beef, cured, cooked, smoked"
71;Rindfleisch, frisch;0;Fleisch;SIGHI_FoodList_2024-08-29_p6_r22;"174618|Wurst, Rindfleisch, frisch, gekocht|Sausage, beef, fresh, cooked ;; 174579|Wurst, Schweine- und Rindfleisch, frisch, gekocht|Sausage, pork and beef, fresh, cooked ;; 172012|Bologna, Rindfleisch|Bologna, beef ;; 173868|Libanon Bologna, Rindfleisch|Lebanon bologna, beef ;; 172935|Salami, gekocht, Rindfleisch|Salami, cooked, beef"
72;Rohschinken;3;Fleisch;SIGHI_FoodList_2024-08-29_p6_r23;
73;Salami;3;Fleisch;SIGHI_FoodList_2024-08-29_p6_r24;"172937|Salami, gekocht, Truthahn|Salami, cooked, turkey ;; 172947|Oscar Mayer, Salami (hart)|Oscar Mayer, Salami (hard) ;; 172935|Salami, gekocht, Rindfleisch|Salami, cooked, beef ;; 174603|Salami, italienisch, Schweinefleisch|Salami, Italian, pork ;; 171616|Bierwurst, Biersalami, Schweinefleisch|Beerwurst, beer salami, pork"
74;Schweinefleisch, frisch, unbehandelt;1;Fleisch;SIGHI_FoodList_2024-08-29_p6_r25;"167902|Schweinefleisch, frisch, gemahlen, roh|Pork, fresh, ground, raw ;; 167812|Schweinefleisch, frisch, Bauchspeck, roh|Pork, fresh, belly, raw ;; 167811|Schweinefleisch, frisch, Rückenspeck, roh|Pork, fresh, backfat, raw ;; 167903|Schweinefleisch, frisch, gemahlen, gekocht|Pork, fresh, ground, cooked ;; 174579|Wurst, Schweine- und Rindfleisch, frisch, gekocht|Sausage, pork and beef, fresh, cooked"
75;Selchfleisch, Rauchfleisch;3;Fleisch;SIGHI_FoodList_2024-08-29_p6_r27;"169886|Huhn, fleischlos|Chicken, meatless ;; 174268|Fleisch-Extender|Meat extender ;; 172439|Speck, fleischlos|Bacon, meatless ;; 174269|Wurst, fleischlos|Sausage, meatless ;; 172012|Bologna, Rindfleisch|Bologna, beef"
76;Strauss, Strauß, Straußenfleisch;0;Fleisch;SIGHI_FoodList_2024-08-29_p6_r28;"169886|Huhn, fleischlos|Chicken, meatless ;; 174268|Fleisch-Extender|Meat extender ;; 172439|Speck, fleischlos|Bacon, meatless ;; 172844|Strauß, rund, roh|Ostrich, round, raw ;; 174269|Wurst, fleischlos|Sausage, meatless"
77;Trockenfleisch;3;Fleisch;SIGHI_FoodList_2024-08-29_p6_r29;"171589|Soße, Instant-Rindfleisch, trocken|Gravy, instant beef, dry ;; 171173|Soße, Schweinefleisch, trocken, Pulver|Gravy, pork, dry, powder ;; 172938|Salami, trocken oder hart, Schweinefleisch|Salami, dry or hard, pork ;; 171614|Suppe, Ramen-Nudeln, Rindfleischgeschmack, trocken|Soup, ramen noodle, beef flavor, dry ;; 174582|Salami, trocken oder hart, Schweinefleisch, Rindfleisch|Salami, dry or hard, pork, beef"
78;Trute, Pute;0;Fleisch;SIGHI_FoodList_2024-08-29_p6_r30;"173571|Fett, Pute|Fat, turkey ;; 172927|Pastrami, Pute|Pastrami, turkey ;; 171505|Pute, gemahlen, roh|Turkey, Ground, raw ;; 171506|Pute, gemahlen, gekocht|Turkey, Ground, cooked ;; 171484|Pute, alle Klassen, Herz, roh|Turkey, all classes, heart, raw"
79;Wachtel;0;Fleisch;SIGHI_FoodList_2024-08-29_p6_r31;"172419|Wachteln, nur Fleisch, roh|Quail, meat only, raw ;; 172191|Ei, Wachtel, ganz, frisch, roh|Egg, quail, whole, fresh, raw ;; 172418|Wachteln, Fleisch und Haut, roh|Quail, meat and skin, raw ;; 172829|Wachtel, Brust, nur Fleisch, roh|Quail, breast, meat only, raw ;; 169902|Wachteln, gekocht, vollständig essbar|Quail, cooked, total edible"
80;Wildbret;1;Fleisch;SIGHI_FoodList_2024-08-29_p6_r32;167622|Hirsch (Wildbret), Sitka, roh (Alaska Native)|Deer (venison), sitka, raw (Alaska Native)
81;Wildfleisch;1;Fleisch;SIGHI_FoodList_2024-08-29_p6_r33;"173845|Wildfleisch, Bär, roh|Game meat, bear, raw ;; 175301|Wildfleisch, Elch, roh|Game meat, elk, raw ;; 174344|Wildfleisch, Elch, roh|Game meat, moose, raw ;; 175294|Wildfleisch, Biber, roh|Game meat, beaver, raw ;; 175303|Wildfleisch, Ziege, roh|Game meat, goat, raw"
82;Wurstwaren;2;Fleisch;SIGHI_FoodList_2024-08-29_p6_r34;"173873|Wurstwaren, Huhn, Schweinefleisch|Bologna, chicken, pork ;; 172013|Wurstwaren, Rind- und Schweinefleisch|Bologna, beef and pork ;; 174610|Wurstwaren, Schweinefleisch, Putenfleisch und Rindfleisch|Bologna, pork, turkey and beef"
83;Zunge, Rindszunge, Kalbszunge;0;Fleisch;SIGHI_FoodList_2024-08-29_p6_r35;"168985|Karibu, Zunge, roh (Alaska Ureinwohner)|Caribou, tongue, raw (Alaska Native) ;; 174196|Fisch, Plattfisch (Flunder- und Seezungenarten), roh|Fish, flatfish (flounder and sole species), raw ;; 172621|Lamm, Neuseeland, importiert, Zunge - Schweizer Schnitt, roh|Lamb, New Zealand, imported, tongue - swiss cut, raw ;; 174366|Lamm, verschiedene Fleischsorten und Nebenerzeugnisse, Zunge, roh|Lamb, variety meats and by-products, tongue, raw ;; 170196|Rindfleisch, verschiedene Fleischsorten und Nebenerzeugnisse, Zunge, roh|Beef, variety meats and by-products, tongue, raw"
84;Anchovis, Sardellen-Konserven;3;Fisch;SIGHI_FoodList_2024-08-29_p6_r39;"168559|Piment, Konserven|Pimento, canned ;; 170387|Pestwurz, Konserven|Butterbur, canned ;; 167785|Mango-Nektar, Konserven|Mango nectar, canned ;; 2685582|Tomate, Püree, Konserven|Tomato, puree, canned ;; 169641|Konfitüren und Konserven|Jams and preserves"
85;"Fisch, ""Frischfisch"" vom Kühlregal / auf Eis";3;Fisch;SIGHI_FoodList_2024-08-29_p6_r40;"170316|SUBWAY, Thunfischsandwich auf Weißbrot mit Salat und Tomate|SUBWAY, tuna sub on white bread with lettuce and tomato ;; 170299|Fast Food, Submarine-Sandwich, Thunfisch auf Weißbrot mit Salat und Tomate|Fast foods, submarine sandwich, tuna on white bread with lettuce and tomato ;; 171949|Fisch, Blaufisch, roh|Fish, bluefish, raw ;; 175150|Fisch, Sauger, weiß, roh|Fish, sucker, white, raw ;; 169069|Brotaufstrich, fleischlos|Sandwich spread, meatless"
86;Fisch, fangfrisch oder tiefgekühlt;0;Fisch;SIGHI_FoodList_2024-08-29_p6_r41;"171606|Fischbrühe|Fish broth ;; 173702|Fisch, Surimi|Fish, surimi ;; 172343|Fischöl, Lachs|Fish oil, salmon ;; 172340|Fischöl, Hering|Fish oil, herring ;; 173578|Fischöl, Sardine|Fish oil, sardine"
87;Forellen (Süsswasser): Seeforelle, Bachforelle,;0;Fisch;SIGHI_FoodList_2024-08-29_p6_r42;"171960|Fisch, Trommel, Süßwasser, roh|Fish, drum, freshwater, raw ;; 174184|Fisch, Barsch, Süßwasser, gemischte Arten, roh|Fish, bass, fresh water, mixed species, raw ;; 171993|Fisch, Trommel, Süßwasser, gekocht, trockene Hitze|Fish, drum, freshwater, cooked, dry heat ;; 171989|Fisch, Barsch, Süßwasser, gemischte Arten, gekocht, trockene Hitze|Fish, bass, freshwater, mixed species, cooked, dry heat"
88;Lachs geräuchert, Räucherlachs;2;Fisch;SIGHI_FoodList_2024-08-29_p6_r44;"173687|Fisch, Lachs, Chinook, geräuchert|Fish, salmon, chinook, smoked ;; 171985|Fisch, Lachs, Chinook, geräuchert, (Lachs), regelmäßig|Fish, salmon, chinook, smoked, (lox), regular ;; 169813|Lachs, rot (Sockeye), Filets mit Haut, geräuchert (Alaska Native)|Salmon, red (sockeye), filets with skin, smoked (Alaska Native) ;; 167645|Fisch, Lachs, rot, (Sockeye), in Dosen, geräuchert (Alaska Native)|Fish, salmon, red, (sockeye), canned, smoked (Alaska Native) ;; 167615|Fisch, Lachs, König, Chinook, geräuchert, in Salzlake (Alaska Native)|Fish, salmon, king, chinook, smoked, brined (Alaska Native)"
89;Räucherlachs, Lachs geräuchert;2;Fisch;SIGHI_FoodList_2024-08-29_p6_r45;"173687|Fisch, Lachs, Chinook, geräuchert|Fish, salmon, chinook, smoked ;; 171985|Fisch, Lachs, Chinook, geräuchert, (Lachs), regelmäßig|Fish, salmon, chinook, smoked, (lox), regular ;; 169813|Lachs, rot (Sockeye), Filets mit Haut, geräuchert (Alaska Native)|Salmon, red (sockeye), filets with skin, smoked (Alaska Native) ;; 167645|Fisch, Lachs, rot, (Sockeye), in Dosen, geräuchert (Alaska Native)|Fish, salmon, red, (sockeye), canned, smoked (Alaska Native) ;; 167615|Fisch, Lachs, König, Chinook, geräuchert, in Salzlake (Alaska Native)|Fish, salmon, king, chinook, smoked, brined (Alaska Native)"
90;Sardellen-Konserven, Sardellenpaste, Anchovis;3;Fisch;SIGHI_FoodList_2024-08-29_p6_r46;"168559|Piment, Konserven|Pimento, canned ;; 170387|Pestwurz, Konserven|Butterbur, canned ;; 167785|Mango-Nektar, Konserven|Mango nectar, canned ;; 2685582|Tomate, Püree, Konserven|Tomato, puree, canned ;; 169641|Konfitüren und Konserven|Jams and preserves"
91;Thunfisch;3;Fisch;SIGHI_FoodList_2024-08-29_p6_r47;"175160|Fisch, Thunfischsalat|Fish, tuna salad ;; 173706|Fisch, Thunfisch, frisch, Roter Thun, roh|Fish, tuna, fresh, bluefin, raw ;; 175159|Fisch, Thunfisch, frisch, Gelbflosse, roh|Fish, tuna, fresh, yellowfin, raw ;; 175156|Fisch, Thunfisch, frisch, Echter Bonito, roh|Fish, tuna, fresh, skipjack, raw ;; 2747673|Thunfisch, Ahi oder Gelbflossenthun, gefroren, aus Wildfang|Tuna, ahi or yellowfin, frozen, wild caught"
92;Austern;2;Meeresfrüchte;SIGHI_FoodList_2024-08-29_p6_r49;"2003599|Pilz, Austernseitling|Mushroom, king oyster ;; 168580|Champignons, Austern, roh|Mushrooms, oyster, raw ;; 174529|Sauce, Austern, servierfertig|Sauce, oyster, ready-to-serve ;; 174219|Weichtiere, Austern, Pazifik, roh|Mollusks, oyster, Pacific, raw ;; 171981|Weichtiere, Austern, östlich, in Dosen|Mollusks, oyster, eastern, canned"
93;Crevetten;2;Meeresfrüchte;SIGHI_FoodList_2024-08-29_p6_r50;
94;Garnelen;2;Meeresfrüchte;SIGHI_FoodList_2024-08-29_p6_r51;"2440198|(GEMAHLENE GARNELEN)|(GROUND SHRIMP) ;; 175179|Krustentiere, Garnelen, roh|Crustaceans, shrimp, raw ;; 175180|Krustentiere, Garnelen, gekocht|Crustaceans, shrimp, cooked ;; 169008|APPLEBEE'S, Doppel-Crunch-Garnelen|APPLEBEE'S, Double Crunch Shrimp ;; 168077|DENNY'S, goldene gebratene Garnelen|DENNY'S, golden fried shrimp"
95;Hummer;2;Meeresfrüchte;SIGHI_FoodList_2024-08-29_p6_r52;"174208|Krustentiere, Hummer, nördlich, roh|Crustaceans, lobster, northern, raw ;; 2747657|Hummer, nur Schwanz, gefroren, aus Wildfang|Lobster, tail only, frozen, wild caught ;; 174209|Krustentiere, Hummer, nördlich, gekocht, feuchte Hitze|Crustaceans, lobster, northern, cooked, moist heat"
96;Krabben;2;Meeresfrüchte;SIGHI_FoodList_2024-08-29_p6_r53;"171721|Krabbenäpfel, roh|Crabapples, raw ;; 173160|Snacks, Krabbencracker|Snacks, shrimp cracker ;; 2565558|""KRABBENCHIPS"" KARTOFFELCHIPS|""CRAB CHIP"" POTATO CHIPS ;; 174204|Krustentiere, Krabben, blau, roh|Crustaceans, crab, blue, raw ;; 171966|Krebstiere, Krabben, blau, in Dosen|Crustaceans, crab, blue, canned"
97;Krebse;2;Meeresfrüchte;SIGHI_FoodList_2024-08-29_p6_r54;"174206|Krebstiere, Flusskrebse, gemischte Arten, wild, roh|Crustaceans, crayfish, mixed species, wild, raw ;; 175169|Krebstiere, Flusskrebse, gemischte Arten, gezüchtet, roh|Crustaceans, crayfish, mixed species, farmed, raw ;; 174207|Krebstiere, Flusskrebse, gemischte Arten, wild, gekocht, feuchte Hitze|Crustaceans, crayfish, mixed species, wild, cooked, moist heat ;; 175170|Krebstiere, Flusskrebse, gemischte Arten, gezüchtet, gekocht, feuchte Hitze|Crustaceans, crayfish, mixed species, farmed, cooked, moist heat"
98;Krevetten;2;Meeresfrüchte;SIGHI_FoodList_2024-08-29_p7_r13;
99;Krustentiere und Schalentiere;2;Meeresfrüchte;SIGHI_FoodList_2024-08-29_p7_r14;"175179|Krustentiere, Garnelen, roh|Crustaceans, shrimp, raw ;; 175180|Krustentiere, Garnelen, gekocht|Crustaceans, shrimp, cooked ;; 174204|Krustentiere, Krabben, blau, roh|Crustaceans, crab, blue, raw ;; 171969|Krustentiere, Krabbe, Königin, roh|Crustaceans, crab, queen, raw ;; 174208|Krustentiere, Hummer, nördlich, roh|Crustaceans, lobster, northern, raw"
100;Langusten;2;Meeresfrüchte;SIGHI_FoodList_2024-08-29_p7_r16;
101;Meeresfrüchte (=wirbellose Meerestiere);2;Meeresfrüchte;SIGHI_FoodList_2024-08-29_p7_r17;"2375742|MEERESFRÜCHTEGEWÜRZ ""CAPE COD STYLE"", ""CAPE COD STYLE""|""CAPE COD STYLE"" SEAFOOD SEASONING, ""CAPE COD STYLE"" ;; 167781|Kandierte Früchte|Candied fruit ;; 170402|Chayote, Früchte, roh|Chayote, fruit, raw ;; 327046|Kiwifrüchte, grün, roh|Kiwifruit, green, raw ;; 168153|Kiwifrüchte, grün, roh|Kiwifruit, green, raw"
102;Muscheln (Miesmuschel, Austern, Venusmuschel,;2;Meeresfrüchte;SIGHI_FoodList_2024-08-29_p7_r18;"174216|Mollusken, Miesmuscheln, roh|Mollusks, mussel, blue, raw ;; 174217|Muscheln, Miesmuscheln, gekocht, feuchte Hitze|Mollusks, mussel, blue, cooked, moist heat ;; 174250|Muscheln, Austern, Pazifik, gekocht, feuchte Hitze|Mollusks, oyster, Pacific, cooked, moist heat ;; 175171|Muscheln, Austern, östlich, wild, gekocht, trockene Hitze|Mollusks, oyster, eastern, wild, cooked, dry heat ;; 171979|Muscheln, Austern, östliche, gekocht, paniert und gebraten|Mollusks, oyster, eastern, cooked, breaded and fried"
103;Schmalz: Schweineschmalz;0;Meeresfrüchte;SIGHI_FoodList_2024-08-29_p7_r21;"171401|Schmalz|Lard ;; 171314|Butter, Butterschmalz (Ghee)|Butter, Clarified butter (ghee) ;; 167635|Frybread, mit Schmalz gemacht (Navajo)|Frybread, made with lard (Navajo) ;; 167655|Bratbrot, mit Schmalz hergestellt (Apache)|Frybread, made with lard (Apache) ;; 172327|Shortening, Haushalt, Schmalz und Pflanzenöl|Shortening, household, lard and vegetable oil"
104;Amarant;0;Pflanzlich;SIGHI_FoodList_2024-08-29_p7_r24;"2512371|Mehl, Amaranth|Flour, amaranth ;; 168385|Amaranthblätter, roh|Amaranth leaves, raw ;; 170683|Amaranth-Körner, gekocht|Amaranth grain, cooked ;; 170682|Amaranth-Körner, ungekocht|Amaranth grain, uncooked ;; 168492|Amaranthblätter, gekocht, gekocht, abgetropft, mit Salz|Amaranth leaves, cooked, boiled, drained, with salt"
105;Backwaren;1;Pflanzlich;SIGHI_FoodList_2024-08-29_p7_r29;"167936|Keikitos (Muffins), Latino-Backwaren|Keikitos (muffins), Latino bakery item ;; 169047|Babynahrung, Backwaren, Fingersnacks Getreide angereichert|Babyfood, baked product, finger snacks cereal fortified"
106;Brot;1;Pflanzlich;SIGHI_FoodList_2024-08-29_p7_r31;"172673|Brot, Ei|Bread, egg ;; 167944|Brot, Käse|Bread, cheese ;; 171849|Brot, Zimt|Bread, cinnamon ;; 171606|Fischbrühe|Fish broth ;; 172684|Brot, Roggen|Bread, rye"
107;Buchweizen: Echter Buchweizen, Gemeiner;2;Pflanzlich;SIGHI_FoodList_2024-08-29_p7_r34;"170286|Buchweizen|Buckwheat ;; 2512374|Mehl, Buchweizen|Flour, buckwheat ;; 2512378|Buchweizen, Vollkorn|Buckwheat, whole grain ;; 170687|Buchweizenmehl, Vollkorn|Buckwheat flour, whole-groat ;; 2607109|ECHTER FASSGEREIFTER FETA-KÄSE|AUTHENTIC BARREL RIPENED FETA CHEESE"
108;Bulgur, Boulghour, Bulghur;1;Pflanzlich;SIGHI_FoodList_2024-08-29_p7_r36;"170287|Bulgur, gekocht|Bulgur, cooked ;; 170688|Bulgur, trocken|Bulgur, dry ;; 2710820|Bulgur, trocken, roh|Bulgur, dry, raw"
109;Cornflakes (ohne unverträgliche Zutaten wie Malz;0;Pflanzlich;SIGHI_FoodList_2024-08-29_p7_r37;"171401|Schmalz|Lard ;; 171372|Zwieback|Zwieback ;; 169660|Sirupe, Malz|Syrups, malt ;; 170000|Zwiebeln, roh|Onions, raw ;; 169740|Gerstenmalzmehl|Barley malt flour"
110;Dinkel;0;Pflanzlich;SIGHI_FoodList_2024-08-29_p7_r39;"169746|Dinkel, gekocht|Spelt, cooked ;; 169990|Dinkelsalat, roh|Celtuce, raw ;; 169745|Dinkel, ungekocht|Spelt, uncooked ;; 2003587|Mehl, Dinkel, Vollkorn|Flour, spelt, whole grain"
111;Edelkastanien, frisch oder tiefgekühlt;0;Pflanzlich;SIGHI_FoodList_2024-08-29_p7_r41;"173475|Minze, frisch|Spearmint, fresh ;; 173470|Thymian, frisch|Thyme, fresh ;; 173473|Rosmarin, frisch|Rosemary, fresh ;; 172232|Basilikum, frisch|Basil, fresh ;; 172233|Dillkraut, frisch|Dill weed, fresh"
112;Einkorn, Blicken, Kleiner Spelz;0;Pflanzlich;SIGHI_FoodList_2024-08-29_p7_r42;"2710827|Einkorn, Getreide, trocken, roh|Einkorn, grain, dry, raw ;; 170607|Rindfleisch, zerkleinert, gepökelt, geräuchert|Beef, chopped, cured, smoked ;; 2346384|Hüttenkäse, Vollfett, großer oder kleiner Quark|Cottage cheese, full fat, large or small curd ;; 168036|Weide, junge Blätter, zerkleinert (Alaska Native)|Willow, young leaves, chopped (Alaska Native) ;; 168547|Paprika, süß, rot, gefroren, gehackt, unzerkleinert|Peppers, sweet, red, frozen, chopped, unprepared"
113;Emmer, Zweikorn;0;Pflanzlich;SIGHI_FoodList_2024-08-29_p7_r43;"168534|Lämmerviertel, gekocht, abgetropft, mit Salz|Lambsquarters, cooked, boiled, drained, with salt ;; 169245|Lämmerviertel, gekocht, abgetropft, ohne Salz|Lambsquarters, cooked, boiled, drained, without salt ;; 168995|Lämmerviertel, roh (Indianer der nördlichen Prärie)|Lambsquarters, raw (Northern Plains Indians)"
114;Erdäpfel, frisch geerntet, mit Schale;0;Pflanzlich;SIGHI_FoodList_2024-08-29_p7_r44;"169335|Kohl, gemein (dänische, heimische und Spitzkohlarten), frisch geerntet, roh|Cabbage, common (danish, domestic, and pointed types), freshly harvest, raw ;; 173475|Minze, frisch|Spearmint, fresh ;; 173470|Thymian, frisch|Thyme, fresh ;; 173473|Rosmarin, frisch|Rosemary, fresh ;; 172232|Basilikum, frisch|Basil, fresh"
115;Erdäpfel, gelagert, geschält;0;Pflanzlich;SIGHI_FoodList_2024-08-29_p7_r45;"170283|Gerste, geschält|Barley, hulled ;; 169225|Gurke, geschält, roh|Cucumber, peeled, raw ;; 170148|Samen, Hanfsamen, geschält|Seeds, hemp seed, hulled ;; 2710824|Avocado, Hass, geschält, roh|Avocado, Hass, peeled, raw ;; 2710834|Mango, Ataulfo, geschält, roh|Mango, Ataulfo, peeled, raw"
116;Erdäpfel, gelagert, mit Schale;0;Pflanzlich;SIGHI_FoodList_2024-08-29_p7_r46;"169103|Orangenschalen, roh|Orange peel, raw ;; 167749|Zitronenschalen, roh|Lemon peel, raw ;; 167525|Tostada-Schalen, Mais|Tostada shells, corn ;; 171688|Apfel, roh, mit Schale|Apple, raw, with skin ;; 2346406|Gurke, mit Schale, roh|Cucumber, with peel, raw"
117;Esskastanien, frisch oder tiefgekühlt;0;Pflanzlich;SIGHI_FoodList_2024-08-29_p7_r48;"173475|Minze, frisch|Spearmint, fresh ;; 173470|Thymian, frisch|Thyme, fresh ;; 173473|Rosmarin, frisch|Rosemary, fresh ;; 172232|Basilikum, frisch|Basil, fresh ;; 172233|Dillkraut, frisch|Dill weed, fresh"
118;Gerste;1;Pflanzlich;SIGHI_FoodList_2024-08-29_p7_r49;"2512376|Mehl, Gerste|Flour, barley ;; 169740|Gerstenmalzmehl|Barley malt flour ;; 170283|Gerste, geschält|Barley, hulled ;; 170284|Gerste, perlförmig, roh|Barley, pearled, raw ;; 169739|Gerstenmehl oder -schrot|Barley flour or meal"
119;Gerstenmalz, Malz, Malzextrakt;2;Pflanzlich;SIGHI_FoodList_2024-08-29_p7_r50;"169740|Gerstenmalzmehl|Barley malt flour ;; 171401|Schmalz|Lard ;; 169660|Sirupe, Malz|Syrups, malt ;; 171907|Getränke, Malzlikörgetränk|Beverages, Malt liquor beverage ;; 171314|Butter, Butterschmalz (Ghee)|Butter, Clarified butter (ghee)"
120;Grünkern, Grünkorn;0;Pflanzlich;SIGHI_FoodList_2024-08-29_p7_r51;"2346413|Weintrauben, grün, kernlos, roh|Grapes, green, seedless, raw ;; 174683|Weintrauben, rot oder grün (europäischer Typ, z. B. Thompson kernlos), roh|Grapes, red or green (European type, such as Thompson seedless), raw ;; 323505|Grünkohl, roh|Kale, raw ;; 168421|Grünkohl, roh|Kale, raw ;; 2346407|Kohl, grün, roh|Cabbage, green, raw"
121;Hafer, Haferflocken, Hafermehl;0;Pflanzlich;SIGHI_FoodList_2024-08-29_p7_r52;"172678|Brot, Haferflocken|Bread, oatmeal ;; 2261421|Mehl, Hafer, Vollkorn|Flour, oat, whole grain ;; 172679|Brot, Haferflocken, getoastet|Bread, oatmeal, toasted ;; 169741|Hafermehl, teilweise entbastet|Oat flour, partially debranned ;; 174963|Kekse, Haferflocken, mit Rosinen|Cookies, oatmeal, with raisins"
122;Hanfproteinpulver;0;Pflanzlich;SIGHI_FoodList_2024-08-29_p7_r53;"167806|Baobab-Pulver|Baobab powder ;; 170461|Tomatenpulver|Tomato powder ;; 173429|Ei-Ersatz, Pulver|Egg substitute, powder ;; 171319|Gewürze, Chilipulver|Spices, chili powder ;; 170924|Gewürze, Currypulver|Spices, curry powder"
123;Hanfsamen (Cannabis sativa);0;Pflanzlich;SIGHI_FoodList_2024-08-29_p7_r55;"170148|Samen, Hanfsamen, geschält|Seeds, hemp seed, hulled ;; 171423|Öl, Mohnsamen|Oil, poppyseed ;; 1859920|NÜSSE & KERNSAMEN|NUTS & SEEDS ;; 169414|Saatgut, Leinsamen|Seeds, flaxseed ;; 171316|Gewürze, Anissamen|Spices, anise seed"
124;Hirse;0;Pflanzlich;SIGHI_FoodList_2024-08-29_p7_r57;"172023|Hirsemehl|Millet flour ;; 169702|Hirse, roh|Millet, raw ;; 168871|Hirse, gekocht|Millet, cooked ;; 167724|Hirse, gepufft|Millet, puffed ;; 2512379|Hirse, Vollkorn|Millet, whole grain"
125;KAMUT®, Khorasan-Weizen;0;Pflanzlich;SIGHI_FoodList_2024-08-29_p8_r13;"169744|Weizen, Khorasan, gekocht|Wheat, khorasan, cooked ;; 169743|Weizen, Khorasan, ungekocht|Wheat, khorasan, uncooked ;; 170286|Buchweizen|Buckwheat ;; 172686|Brot, Weizen|Bread, wheat ;; 167533|Bagels, Weizen|Bagels, wheat"
126;Kartoffel, frisch geerntet, mit Schale;0;Pflanzlich;SIGHI_FoodList_2024-08-29_p8_r15;"170032|Kartoffeln, roh, Schale|Potatoes, raw, skin ;; 2346402|Kartoffeln, rot, ohne Schale, roh|Potatoes, red, without skin, raw ;; 2346401|Kartoffeln, rotbraun, ohne Schale, roh|Potatoes, russet, without skin, raw ;; 2346403|Kartoffeln, goldfarben, ohne Schale, roh|Potatoes, gold, without skin, raw ;; 170026|Kartoffeln, Fruchtfleisch und Schale, roh|Potatoes, flesh and skin, raw"
127;Kartoffel, gelagert, geschält;0;Pflanzlich;SIGHI_FoodList_2024-08-29_p8_r16;"168446|Kartoffelmehl|Potato flour ;; 2261422|Mehl, Kartoffel|Flour, potato ;; 167943|Brot, Kartoffel|Bread, potato ;; 170283|Gerste, geschält|Barley, hulled ;; 169225|Gurke, geschält, roh|Cucumber, peeled, raw"
128;Kartoffel, gelagert, mit Schale;0;Pflanzlich;SIGHI_FoodList_2024-08-29_p8_r17;"170032|Kartoffeln, roh, Schale|Potatoes, raw, skin ;; 2346402|Kartoffeln, rot, ohne Schale, roh|Potatoes, red, without skin, raw ;; 2346401|Kartoffeln, rotbraun, ohne Schale, roh|Potatoes, russet, without skin, raw ;; 2346403|Kartoffeln, goldfarben, ohne Schale, roh|Potatoes, gold, without skin, raw ;; 170026|Kartoffeln, Fruchtfleisch und Schale, roh|Potatoes, flesh and skin, raw"
129;Khorasan-Weizen, KAMUT®;0;Pflanzlich;SIGHI_FoodList_2024-08-29_p8_r19;"169744|Weizen, Khorasan, gekocht|Wheat, khorasan, cooked ;; 169743|Weizen, Khorasan, ungekocht|Wheat, khorasan, uncooked ;; 170286|Buchweizen|Buckwheat ;; 172686|Brot, Weizen|Bread, wheat ;; 167533|Bagels, Weizen|Bagels, wheat"
130;Kukuruz, getrocknet: Maisgriess, Maisgrieß,;0;Pflanzlich;SIGHI_FoodList_2024-08-29_p8_r21;"168418|Pepeao, getrocknet|Pepeao, dried ;; 169907|Longans, getrocknet|Longans, dried ;; 323793|Ei, weiß, getrocknet|Egg, white, dried ;; 329490|Ei, ganz, getrocknet|Egg, whole, dried ;; 172204|Ei, weiß, getrocknet|Egg, white, dried"
131;Kukuruz: Mais aus der Dose, Dosenmais;0;Pflanzlich;SIGHI_FoodList_2024-08-29_p8_r23;"169362|Mais, süß, weiß, in Dosen, cremefarben, normale Packung|Corn, sweet, white, canned, cream style, regular pack ;; 169346|Mais, süß, gelb, in Dosen, cremefarben, ohne Salzzusatz|Corn, sweet, yellow, canned, cream style, no salt added ;; 169215|Mais, süß, gelb, in Dosen, cremefarben, normale Packung|Corn, sweet, yellow, canned, cream style, regular pack ;; 168543|Mais, süß, weiß, in Dosen, vakuumverpackt, ohne Salzzusatz|Corn, sweet, white, canned, vacuum pack, no salt added ;; 168542|Mais, süß, weiß, in Dosen, vakuumverpackt, normal verpackt|Corn, sweet, white, canned, vacuum pack, regular pack"
132;Kukuruz: Maiskörner, Maiskolben frisch/pasteurisiert;0;Pflanzlich;SIGHI_FoodList_2024-08-29_p8_r25;"173475|Minze, frisch|Spearmint, fresh ;; 173470|Thymian, frisch|Thyme, fresh ;; 168920|Maiskörner, weiß|Corn grain, white ;; 170288|Maiskörner, gelb|Corn grain, yellow ;; 173473|Rosmarin, frisch|Rosemary, fresh"
133;Mais aus der Dose, Dosenmais;0;Pflanzlich;SIGHI_FoodList_2024-08-29_p8_r26;"169362|Mais, süß, weiß, in Dosen, cremefarben, normale Packung|Corn, sweet, white, canned, cream style, regular pack ;; 169346|Mais, süß, gelb, in Dosen, cremefarben, ohne Salzzusatz|Corn, sweet, yellow, canned, cream style, no salt added ;; 169215|Mais, süß, gelb, in Dosen, cremefarben, normale Packung|Corn, sweet, yellow, canned, cream style, regular pack ;; 168543|Mais, süß, weiß, in Dosen, vakuumverpackt, ohne Salzzusatz|Corn, sweet, white, canned, vacuum pack, no salt added ;; 168542|Mais, süß, weiß, in Dosen, vakuumverpackt, normal verpackt|Corn, sweet, white, canned, vacuum pack, regular pack"
134;Mais, getrocknet: Maisgriess, Maisgrieß, Maismehl,;0;Pflanzlich;SIGHI_FoodList_2024-08-29_p8_r28;"167628|Maismehl, blau (Navajo)|Cornmeal, blue (Navajo) ;; 168038|Maismehl, weiß (Navajo)|Cornmeal, white (Navajo) ;; 168039|Maismehl, gelb (Navajo)|Cornmeal, yellow (Navajo) ;; 169748|Maismehl, Vollkorn, weiß|Corn flour, whole-grain, white ;; 170290|Maismehl, Vollkorn, gelb|Corn flour, whole-grain, yellow"
135;Mais: Maiskörner, Maiskolben frisch/pasteurisiert;0;Pflanzlich;SIGHI_FoodList_2024-08-29_p8_r30;"168920|Maiskörner, weiß|Corn grain, white ;; 170288|Maiskörner, gelb|Corn grain, yellow ;; 2710826|Mais, süß, gelbe und weiße Körner, frisch, roh|Corn, sweet, yellow and white kernels,  fresh, raw ;; 173475|Minze, frisch|Spearmint, fresh ;; 170289|Maiskleie, roh|Corn bran, crude"
136;Maltodextrin;0;Pflanzlich;SIGHI_FoodList_2024-08-29_p8_r31;
137;Malz, Malzextrakt, Gerstenmalz;2;Pflanzlich;SIGHI_FoodList_2024-08-29_p8_r32;"169740|Gerstenmalzmehl|Barley malt flour ;; 171401|Schmalz|Lard ;; 169660|Sirupe, Malz|Syrups, malt ;; 171907|Getränke, Malzlikörgetränk|Beverages, Malt liquor beverage ;; 171314|Butter, Butterschmalz (Ghee)|Butter, Clarified butter (ghee)"
138;Maniok-Wurzelknollen;?;Pflanzlich;SIGHI_FoodList_2024-08-29_p8_r33;"169985|Maniok, roh|Cassava, raw ;; 2512377|Mehl, Maniok|Flour, cassava ;; 173152|Snacks, Yucca-Chips (Maniok), gesalzen|Snacks, yucca (cassava) chips, salted"
139;Maroni, Marroni, Maronen, frisch oder tiefgekühlt;0;Pflanzlich;SIGHI_FoodList_2024-08-29_p8_r35;"173475|Minze, frisch|Spearmint, fresh ;; 173470|Thymian, frisch|Thyme, fresh ;; 173473|Rosmarin, frisch|Rosemary, fresh ;; 172232|Basilikum, frisch|Basil, fresh ;; 172233|Dillkraut, frisch|Dill weed, fresh"
140;Perlsago, Sagostärke;0;Pflanzlich;SIGHI_FoodList_2024-08-29_p8_r36;
141;Quinoa;0;Pflanzlich;SIGHI_FoodList_2024-08-29_p8_r37;"2512372|Mehl, Quinoa|Flour, quinoa ;; 168917|Quinoa, gekocht|Quinoa, cooked ;; 168874|Quinoa, ungekocht|Quinoa, uncooked ;; 172027|Nudeln, glutenfrei, Maismehl und Quinoamehl, gekocht, ANCIENT HARVEST|Pasta, gluten-free, corn flour and quinoa flour, cooked, ANCIENT HARVEST"
142;Reis;0;Pflanzlich;SIGHI_FoodList_2024-08-29_p8_r38;"173161|Reiscracker|Rice crackers ;; 171013|Öl, Reiskleie|Oil, rice bran ;; 169726|Wildreis, roh|Wild rice, raw ;; 169713|Reiskleie, roh|Rice bran, crude ;; 174923|Brot, Reiskleie|Bread, rice bran"
143;Reisnudeln;0;Pflanzlich;SIGHI_FoodList_2024-08-29_p8_r39;"168914|Reisnudeln, gekocht|Rice noodles, cooked ;; 169742|Reisnudeln, trocken|Rice noodles, dry"
144;Reiswaffeln, Reis-Mais-Waffeln;0;Pflanzlich;SIGHI_FoodList_2024-08-29_p8_r41;"169679|Snacks, Reiswaffeln, brauner Reis, Mais|Snacks, rice cakes, brown rice, corn ;; 168855|Snacks, Reiswaffeln, brauner Reis, Roggen|Snacks, rice cakes, brown rice, rye ;; 170250|Snacks, Reiswaffeln, Naturreis, ungesalzen|Snacks, rice cakes, brown rice, plain, unsalted ;; 169680|Snacks, Reiswaffeln, brauner Reis, Mehrkorn|Snacks, rice cakes, brown rice, multigrain ;; 167557|Snacks, Reiswaffeln, brauner Reis, Sesamsamen|Snacks, rice cakes, brown rice, sesame seed"
145;Rice Crispies;0;Pflanzlich;SIGHI_FoodList_2024-08-29_p8_r42;"173161|Reiscracker|Rice crackers ;; 171013|Öl, Reiskleie|Oil, rice bran ;; 169726|Wildreis, roh|Wild rice, raw ;; 169713|Reiskleie, roh|Rice bran, crude ;; 174923|Brot, Reiskleie|Bread, rice bran"
146;Roggen;1;Pflanzlich;SIGHI_FoodList_2024-08-29_p8_r43;"168884|Roggenkorn|Rye grain ;; 2512375|Mehl, Roggen|Flour, rye ;; 172684|Brot, Roggen|Bread, rye ;; 168887|Roggenmehl, hell|Rye flour, light ;; 168885|Roggenmehl, dunkel|Rye flour, dark"
147;Sago, Sagostärke;0;Pflanzlich;SIGHI_FoodList_2024-08-29_p8_r44;
148;Sonnenblumenkerne;2;Pflanzlich;SIGHI_FoodList_2024-08-29_p8_r45;"2515381|Samen, Sonnenblumenkerne, Kerne, roh|Seeds, sunflower seed, kernel, raw ;; 170562|Samen, Sonnenblumenkerne, getrocknet|Seeds, sunflower seed kernels, dried ;; 170155|Kerne, Sonnenblumenkernbutter, ohne Salz|Seeds, sunflower seed butter, without salt ;; 170154|Kerne, Sonnenblumenkerne, geröstet, ohne Salz|Seeds, sunflower seed kernels, toasted, without salt ;; 170156|Kerne, Sonnenblumenkernmehl, teilweise entfettet|Seeds, sunflower seed flour, partially defatted"
149;Süsskartoffel, Süßkartoffel;0;Pflanzlich;SIGHI_FoodList_2024-08-29_p8_r46;"169303|Süßkartoffelblätter, roh|Sweet potato leaves, raw ;; 169305|Süßkartoffel, in Dosen, püriert|Sweet potato, canned, mashed ;; 169042|Babynahrung, Saft, Apfel-Süßkartoffel|Babyfood, juice, apple-sweet potato ;; 174783|Snacks, Süßkartoffelchips, ungesalzen|Snacks, sweet potato chips, unsalted ;; 168485|Süßkartoffel, in Dosen, vakuumverpackt|Sweet potato, canned, vacuum pack"
150;Tapioka, Tapiokastärke;0;Pflanzlich;SIGHI_FoodList_2024-08-29_p8_r47;"174101|Brot, glutenfrei, weiß, mit Tapiokastärke und braunem Reismehl hergestellt|Bread, gluten-free, white, made with tapioca starch and brown rice flour ;; 174102|Brot, glutenfrei, Vollkorn, hergestellt mit Tapiokastärke und braunem Reismehl|Bread, gluten-free, whole grain, made with tapioca starch and brown rice flour ;; 171863|Brötchen, glutenfrei, weiß, aus braunem Reismehl, Tapiokastärke und Sorghummehl|Rolls, gluten-free, white, made with brown rice flour, tapioca starch, and sorghum flour ;; 171864|Brötchen, glutenfrei, Vollkorn, mit Tapiokastärke und braunem Reismehl hergestellt|Rolls, gluten-free, whole grain, made with tapioca starch and brown rice flour ;; 171861|Brötchen, glutenfrei, weiß, hergestellt aus braunem Reismehl, Tapiokastärke und Kartoffelstärke|Rolls, gluten-free, white, made with brown rice flour, tapioca starch, and potato starch"
151;Weizen;1;Pflanzlich;SIGHI_FoodList_2024-08-29_p8_r48;"170286|Buchweizen|Buckwheat ;; 172686|Brot, Weizen|Bread, wheat ;; 167533|Bagels, Weizen|Bagels, wheat ;; 171014|Öl, Weizenkeime|Oil, wheat germ ;; 169725|Weizen, gekeimt|Wheat, sprouted"
152;Weizenkeime;2;Pflanzlich;SIGHI_FoodList_2024-08-29_p8_r50;"171014|Öl, Weizenkeime|Oil, wheat germ ;; 168892|Weizenkeime, roh|Wheat germ, crude ;; 173896|Verzehrfertiges Müsli, Weizenkeime, geröstet, natur|Cereals ready-to-eat, wheat germ, toasted, plain ;; 172988|Verzehrfertiges Getreide, SUN COUNTRY, KRETSCHMER Weizenkeime, Regular|Cereals ready-to-eat, SUN COUNTRY, KRETSCHMER Wheat Germ, Regular ;; 171653|Verzehrfertige Cerealien, SUN COUNTRY, KRETSCHMER Honey Crunch Weizenkeime|Cereals ready-to-eat, SUN COUNTRY, KRETSCHMER Honey Crunch Wheat Germ"
153;Wildreis, Wasserreis (Zizania);0;Pflanzlich;SIGHI_FoodList_2024-08-29_p8_r51;"169726|Wildreis, roh|Wild rice, raw ;; 168897|Wildreis, gekocht|Wild rice, cooked ;; 2710821|Wildreis, trocken, roh|Wild rice, dry, raw"
154;Baumnuss;3;Nüsse;SIGHI_FoodList_2024-08-29_p8_r53;"170552|Samen, Brotnussbaumsamen, roh|Seeds, breadnut tree seeds, raw ;; 170553|Samen, Brotnussbaumsamen, getrocknet|Seeds, breadnut tree seeds, dried ;; 171030|Öl, Walnuss|Oil, walnut ;; 171429|Öl, Sheanuss|Oil, sheanut ;; 330458|Öl, Kokosnuss|Oil, coconut"
155;Cashew-Kerne, Cashewnüsse, Cashewnuss;1;Nüsse;SIGHI_FoodList_2024-08-29_p9_r13;"2515374|Nüsse, Cashewnüsse, roh|Nuts, cashew nuts, raw ;; 2346392|Nüsse, Pinienkerne, roh|Nuts, pine nuts, raw ;; 170162|Nüsse, Cashewnüsse, roh|Nuts, cashew nuts, raw ;; 170169|Nüsse, Kokosnussfleisch, roh|Nuts, coconut meat, raw ;; 170591|Nüsse, Pinienkerne, getrocknet|Nuts, pine nuts, dried"
156;Erdmandel, geröstet;2;Nüsse;SIGHI_FoodList_2024-08-29_p9_r14;"175044|Brot, Reiskleie, geröstet|Bread, rice bran, toasted ;; 174274|Sojamehl, vollfett, geröstet|Soy flour, full-fat, roasted ;; 169821|Pinienkerne, geröstet (Navajo)|Pinon Nuts, roasted (Navajo) ;; 170595|Kerne, Brotfruchtkerne, geröstet|Seeds, breadfruit seeds, roasted ;; 170686|Buchweizengrütze, geröstet, gekocht|Buckwheat groats, roasted, cooked"
157;Erdmandel, Tigernuss (Cyperus esculentus);0;Nüsse;SIGHI_FoodList_2024-08-29_p9_r16;"171030|Öl, Walnuss|Oil, walnut ;; 171429|Öl, Sheanuss|Oil, sheanut ;; 330458|Öl, Kokosnuss|Oil, coconut ;; 171412|Öl, Kokosnuss|Oil, coconut ;; 171427|Öl, Haselnuss|Oil, hazelnut"
158;Erdnüsse, Erdnuss;2;Nüsse;SIGHI_FoodList_2024-08-29_p9_r18;"171575|Sauce, Erdnuss, hergestellt aus Kokosnuss, Wasser, Zucker, Erdnüssen|Sauce, peanut, made from coconut, water, sugar, peanuts ;; 2515376|Erdnüsse, roh|Peanuts, raw ;; 172435|Erdnussmehl, fettarm|Peanut flour, low fat ;; 2262072|Erdnussbutter, cremig|Peanut butter, creamy ;; 169585|Bonbons, Erdnussriegel|Candies, peanut bar"
159;Haselnuss, Haselnüsse;1;Nüsse;SIGHI_FoodList_2024-08-29_p9_r19;"171427|Öl, Haselnuss|Oil, hazelnut ;; 173782|SILK Haselnuss-Creamer|SILK Hazelnut Creamer ;; 170169|Nüsse, Kokosnussfleisch, roh|Nuts, coconut meat, raw ;; 170581|Nüsse, Haselnüsse oder Filberts|Nuts, hazelnuts or filberts ;; 2515375|Nüsse, Haselnüsse oder Filberts, roh|Nuts, hazelnuts or filberts, raw"
160;Macadamia-Nuss;0;Nüsse;SIGHI_FoodList_2024-08-29_p9_r20;"171030|Öl, Walnuss|Oil, walnut ;; 171429|Öl, Sheanuss|Oil, sheanut ;; 330458|Öl, Kokosnuss|Oil, coconut ;; 171412|Öl, Kokosnuss|Oil, coconut ;; 171427|Öl, Haselnuss|Oil, hazelnut"
161;Mandeln;1;Nüsse;SIGHI_FoodList_2024-08-29_p9_r21;"170567|Mandeln, roh|Almonds, raw ;; 2261420|Mehl, Mandeln|Flour, almond ;; 2346393|Nüsse, Mandeln, ganz, roh|Nuts, almonds, whole, raw ;; 170568|Nüsse, Mandeln, blanchiert|Nuts, almonds, blanched ;; 170656|Bonbons, gezuckerte Mandeln|Candies, sugar-coated almonds"
162;Paranuss;0;Nüsse;SIGHI_FoodList_2024-08-29_p9_r23;"171030|Öl, Walnuss|Oil, walnut ;; 168389|Spargel, roh|Asparagus, raw ;; 171429|Öl, Sheanuss|Oil, sheanut ;; 330458|Öl, Kokosnuss|Oil, coconut ;; 171412|Öl, Kokosnuss|Oil, coconut"
163;Pekannuss, Pecannuss;0;Nüsse;SIGHI_FoodList_2024-08-29_p9_r24;"172786|Kuchen, Pekannuss, zubereitet nach Rezept|Pie, pecan, prepared from recipe ;; 175021|Kuchen, Pekannuss, handelsüblich zubereitet|Pie, pecan, commercially prepared ;; 174968|Kekse, Mürbegebäck, gewerblich zubereitet, Pekannuss|Cookies, shortbread, commercially prepared, pecan ;; 174653|Verzehrfertige Cerealien, POST SELECTS Ahorn-Pekannuss-Crunch|Cereals ready-to-eat, POST SELECTS Maple Pecan Crunch ;; 174663|Verzehrfertiges Getreide, POST, HONIGHAFERBÜNDEL, Pekannussbündel|Cereals ready-to-eat, POST, HONEY BUNCHES OF OATS, pecan bunches"
164;Pinienkerne;1;Nüsse;SIGHI_FoodList_2024-08-29_p9_r25;"2346392|Nüsse, Pinienkerne, roh|Nuts, pine nuts, raw ;; 170591|Nüsse, Pinienkerne, getrocknet|Nuts, pine nuts, dried ;; 169821|Pinienkerne, geröstet (Navajo)|Pinon Nuts, roasted (Navajo) ;; 170592|Nüsse, Pinienkerne, Pinienkerne, getrocknet|Nuts, pine nuts, pinyon, dried ;; 171032|Öl, Aprikosenkernöl|Oil, apricot kernel"
165;Pistazie;0;Nüsse;SIGHI_FoodList_2024-08-29_p9_r26;"2515379|Nüsse, Pistazien, roh|Nuts, pistachio nuts, raw ;; 170184|Nüsse, Pistazien, roh|Nuts, pistachio nuts, raw ;; 172960|Yachtwurst, mit Pistazien, gekocht|Yachtwurst, with pistachio nuts, cooked ;; 169426|Nüsse, Pistazien, trocken geröstet, mit Zusatz von Salz|Nuts, pistachio nuts, dry roasted, with salt added ;; 170185|Nüsse, Pistazien, trocken geröstet, ohne Zusatz von Salz|Nuts, pistachio nuts, dry roasted, without salt added"
166;Spanische Nüssli (=Erdnuss);2;Nüsse;SIGHI_FoodList_2024-08-29_p9_r27;"172435|Erdnussmehl, fettarm|Peanut flour, low fat ;; 2262072|Erdnussbutter, cremig|Peanut butter, creamy ;; 169585|Bonbons, Erdnussriegel|Candies, peanut bar ;; 174267|Erdnussmehl, entfettet|Peanut flour, defatted ;; 171410|Öl, Erdnuss, Salat oder Kochen|Oil, peanut, salad or cooking"
167;Tigernuss, Erdmandel (Cyperus esculentus);0;Nüsse;SIGHI_FoodList_2024-08-29_p9_r28;"171030|Öl, Walnuss|Oil, walnut ;; 171429|Öl, Sheanuss|Oil, sheanut ;; 330458|Öl, Kokosnuss|Oil, coconut ;; 171412|Öl, Kokosnuss|Oil, coconut ;; 171427|Öl, Haselnuss|Oil, hazelnut"
168;Walnuss;3;Nüsse;SIGHI_FoodList_2024-08-29_p9_r30;"171030|Öl, Walnuss|Oil, walnut ;; 171684|Cerealien, QUAKER, Haferflocken, REAL MEDLEYS, Apfel-Walnuss, trocken|Cereals, QUAKER, oatmeal, REAL MEDLEYS, apple walnut, dry ;; 167783|Rowal, roh|Rowal, raw ;; 171429|Öl, Sheanuss|Oil, sheanut ;; 330458|Öl, Kokosnuss|Oil, coconut"
169;Baumnussöl;2;Fette;SIGHI_FoodList_2024-08-29_p9_r32;"172336|Öl, Raps|Oil, canola ;; 172337|Öl, Senf|Oil, mustard ;; 173576|Öl, Hafer|Oil, oat ;; 171031|Öl, Mandel|Oil, almond ;; 171015|Öl, Palmöl|Oil, palm"
170;Distelöl, Färberdistelöl, Safloröl;0;Fette;SIGHI_FoodList_2024-08-29_p9_r33;"171026|Öl, Färberdistel, Salat oder Kochen, Linolsäure, (über 70%)|Oil, safflower, salad or cooking, linoleic, (over 70%) ;; 171010|Salatdressing, Mayonnaise, Sojabohnen- und Distelöl, mit Salz|Salad dressing, mayonnaise, soybean and safflower oil, with salt ;; 171027|Safloröl, Salat- oder Speiseöl, mit hohem Ölsäuregehalt (primäres Safloröl des Handels)|Oil, safflower, salad or cooking, high oleic (primary safflower oil of commerce) ;; 172336|Öl, Raps|Oil, canola ;; 172337|Öl, Senf|Oil, mustard"
171;Kokosfett, Kokosöl, Kokosnussfett, Kokosnussöl;0;Fette;SIGHI_FoodList_2024-08-29_p9_r34;"330458|Öl, Kokosnuss|Oil, coconut ;; 171412|Öl, Kokosnuss|Oil, coconut ;; 172365|Öl, industriell, Kokosnuss, Konditorfett, typische Basis für Eiscremeüberzüge|Oil, industrial, coconut, confection fat, typical basis for ice cream coatings ;; 172367|Öl, industriell, Kokosnuss (gehärtet), verwendet für Schlagsahne und Kaffeeweißer|Oil, industrial, coconut (hydrogenated), used for whipped toppings and coffee whiteners ;; 173595|Öl, industriell, Kokosnuss, Hauptverwendungszwecke Süßwarenüberzüge, Ölsprays, Rösten von Nüssen|Oil, industrial, coconut, principal uses candy coatings, oil sprays, roasting nuts"
172;Kokosöl, Kokosfett;0;Fette;SIGHI_FoodList_2024-08-29_p9_r35;"330458|Öl, Kokosnuss|Oil, coconut ;; 171412|Öl, Kokosnuss|Oil, coconut ;; 172365|Öl, industriell, Kokosnuss, Konditorfett, typische Basis für Eiscremeüberzüge|Oil, industrial, coconut, confection fat, typical basis for ice cream coatings ;; 172367|Öl, industriell, Kokosnuss (gehärtet), verwendet für Schlagsahne und Kaffeeweißer|Oil, industrial, coconut (hydrogenated), used for whipped toppings and coffee whiteners ;; 173595|Öl, industriell, Kokosnuss, Hauptverwendungszwecke Süßwarenüberzüge, Ölsprays, Rösten von Nüssen|Oil, industrial, coconut, principal uses candy coatings, oil sprays, roasting nuts"
173;Kürbiskernöl;0;Fette;SIGHI_FoodList_2024-08-29_p9_r36;"172336|Öl, Raps|Oil, canola ;; 172337|Öl, Senf|Oil, mustard ;; 173576|Öl, Hafer|Oil, oat ;; 171031|Öl, Mandel|Oil, almond ;; 171015|Öl, Palmöl|Oil, palm"
174;Leinöl, Leinsamenöl;0;Fette;SIGHI_FoodList_2024-08-29_p9_r40;"167702|Öl, Leinsamen, kaltgepresst|Oil, flaxseed, cold pressed ;; 171442|Öl, Leinsamen, enthält zugesetzte geschnittene Leinsamen|Oil, flaxseed, contains added sliced flaxseed ;; 172371|Margarineähnlicher Brotaufstrich, SMART BALANCE Regular Buttery Spread mit Leinsamenöl|Margarine-like spread, SMART BALANCE Regular Buttery Spread with flax oil ;; 169414|Saatgut, Leinsamen|Seeds, flaxseed ;; 2262075|Leinsamen, gemahlen|Flaxseed, ground"
175;Maiskeimöl, Maisöl;0;Fette;SIGHI_FoodList_2024-08-29_p9_r41;"169867|Öl, Mais und Raps|Oil, corn and canola ;; 167737|Öl, Mais-, Erdnuss- und Olivenöl|Oil, corn, peanut, and olive ;; 171029|Öl, Mais, Industrie und Einzelhandel, Allzweck-Salat oder Kochen|Oil, corn, industrial and retail, all purpose salad or cooking ;; 173587|Margarine, 80% Fett, Stange, enthält normale und gehärtete Mais- und Sojaöle|Margarine, 80% fat, stick, includes regular and hydrogenated corn and soybean oils ;; 172336|Öl, Raps|Oil, canola"
176;Margarine (wenn ohne unverträgliche Zusatzstoffe);0;Fette;SIGHI_FoodList_2024-08-29_p9_r42;"173589|Margarineaufstrich, 40-49% Fett, Becher|Margarine Spread, 40-49% fat, tub ;; 171415|Margarine, Streichfett, 35-39% Fett, Wanne|Margarine,spread, 35-39% fat, tub ;; 171018|Margarine, normal, hart, Sojabohnen (gehärtet)|Margarine, regular, hard, soybean (hydrogenated) ;; 170525|Kartoffeln, überbacken, hausgemacht mit Margarine|Potatoes, scalloped, home-prepared with margarine ;; 171035|Margarineähnlicher Aufstrich, BENECOL Light Spread|Margarine-like spread, BENECOL Light Spread"
177;Nachtkerzenöl (Oenothera biennis);0;Fette;SIGHI_FoodList_2024-08-29_p9_r43;"172336|Öl, Raps|Oil, canola ;; 172337|Öl, Senf|Oil, mustard ;; 173576|Öl, Hafer|Oil, oat ;; 171031|Öl, Mandel|Oil, almond ;; 171015|Öl, Palmöl|Oil, palm"
178;Olivenöl;0;Fette;SIGHI_FoodList_2024-08-29_p9_r44;"167737|Öl, Mais-, Erdnuss- und Olivenöl|Oil, corn, peanut, and olive ;; 171413|Öl, Olivenöl, Salat oder zum Kochen|Oil, olive, salad or cooking ;; 171443|Mayonnaise, fettreduziert, mit Olivenöl|Mayonnaise, reduced fat, with olive oil ;; 2585528|NATIVES OLIVENÖL EXTRA ""SIZZLE"" SPEISEÖL|""SIZZLE"" EXTRA VIRGIN OLIVE OIL COOKING OIL ;; 2747652|Sardellen, in Olivenöl eingelegt, mit Salz, abgetropft|Anchovies, canned in olive oil, with salt, drained"
179;Palmfett, Palmöl;0;Fette;SIGHI_FoodList_2024-08-29_p9_r45;"171015|Öl, Palmöl|Oil, palm ;; 171422|Pflanzliches Öl, Palmkernöl|Vegetable oil, palm kernel ;; 173603|Öl, industriell, Palmkernöl (gehärtet), Füllfett|Oil, industrial, palm kernel (hydrogenated), filling fat ;; 172331|Frittierfett (Hochleistungsfett), Palmfett (hydriert)|Shortening frying (heavy duty), palm (hydrogenated) ;; 172368|Öl, industriell, Palm- und Palmkernöl, Füllfett (ungehärtet)|Oil, industrial, palm and palm kernel, filling fat (non-hydrogenated)"
180;Palmöl, Palmfett, Palmkernöl;0;Fette;SIGHI_FoodList_2024-08-29_p9_r47;"171422|Pflanzliches Öl, Palmkernöl|Vegetable oil, palm kernel ;; 173603|Öl, industriell, Palmkernöl (gehärtet), Füllfett|Oil, industrial, palm kernel (hydrogenated), filling fat ;; 172368|Öl, industriell, Palm- und Palmkernöl, Füllfett (ungehärtet)|Oil, industrial, palm and palm kernel, filling fat (non-hydrogenated) ;; 173602|Öl, industriell, Palmkernöl (hydriert), Konditorfett, Zwischenprodukt|Oil, industrial, palm kernel (hydrogenated), confection fat, intermediate grade product ;; 171432|Margarine, 80% Fett, Wanne, CANOLA HARVEST Soft Spread (Raps-, Palm- und Palmkernöl)|Margarine, 80% fat, tub, CANOLA HARVEST Soft Spread (canola, palm and palm kernel oils)"
181;Rapsöl;0;Fette;SIGHI_FoodList_2024-08-29_p9_r49;"172336|Öl, Raps|Oil, canola ;; 169867|Öl, Mais und Raps|Oil, corn and canola ;; 171042|Öl, industriell, Raps, mit hohem Ölsäuregehalt|Oil, industrial, canola, high oleic ;; 167605|Kartoffeln, Rösti, gekühlt, zubereitet, in Rapsöl gebraten|Potatoes, hash brown, refrigerated, prepared, pan-fried in canola oil ;; 172360|Öl, industriell, Rapsöl (teilweise hydriert) zum Frittieren|Oil, industrial, canola (partially hydrogenated) oil for deep fat frying"
182;Safloröl, Distelöl, Färberdistelöl;0;Fette;SIGHI_FoodList_2024-08-29_p9_r50;"171026|Öl, Färberdistel, Salat oder Kochen, Linolsäure, (über 70%)|Oil, safflower, salad or cooking, linoleic, (over 70%) ;; 171010|Salatdressing, Mayonnaise, Sojabohnen- und Distelöl, mit Salz|Salad dressing, mayonnaise, soybean and safflower oil, with salt ;; 171027|Safloröl, Salat- oder Speiseöl, mit hohem Ölsäuregehalt (primäres Safloröl des Handels)|Oil, safflower, salad or cooking, high oleic (primary safflower oil of commerce) ;; 172336|Öl, Raps|Oil, canola ;; 172337|Öl, Senf|Oil, mustard"
183;Schwarzkümmelöl (Nigella sativa);0;Fette;SIGHI_FoodList_2024-08-29_p9_r51;"172336|Öl, Raps|Oil, canola ;; 172337|Öl, Senf|Oil, mustard ;; 173576|Öl, Hafer|Oil, oat ;; 171031|Öl, Mandel|Oil, almond ;; 171015|Öl, Palmöl|Oil, palm"
184;Sojaöl;1;Fette;SIGHI_FoodList_2024-08-29_p9_r52;"171426|Öl, Sojalecithin|Oil, soybean lecithin ;; 171411|Öl, Sojabohnen, Salat oder zum Kochen|Oil, soybean, salad or cooking ;; 172370|Öl, pflanzlich, Sojabohnen, raffiniert|Oil, vegetable, soybean, refined ;; 171439|Öl, industriell, Soja, ultra low linolenic|Oil, industrial, soy, ultra low linolenic ;; 171440|Öl, industriell, Soja, vollständig hydriert|Oil, industrial, soy, fully hydrogenated"
185;Sonnenblumenöl;0;Fette;SIGHI_FoodList_2024-08-29_p9_r53;"171017|Öl, Sonnenblumen, Linolsäure (weniger als 60%)|Oil, sunflower, linoleic (less than 60%) ;; 170564|Kerne, Sonnenblumenkerne, Öl geröstet, ohne Salz|Seeds, sunflower seed kernels, oil roasted, without salt ;; 172328|Öl, Sonnenblumen, Linolsäure, (teilweise hydriert)|Oil, sunflower, linoleic, (partially hydrogenated) ;; 172338|Öl, Sonnenblumen, mit hohem Ölsäuregehalt (70% und mehr)|Oil, sunflower, high oleic (70% and over) ;; 168593|Kerne, Sonnenblumenkerne, in Öl geröstet, mit Salz versetzt|Seeds, sunflower seed kernels, oil roasted, with salt added"
186;Walnussöl;2;Fette;SIGHI_FoodList_2024-08-29_p9_r55;"171030|Öl, Walnuss|Oil, walnut ;; 172336|Öl, Raps|Oil, canola ;; 172337|Öl, Senf|Oil, mustard ;; 173576|Öl, Hafer|Oil, oat ;; 171031|Öl, Mandel|Oil, almond"
187;Ackerbohne (Vicia faba);2;Gemüse;SIGHI_FoodList_2024-08-29_p9_r57;
188;Ackersalat;0;Gemüse;SIGHI_FoodList_2024-08-29_p10_r13;
189;Artischocke;0;Gemüse;SIGHI_FoodList_2024-08-29_p10_r14;"169205|Artischocken (Globus oder französisch), roh|Artichokes, (globe or french), raw ;; 2598187|GANZE GROSSE HERZEN IN SALZLAKE ARTISCHOCKEN|WHOLE LARGE HEARTS IN BRINE ARTICHOKES ;; 169312|Artischocken, gefroren, gekocht, gekocht, abgetropft, mit Salz|Artichokes, (globe or french), frozen, cooked, boiled, drained, with salt ;; 168388|Artischocken, gefroren, gekocht, gekocht, abgetropft, ohne Salz|Artichokes, (globe or french), frozen, cooked, boiled, drained, without salt ;; 168387|Artischocken (Globus oder französisch), gefroren, nicht zubereitet|Artichokes, (globe or french), frozen, unprepared"
190;Arugula, Rucola;2;Gemüse;SIGHI_FoodList_2024-08-29_p10_r15;"169387|Rucola, roh|Arugula, raw ;; 2710822|Rucola, Baby, roh|Arugula, baby, raw ;; 2608848|(GRÜN) HAUS-CAESAR-SALAT MIT KNACKIGEN GRÜNEN BLÄTTERN, RÖMERSALAT UND RUCOLA, GERIEBENEM SCHARFEN PARMESANKÄSE UND KNUSPRIGEN KNOBLAUCH-PARMESAN-CROUTONS|(GREEN) HOUSE CAESAR CRUNCHY GREEN LEAF, ROMAINE LETTUCE AND ARUGULA, SHREDDED SHARP PARMESAN CHEESE, AND CRISPY GARLIC PARMESAN CROUTONS SALAD KIT"
191;Aubergine;2;Gemüse;SIGHI_FoodList_2024-08-29_p10_r16;"2685577|Aubergine, roh|Eggplant, raw ;; 169228|Aubergine, roh|Eggplant, raw ;; 169892|Aubergine, eingelegt|Eggplant, pickled ;; 169352|Auberginen, gekocht, abgetropft, mit Salz|Eggplant, cooked, boiled, drained, with salt ;; 1959092|""""ALLA NORMA"""" MIT AUBERGINEN UND RICOTTA SALATA|""""ALLA NORMA"""" WITH EGGPLANT & RICOTTA SALATA"
192;Avocado;2;Gemüse;SIGHI_FoodList_2024-08-29_p10_r17;"173573|Öl, Avocado|Oil, avocado ;; 171707|Avocados, roh, Florida|Avocados, raw, Florida ;; 171706|Avocados, roh, Kalifornien|Avocados, raw, California ;; 2710824|Avocado, Hass, geschält, roh|Avocado, Hass, peeled, raw ;; 171705|Avocados, roh, alle Handelssorten|Avocados, raw, all commercial varieties"
193;Bambussprossen;?;Gemüse;SIGHI_FoodList_2024-08-29_p10_r18;"169210|Bambussprossen, roh|Bamboo shoots, raw ;; 169212|Bambussprossen, in Dosen, abgetropft, Feststoffe|Bamboo shoots, canned, drained solids ;; 168497|Bambussprossen, gekocht, gekocht, abgetropft, mit Salz|Bamboo shoots, cooked, boiled, drained, with salt ;; 169211|Bambussprossen, gekocht, gekocht, abgetropft, ohne Salz|Bamboo shoots, cooked, boiled, drained, without salt"
194;Blattsalate;0;Gemüse;SIGHI_FoodList_2024-08-29_p10_r19;
195;Blattsellerie, Schnittsellerie;0;Gemüse;SIGHI_FoodList_2024-08-29_p10_r20;
196;Blaukabis, Blaukraut, Rotkohl;0;Gemüse;SIGHI_FoodList_2024-08-29_p10_r21;"2346408|Kohl, rot, roh|Cabbage, red, raw ;; 169977|Kohl, rot, roh|Cabbage, red, raw ;; 168515|Kohl, rot, gekocht, gekocht, abgetropft, mit Salz|Cabbage, red, cooked, boiled, drained, with salt ;; 169978|Kohl, rot, gekocht, gekocht, abgetropft, ohne Salz|Cabbage, red, cooked, boiled, drained, without salt ;; 1972771|""GEBRATENER REIS"" BLUMENKOHLSTREUSEL, GEHACKTER BLUMENKOHL, KAROTTEN, SELLERIE, ZWIEBELN UND BROKKOLI IN EINER SÜSSEN TERIYAKI-SAUCE MIT KNOBLAUCH-INGWER-WONTON-STREIFEN VEGGIE BOWL, BLUMENKOHLSTREUSEL|""""FRIED RICE"""" CAULIFLOWER CRUMBLES CHOPPED CAULIFLOWER, CARROTS, CELERY, ONION & BROCCOLI IN A SWEET TERIYAKI SAUCE WITH GARLIC-GINGER WONTON STRIPS VEGGIE BOWL, CAULIFLOWER CRUMBLES"
197;Bleichsellerie, Staudensellerie;0;Gemüse;SIGHI_FoodList_2024-08-29_p10_r22;
198;Blumenkohl;0;Gemüse;SIGHI_FoodList_2024-08-29_p10_r23;"2685573|Blumenkohl, roh|Cauliflower, raw ;; 169986|Blumenkohl, roh|Cauliflower, raw ;; 169389|Blumenkohl, grün, roh|Cauliflower, green, raw ;; 169391|Blumenkohl, grün, gekocht, mit Salz|Cauliflower, green, cooked, with salt ;; 170398|Blumenkohl, gefroren, nicht zubereitet|Cauliflower, frozen, unprepared"
199;Bohnen allgemein, diverse Arten;2;Gemüse;SIGHI_FoodList_2024-08-29_p10_r24;"175193|Bohnen, Nieren, alle Arten, reife Samen, roh|Beans, kidney, all types, mature seeds, raw ;; 173741|Bohnen, Nieren, alle Arten, reife Samen, in Dosen|Beans, kidney, all types, mature seeds, canned ;; 169324|Bohnen, gelb, gefroren, alle Arten, unvorbereitet|Beans, snap, yellow, frozen, all styles, unprepared ;; 173792|Bohnen, Nieren, alle Arten, reife Samen, gekocht, mit Salz|Beans, kidney, all types, mature seeds, cooked, boiled, with salt ;; 169144|Bohnen, Snap, Dosen, alle Arten, gewürzt, fest und flüssig|Beans, snap, canned, all styles, seasoned, solids and liquids"
200;Bohnen: Borlotti-Bohnen;2;Gemüse;SIGHI_FoodList_2024-08-29_p10_r26;"169083|Sojabohnen, Quark|Soybean, curd cheese ;; 169282|Sojabohnen, grün, roh|Soybeans, green, raw ;; 2346400|Bohnen, Snap, grün, roh|Beans, snap, green, raw ;; 169961|Bohnen, Snap, grün, roh|Beans, snap, green, raw ;; 169320|Bohnen, Snap, gelb, roh|Beans, snap, yellow, raw"
201;Bohnen: Buschbohnen, Grüne Bohnen;1;Gemüse;SIGHI_FoodList_2024-08-29_p10_r27;"2611238|BLAUE SEE GESCHNITTENE GRÜNE BOHNEN|BLUE LAKE CUT GREEN BEANS ;; 172272|Babynahrung, Gemüse, grüne Bohnen, Junior|Babyfood, vegetables, green beans, junior ;; 172271|Babynahrung, Gemüse, grüne Bohnen, püriert|Babyfood, vegetables, green beans, strained ;; 172273|Babynahrung, grüne Bohnen, Würfel, Kleinkind|Babyfood, green beans, dices, toddler ;; 173504|Babynahrung, Gemüse, grüne Bohnen und Kartoffeln|Babyfood, vegetable, green beans and potatoes"
202;Braunkohl, Grünkohl, Krauskohl, Federkohl;1;Gemüse;SIGHI_FoodList_2024-08-29_p10_r28;"323505|Grünkohl, roh|Kale, raw ;; 168421|Grünkohl, roh|Kale, raw ;; 2346407|Kohl, grün, roh|Cabbage, green, raw ;; 169389|Blumenkohl, grün, roh|Cauliflower, green, raw ;; 169239|Grünkohl, gefroren, unvorbereitet|Kale, frozen, unprepared"
203;Brennnessel;2;Gemüse;SIGHI_FoodList_2024-08-29_p10_r29;169819|Brennnesseln, blanchiert (Indianer der nördlichen Prärie)|Stinging Nettles, blanched (Northern Plains Indians)
204;Broccoli, Brokkoli;0;Gemüse;SIGHI_FoodList_2024-08-29_p10_r30;"170379|Brokkoli, roh|Broccoli, raw ;; 170381|Brokkoli-Rab, roh|Broccoli raab, raw ;; 170382|Brokkoli-Rab, gekocht|Broccoli raab, cooked ;; 169329|Brokkoli, Blätter, roh|Broccoli, leaves, raw ;; 169331|Brokkoli, Stängel, roh|Broccoli, stalks, raw"
205;Brüsseler Kohl, Rosenkohl;1;Gemüse;SIGHI_FoodList_2024-08-29_p10_r31;"2685575|Rosenkohl, roh|Brussels sprouts, raw ;; 170383|Rosenkohl, roh|Brussels sprouts, raw ;; 169972|Rosenkohl, gefroren, nicht zubereitet|Brussels sprouts, frozen, unprepared ;; 168513|Rosenkohl, gekocht, gekocht, abgetropft, mit Salz|Brussels sprouts, cooked, boiled, drained, with salt ;; 169971|Rosenkohl, gegart, gekocht, abgetropft, ohne Salz|Brussels sprouts, cooked, boiled, drained, without salt"
206;Buschbohnen, Grüne Bohnen;1;Gemüse;SIGHI_FoodList_2024-08-29_p10_r32;"2611238|BLAUE SEE GESCHNITTENE GRÜNE BOHNEN|BLUE LAKE CUT GREEN BEANS ;; 172272|Babynahrung, Gemüse, grüne Bohnen, Junior|Babyfood, vegetables, green beans, junior ;; 172271|Babynahrung, Gemüse, grüne Bohnen, püriert|Babyfood, vegetables, green beans, strained ;; 172273|Babynahrung, grüne Bohnen, Würfel, Kleinkind|Babyfood, green beans, dices, toddler ;; 173504|Babynahrung, Gemüse, grüne Bohnen und Kartoffeln|Babyfood, vegetable, green beans and potatoes"
207;Chayote;?;Gemüse;SIGHI_FoodList_2024-08-29_p10_r33;"170402|Chayote, Früchte, roh|Chayote, fruit, raw ;; 169344|Chayote, Früchte, gekocht, gekocht, abgetropft, mit Salz|Chayote, fruit, cooked, boiled, drained, with salt ;; 170403|Chayote, Früchte, gekocht, gekocht, abgetropft, ohne Salz|Chayote, fruit, cooked, boiled, drained, without salt"
208;Chicorée (Cichorium intybus);0;Gemüse;SIGHI_FoodList_2024-08-29_p10_r34;"169992|Chicorée-Gemüse, roh|Chicory greens, raw ;; 169993|Chicorée-Wurzeln, roh|Chicory roots, raw ;; 170404|Chicoree, Chicorée, roh|Chicory, witloof, raw"
209;Chilisauce, scharf, fermentiert;2;Gemüse;SIGHI_FoodList_2024-08-29_p10_r35;"171186|Soße, scharfe Chilis, Sriracha|Sauce, hot chile, sriracha ;; 171188|Soße, scharfe Chilis, Sriracha, TUONG OT SRIRACHA|Sauce, hot chile, sriracha, TUONG OT SRIRACHA ;; 171604|Soße, Paprika, scharf, Chili, reif, rot, in Dosen|Sauce, peppers, hot, chili, mature red, canned ;; 171605|Soße, Chili, Paprika, scharf, unreif grün, in Dosen|Sauce, chili, peppers, hot, immature green, canned ;; 171187|Soße, scharfe Chilis, Sriracha, CHA! VON TEXAS PETE|Sauce, hot chile, sriracha, CHA! BY TEXAS PETE"
210;Chilischoten, scharf, frisch;1;Gemüse;SIGHI_FoodList_2024-08-29_p10_r36;"173475|Minze, frisch|Spearmint, fresh ;; 173470|Thymian, frisch|Thyme, fresh ;; 173473|Rosmarin, frisch|Rosemary, fresh ;; 172232|Basilikum, frisch|Basil, fresh ;; 172233|Dillkraut, frisch|Dill weed, fresh"
211;Chinakohl;0;Gemüse;SIGHI_FoodList_2024-08-29_p10_r37;"169975|Kohl, roh|Cabbage, raw ;; 170392|Kohl, Kimchi|Cabbage, kimchi ;; 323505|Grünkohl, roh|Kale, raw ;; 168421|Grünkohl, roh|Kale, raw ;; 168424|Kohlrabi, roh|Kohlrabi, raw"
212;Chinesischer Senfkohl, Chinesischer Blätterkohl, Pak;0;Gemüse;SIGHI_FoodList_2024-08-29_p10_r38;"170390|Kohl, chinesisch (pak-choi), roh|Cabbage, chinese (pak-choi), raw ;; 169397|Essiggurken, Chowchow, mit Blumenkohl-Zwiebel-Senf, süß|Pickles, chowchow, with cauliflower onion mustard, sweet ;; 168517|Kohl, chinesisch (pak-choi), gekocht, abgetropft, mit Salz|Cabbage, chinese (pak-choi), cooked, boiled, drained, with salt ;; 170391|Kohl, chinesisch (Pak-Choi), gekocht, abgetropft, ohne Salz|Cabbage, chinese (pak-choi), cooked, boiled, drained, without salt ;; 172337|Öl, Senf|Oil, mustard"
213;Cornichons, eingelegt;2;Gemüse;SIGHI_FoodList_2024-08-29_p10_r40;"169892|Aubergine, eingelegt|Eggplant, pickled ;; 169766|Paprika, scharf eingelegt, in Dosen|Peppers, hot pickled, canned ;; 169890|Kohl, japanische Art, frisch, eingelegt|Cabbage, japanese style, fresh, pickled ;; 169889|Radieschen, hawaiianische Art, eingelegt|Radishes, hawaiian style, pickled ;; 169157|Schweinefleisch, eingelegte Schweinshaxen|Pork, pickled pork hocks"
214;Eierfrucht, Eierpflanze, Aubergine;2;Gemüse;SIGHI_FoodList_2024-08-29_p10_r43;"171258|Eierlikör|Eggnog ;; 167953|Fruchtsirup|Fruit syrup ;; 2685577|Aubergine, roh|Eggplant, raw ;; 169228|Aubergine, roh|Eggplant, raw ;; 171714|Brotfrucht, roh|Breadfruit, raw"
215;Eisbergsalat;0;Gemüse;SIGHI_FoodList_2024-08-29_p10_r44;169248|Salat, Eisbergsalat (einschließlich knackiger Sorten), roh|Lettuce, iceberg (includes crisphead types), raw
216;Endiviensalat, Endivie (Cichorium endivia);0;Gemüse;SIGHI_FoodList_2024-08-29_p10_r45;168412|Endivie, roh|Endive, raw
217;Erbsen: Gartenerbsen;1;Gemüse;SIGHI_FoodList_2024-08-29_p10_r46;"170419|Erbsen, grün, roh|Peas, green, raw ;; 174288|Kichererbsenmehl (Besan)|Chickpea flour (besan) ;; 170010|Erbsen, genießbare Schoten, roh|Peas, edible-podded, raw ;; 170025|Taubenerbsen, unreife Samen, roh|Pigeonpeas, immature seeds, raw ;; 170422|Erbsen, reife Samen, gekeimt, roh|Peas, mature seeds, sprouted, raw"
218;Essiggemüse;2;Gemüse;SIGHI_FoodList_2024-08-29_p10_r47;
219;Essiggurken, eingelegt;2;Gemüse;SIGHI_FoodList_2024-08-29_p10_r50;"169892|Aubergine, eingelegt|Eggplant, pickled ;; 169766|Paprika, scharf eingelegt, in Dosen|Peppers, hot pickled, canned ;; 169890|Kohl, japanische Art, frisch, eingelegt|Cabbage, japanese style, fresh, pickled ;; 169889|Radieschen, hawaiianische Art, eingelegt|Radishes, hawaiian style, pickled ;; 169157|Schweinefleisch, eingelegte Schweinshaxen|Pork, pickled pork hocks"
220;Favabohne (Vicia faba);2;Gemüse;SIGHI_FoodList_2024-08-29_p10_r53;"168574|Bohnen, Favabohnen, in Hülsen, roh|Beans, fava, in pod, raw ;; 175205|Puffbohnen (Favabohnen), reife Samen, roh|Broadbeans (fava beans), mature seeds, raw ;; 173754|Puffbohnen (Favabohnen), reife Samen, in Dosen|Broadbeans (fava beans), mature seeds, canned ;; 173753|Puffbohnen (Favabohnen), reife Samen, gekocht, ohne Salz|Broadbeans (fava beans), mature seeds, cooked, boiled, without salt ;; 173798|Puffbohnen (Favabohnen), reife Kerne, gekocht, gekocht, mit Salz|Broadbeans (fava beans), mature seeds, cooked, boiled, with salt"
221;Feldsalat;0;Gemüse;SIGHI_FoodList_2024-08-29_p10_r54;
222;Fenchel;0;Gemüse;SIGHI_FoodList_2024-08-29_p10_r55;"2747655|Fenchel, Zwiebel, roh|Fennel, bulb, raw ;; 169385|Fenchel, Zwiebel, roh|Fennel, bulb, raw ;; 171323|Gewürze, Fenchelsamen|Spices, fennel seed"
223;Fisolen, Buschbohne (Phaseolus vulgaris var. nanus);1;Gemüse;SIGHI_FoodList_2024-08-29_p10_r56;"169124|Ananas, roh, alle Sorten|Pineapple, raw, all varieties ;; 168194|Ananas, roh, Sorte extra süß|Pineapple, raw, extra sweet variety ;; 169898|Joghurt, Fruchtsorte, fettfrei|Yogurt, fruit variety, nonfat ;; 169097|Orangen, roh, alle Handelssorten|Oranges, raw, all commercial varieties ;; 170487|Kürbis, Sommer, alle Sorten, roh|Squash, summer, all varieties, raw"
224;Gartenerbsen (Pisum sativum = Lathyrus oleraceus);1;Gemüse;SIGHI_FoodList_2024-08-29_p11_r13;
225;Gartenkresse, Garten-Kresse (Lepidium sativum);?;Gemüse;SIGHI_FoodList_2024-08-29_p11_r14;"168407|Kresse, Garten, roh|Cress, garden, raw ;; 169350|Kresse, Garten, gekocht, gekocht, abgetropft, mit Salz|Cress, garden, cooked, boiled, drained, with salt ;; 168408|Kresse, Garten, gekocht, gekocht, abgetropft, ohne Salz|Cress, garden, cooked, boiled, drained, without salt ;; 170068|Brunnenkresse, roh|Watercress, raw ;; 172284|Babynahrung, Gemüse, Gartengemüse, püriert|Babyfood, vegetables, garden vegetable, strained"
226;Garten-Senfrauke, Rucola;2;Gemüse;SIGHI_FoodList_2024-08-29_p11_r15;"169387|Rucola, roh|Arugula, raw ;; 2710822|Rucola, Baby, roh|Arugula, baby, raw ;; 168407|Kresse, Garten, roh|Cress, garden, raw ;; 172284|Babynahrung, Gemüse, Gartengemüse, püriert|Babyfood, vegetables, garden vegetable, strained ;; 169852|OLIVENGARTEN, Spaghetti mit Pomodoro-Sauce|OLIVE GARDEN, spaghetti with pomodoro sauce"
227;Gemüse-Eibisch, Okra;1;Gemüse;SIGHI_FoodList_2024-08-29_p11_r16;"169260|Okra, roh|Okra, raw ;; 169992|Chicorée-Gemüse, roh|Chicory greens, raw ;; 170972|Babynahrung, Kekse, Gemüse|Babyfood, crackers, vegetable ;; 171180|Suppe, SWANSON, Gemüsebrühe|Soup, SWANSON, vegetable broth ;; 169078|Käse, Hüttenkäse, mit Gemüse|Cheese, cottage, with vegetables"
228;Gewürzgurken, eingelegt;2;Gemüse;SIGHI_FoodList_2024-08-29_p11_r17;"169892|Aubergine, eingelegt|Eggplant, pickled ;; 168560|Gewürzgurken, Hot Dog|Pickle relish, hot dog ;; 168561|Gewürzgurken-Relish, süß|Pickle relish, sweet ;; 169386|Gewürzgurken-Relish, Hamburger|Pickle relish, hamburger ;; 169766|Paprika, scharf eingelegt, in Dosen|Peppers, hot pickled, canned"
229;Grünkohl, Braunkohl, Krauskohl, Federkohl;1;Gemüse;SIGHI_FoodList_2024-08-29_p11_r20;"323505|Grünkohl, roh|Kale, raw ;; 168421|Grünkohl, roh|Kale, raw ;; 2346407|Kohl, grün, roh|Cabbage, green, raw ;; 169389|Blumenkohl, grün, roh|Cauliflower, green, raw ;; 169239|Grünkohl, gefroren, unvorbereitet|Kale, frozen, unprepared"
230;Gurken: Gartengurke, Salatgurke, Kukumer;0;Gemüse;SIGHI_FoodList_2024-08-29_p11_r21;"169379|Gurken, sauer|Pickles, cucumber, sour ;; 168560|Gewürzgurken, Hot Dog|Pickle relish, hot dog ;; 168561|Gewürzgurken-Relish, süß|Pickle relish, sweet ;; 169386|Gewürzgurken-Relish, Hamburger|Pickle relish, hamburger ;; 168562|Pickles, Gurken, sauer, natriumarm|Pickles, cucumber, sour, low sodium"
231;Herbstrübe;1;Gemüse;SIGHI_FoodList_2024-08-29_p11_r22;
232;Hülsenfrüchte (Soja, Bohnen, Erbsen, Linsen, ...);2;Gemüse;SIGHI_FoodList_2024-08-29_p11_r23;"169083|Sojabohnen, Quark|Soybean, curd cheese ;; 169282|Sojabohnen, grün, roh|Soybeans, green, raw ;; 174270|Sojabohnen, reife Samen, roh|Soybeans, mature seeds, raw ;; 168574|Bohnen, Favabohnen, in Hülsen, roh|Beans, fava, in pod, raw ;; 171411|Öl, Sojabohnen, Salat oder zum Kochen|Oil, soybean, salad or cooking"
233;Kaiserschote;1;Gemüse;SIGHI_FoodList_2024-08-29_p11_r24;
234;Kappes, Kohl, Kraut, Weißkohl;0;Gemüse;SIGHI_FoodList_2024-08-29_p11_r25;"2603373|KOHLENHYDRATARMER WEISSMEHL-WRAP NACH TRADITIONELLER ART|LOW CARB TRADITIONAL STYLE WHITE FLOUR WRAP ;; 169975|Kohl, roh|Cabbage, raw ;; 170392|Kohl, Kimchi|Cabbage, kimchi ;; 323505|Grünkohl, roh|Kale, raw ;; 168421|Grünkohl, roh|Kale, raw"
235;Karfiol, Blumenkohl;0;Gemüse;SIGHI_FoodList_2024-08-29_p11_r26;"2685573|Blumenkohl, roh|Cauliflower, raw ;; 169986|Blumenkohl, roh|Cauliflower, raw ;; 169389|Blumenkohl, grün, roh|Cauliflower, green, raw ;; 169391|Blumenkohl, grün, gekocht, mit Salz|Cauliflower, green, cooked, with salt ;; 170398|Blumenkohl, gefroren, nicht zubereitet|Cauliflower, frozen, unprepared"
236;Karotte;0;Gemüse;SIGHI_FoodList_2024-08-29_p11_r27;"170393|Karotten, roh|Carrots, raw ;; 2258587|Karotten, Baby, roh|Carrots, baby, raw ;; 170500|Karotte, dehydriert|Carrot, dehydrated ;; 170491|Karottensaft, in Dosen|Carrot juice, canned ;; 169871|Babynahrung, Karotten, Kleinkind|Babyfood, carrots, toddler"
237;Kefen;1;Gemüse;SIGHI_FoodList_2024-08-29_p11_r28;
238;Kelp (große Braunalgen, Seetang, Blatttang,;2;Gemüse;SIGHI_FoodList_2024-08-29_p11_r29;"168457|Seetang, Seetang, roh|Seaweed, kelp, raw ;; 169280|Seetang, Agar, roh|Seaweed, agar, raw ;; 170496|Seetang, Wakame, roh|Seaweed, wakame, raw ;; 168458|Seetang, Seegras, roh|Seaweed, laver, raw ;; 168456|Seetang, Irischmoos, roh|Seaweed, irishmoss, raw"
239;Kichererbse;2;Gemüse;SIGHI_FoodList_2024-08-29_p11_r31;"174288|Kichererbsenmehl (Besan)|Chickpea flour (besan) ;; 171182|SMART SOUP, Marokkanische Kichererbse|SMART SOUP, Moroccan Chick Pea ;; 2612374|BIO BENGALISCHE KICHERERBSEN CHANA DAL GETEILT|ORGANIC BENGAL GRAM SPLIT CHANA DAL ;; 172436|Taubenerbsen (rote Kichererbsen), reife Samen, roh|Pigeon peas (red gram), mature seeds, raw ;; 173756|Kichererbsen (Kichererbsen, Bengal-Gram), reife Samen, roh|Chickpeas (garbanzo beans, bengal gram), mature seeds, raw"
240;Kiefelerbse;1;Gemüse;SIGHI_FoodList_2024-08-29_p11_r32;
241;Knoblauch;1;Gemüse;SIGHI_FoodList_2024-08-29_p11_r33;"1104647|Knoblauch, roh|Garlic, raw ;; 169230|Knoblauch, roh|Garlic, raw ;; 167939|Knoblauchbrot, gefroren|Garlic bread, frozen ;; 171325|Gewürze, Knoblauchpulver|Spices, garlic powder ;; 393839|""VAMPIRJÄGERIN"" KNOBLAUCH-CHEDDAR|""VAMPIRE SLAYER"" GARLIC CHEDDAR"
242;Knollensellerie;0;Gemüse;SIGHI_FoodList_2024-08-29_p11_r34;"170400|Knollensellerie, roh|Celeriac, raw ;; 169341|Knollensellerie, gekocht, abgetropft, mit Salz|Celeriac, cooked, boiled, drained, with salt ;; 169987|Knollensellerie, gegart, gekocht, abgetropft, ohne Salz|Celeriac, cooked, boiled, drained, without salt"
243;Kohlrabi;1;Gemüse;SIGHI_FoodList_2024-08-29_p11_r35;"168424|Kohlrabi, roh|Kohlrabi, raw ;; 170061|Kohlrabi, roh|Turnip greens, raw ;; 170468|Kohlrabi, gefroren, unzubereitet|Turnip greens, frozen, unprepared ;; 168119|Kohlrabi, in Dosen, ohne Salzzusatz|Turnip greens, canned, no salt added ;; 170467|Kohlrabi, Konserven, fest und flüssig|Turnip greens, canned, solids and liquids"
244;Kohlsorten (außer Rosenkohl, Kohlrabi);0;Gemüse;SIGHI_FoodList_2024-08-29_p11_r36;"168424|Kohlrabi, roh|Kohlrabi, raw ;; 170061|Kohlrabi, roh|Turnip greens, raw ;; 2685575|Rosenkohl, roh|Brussels sprouts, raw ;; 170383|Rosenkohl, roh|Brussels sprouts, raw ;; 170468|Kohlrabi, gefroren, unzubereitet|Turnip greens, frozen, unprepared"
245;Kohlsprossen, Rosenkohl;1;Gemüse;SIGHI_FoodList_2024-08-29_p11_r37;"2685575|Rosenkohl, roh|Brussels sprouts, raw ;; 170383|Rosenkohl, roh|Brussels sprouts, raw ;; 169972|Rosenkohl, gefroren, nicht zubereitet|Brussels sprouts, frozen, unprepared ;; 168513|Rosenkohl, gekocht, gekocht, abgetropft, mit Salz|Brussels sprouts, cooked, boiled, drained, with salt ;; 169971|Rosenkohl, gegart, gekocht, abgetropft, ohne Salz|Brussels sprouts, cooked, boiled, drained, without salt"
246;Krauskohl, Grünkohl, Braunkohl, Federkohl;1;Gemüse;SIGHI_FoodList_2024-08-29_p11_r38;"323505|Grünkohl, roh|Kale, raw ;; 168421|Grünkohl, roh|Kale, raw ;; 2346407|Kohl, grün, roh|Cabbage, green, raw ;; 169389|Blumenkohl, grün, roh|Cauliflower, green, raw ;; 169239|Grünkohl, gefroren, unvorbereitet|Kale, frozen, unprepared"
247;Krautstiele (Beta vulgaris subsp. vulgaris);1;Gemüse;SIGHI_FoodList_2024-08-29_p11_r39;
248;Kren, Meerrettich;1;Gemüse;SIGHI_FoodList_2024-08-29_p11_r40;"171833|Sauce, Meerrettich|Sauce, horseradish ;; 173472|Meerrettich, zubereitet|Horseradish, prepared"
249;Kresse: Gartenkresse (Lepidium sativum);?;Gemüse;SIGHI_FoodList_2024-08-29_p11_r41;"170068|Brunnenkresse, roh|Watercress, raw ;; 168407|Kresse, Garten, roh|Cress, garden, raw ;; 169350|Kresse, Garten, gekocht, gekocht, abgetropft, mit Salz|Cress, garden, cooked, boiled, drained, with salt ;; 168408|Kresse, Garten, gekocht, gekocht, abgetropft, ohne Salz|Cress, garden, cooked, boiled, drained, without salt"
250;Kürbisse, div. Sorten;0;Gemüse;SIGHI_FoodList_2024-08-29_p11_r42;"168412|Endivie, roh|Endive, raw ;; 169124|Ananas, roh, alle Sorten|Pineapple, raw, all varieties ;; 169097|Orangen, roh, alle Handelssorten|Oranges, raw, all commercial varieties ;; 170487|Kürbis, Sommer, alle Sorten, roh|Squash, summer, all varieties, raw ;; 170489|Kürbis, Winter, alle Sorten, roh|Squash, winter, all varieties, raw"
251;Lauch;1;Gemüse;SIGHI_FoodList_2024-08-29_p11_r43;"1104647|Knoblauch, roh|Garlic, raw ;; 169230|Knoblauch, roh|Garlic, raw ;; 169994|Schnittlauch, roh|Chives, raw ;; 167939|Knoblauchbrot, gefroren|Garlic bread, frozen ;; 171325|Gewürze, Knoblauchpulver|Spices, garlic powder"
252;Linsen;2;Gemüse;SIGHI_FoodList_2024-08-29_p11_r44;"172420|Linsen, roh|Lentils, raw ;; 2644283|Linsen, trocken|Lentils, dry ;; 168427|Linsen, gekeimt, roh|Lentils, sprouted, raw ;; 174284|Linsen, rosa oder rot, roh|Lentils, pink or red, raw ;; 171577|SMART SOUP, Französische Linsen|SMART SOUP, French Lentil"
253;Mangold;1;Gemüse;SIGHI_FoodList_2024-08-29_p11_r45;"2685574|Mangold, roh|Collards, raw ;; 170406|Mangold, roh|Collards, raw ;; 169991|Mangold, schweizerisch, roh|Chard, swiss, raw ;; 170408|Mangold, gefroren, gehackt, nicht zubereitet|Collards, frozen, chopped, unprepared ;; 170376|Mangold, gekocht, gekocht, abgetropft, ohne Salz|Beet greens, cooked, boiled, drained, without salt"
254;Meerrettich;1;Gemüse;SIGHI_FoodList_2024-08-29_p11_r46;"171833|Sauce, Meerrettich|Sauce, horseradish ;; 173472|Meerrettich, zubereitet|Horseradish, prepared"
255;Melanzani, Melanzana, Aubergine;2;Gemüse;SIGHI_FoodList_2024-08-29_p11_r47;"2685577|Aubergine, roh|Eggplant, raw ;; 169228|Aubergine, roh|Eggplant, raw ;; 169892|Aubergine, eingelegt|Eggplant, pickled ;; 169352|Auberginen, gekocht, abgetropft, mit Salz|Eggplant, cooked, boiled, drained, with salt ;; 1959092|""""ALLA NORMA"""" MIT AUBERGINEN UND RICOTTA SALATA|""""ALLA NORMA"""" WITH EGGPLANT & RICOTTA SALATA"
256;Möhre, Mohrrübe;0;Gemüse;SIGHI_FoodList_2024-08-29_p11_r48;"2258586|Möhren, reif, roh|Carrots, mature, raw ;; 168568|Möhren, Baby, roh|Carrots, baby, raw ;; 169339|Möhren, gekocht, abgetropft, mit Salz|Carrots, cooked, boiled, drained, with salt ;; 170394|Möhren, gekocht, gekocht, abgetropft, ohne Salz|Carrots, cooked, boiled, drained, without salt ;; 168519|Möhren, gefroren, gekocht, abgetropft, mit Salz|Carrots, frozen, cooked, boiled, drained, with salt"
257;Mungbohnen, Mungobohnen (-keimlinge/-sprossen);?;Gemüse;SIGHI_FoodList_2024-08-29_p11_r49;"168489|Taro-Sprossen, roh|Taro shoots, raw ;; 169210|Bambussprossen, roh|Bamboo shoots, raw ;; 174256|Mungobohnen, reife Samen, roh|Mung beans, mature seeds, raw ;; 174259|Mungobohnen, reife Samen, roh|Mungo beans, mature seeds, raw ;; 170432|Stachelbeersprossen, (poke), roh|Pokeberry shoots, (poke), raw"
258;Nüsslisalat, Nüssler;0;Gemüse;SIGHI_FoodList_2024-08-29_p11_r51;
259;Okra, Gemüse-Eibisch;1;Gemüse;SIGHI_FoodList_2024-08-29_p11_r52;"169260|Okra, roh|Okra, raw ;; 169992|Chicorée-Gemüse, roh|Chicory greens, raw ;; 170972|Babynahrung, Kekse, Gemüse|Babyfood, crackers, vegetable ;; 171180|Suppe, SWANSON, Gemüsebrühe|Soup, SWANSON, vegetable broth ;; 169078|Käse, Hüttenkäse, mit Gemüse|Cheese, cottage, with vegetables"
260;Oliven;2;Gemüse;SIGHI_FoodList_2024-08-29_p11_r53;"172926|Olivenbrot, Schweinefleisch|Olive loaf, pork ;; 167737|Öl, Mais-, Erdnuss- und Olivenöl|Oil, corn, peanut, and olive ;; 171413|Öl, Olivenöl, Salat oder zum Kochen|Oil, olive, salad or cooking ;; 171443|Mayonnaise, fettreduziert, mit Olivenöl|Mayonnaise, reduced fat, with olive oil ;; 2585528|NATIVES OLIVENÖL EXTRA ""SIZZLE"" SPEISEÖL|""SIZZLE"" EXTRA VIRGIN OLIVE OIL COOKING OIL"
261;Pak Choi, Pak Choy, Pok Choi;0;Gemüse;SIGHI_FoodList_2024-08-29_p11_r55;"170390|Kohl, chinesisch (pak-choi), roh|Cabbage, chinese (pak-choi), raw ;; 168517|Kohl, chinesisch (pak-choi), gekocht, abgetropft, mit Salz|Cabbage, chinese (pak-choi), cooked, boiled, drained, with salt ;; 170391|Kohl, chinesisch (Pak-Choi), gekocht, abgetropft, ohne Salz|Cabbage, chinese (pak-choi), cooked, boiled, drained, without salt ;; 2544593|'ONO POKE BOWL|'ONO POKE BOWL ;; 2685572|Kohl, Bok Choy, roh|Cabbage, bok choy, raw"
262;Paprika, Peperoni, milde Sorten;0;Gemüse;SIGHI_FoodList_2024-08-29_p12_r13;"171329|Gewürze, Paprika|Spices, paprika ;; 1629429|(MILDE) SAUCE, MILD|(MILD) SAUCE, MILD ;; 169394|Paprika, Banane, roh|Pepper, banana, raw ;; 169395|Paprika, Serrano, roh|Peppers, serrano, raw ;; 168576|Paprika, Jalapeno, roh|Peppers, jalapeno, raw"
263;Paprika, Peperoni, scharfe Sorten;2;Gemüse;SIGHI_FoodList_2024-08-29_p12_r14;"171329|Gewürze, Paprika|Spices, paprika ;; 169394|Paprika, Banane, roh|Pepper, banana, raw ;; 169395|Paprika, Serrano, roh|Peppers, serrano, raw ;; 168576|Paprika, Jalapeno, roh|Peppers, jalapeno, raw ;; 170108|Paprika, süß, rot, roh|Peppers, sweet, red, raw"
264;Paradeiser, Tomaten;2;Gemüse;SIGHI_FoodList_2024-08-29_p12_r15;"170461|Tomatenpulver|Tomato powder ;; 171424|Öl, Tomatensaft|Oil, tomatoseed ;; 170456|Tomaten, grün, roh|Tomatoes, green, raw ;; 170096|Tomaten, gelb, roh|Tomatoes, yellow, raw ;; 170502|Tomaten, orange, roh|Tomatoes, orange, raw"
265;Pastinaken;0;Gemüse;SIGHI_FoodList_2024-08-29_p12_r16;"2747659|Pastinaken, roh|Parsnips, raw ;; 170417|Pastinaken, roh|Parsnips, raw ;; 170508|Pastinaken, gekocht, gekocht, abgetropft, mit Salz|Parsnips, cooked, boiled, drained, with salt ;; 170009|Pastinaken, gekocht, gekocht, abgetropft, ohne Salz|Parsnips, cooked, boiled, drained, without salt"
266;Peperoni, Paprika, milde Sorten;0;Gemüse;SIGHI_FoodList_2024-08-29_p12_r17;"171329|Gewürze, Paprika|Spices, paprika ;; 1629429|(MILDE) SAUCE, MILD|(MILD) SAUCE, MILD ;; 169394|Paprika, Banane, roh|Pepper, banana, raw ;; 169395|Paprika, Serrano, roh|Peppers, serrano, raw ;; 168576|Paprika, Jalapeno, roh|Peppers, jalapeno, raw"
267;Peperoni, Paprika, scharfe Sorten;2;Gemüse;SIGHI_FoodList_2024-08-29_p12_r18;"171329|Gewürze, Paprika|Spices, paprika ;; 169394|Paprika, Banane, roh|Pepper, banana, raw ;; 169395|Paprika, Serrano, roh|Peppers, serrano, raw ;; 168576|Paprika, Jalapeno, roh|Peppers, jalapeno, raw ;; 170108|Paprika, süß, rot, roh|Peppers, sweet, red, raw"
268;Porree;1;Gemüse;SIGHI_FoodList_2024-08-29_p12_r19;
269;Räbe;1;Gemüse;SIGHI_FoodList_2024-08-29_p12_r20;
270;Radieschen und Rettiche (Gattung Raphanus), milde;0;Gemüse;SIGHI_FoodList_2024-08-29_p12_r21;"169276|Radieschen, roh|Radishes, raw ;; 1629429|(MILDE) SAUCE, MILD|(MILD) SAUCE, MILD ;; 2747665|Radieschen, rot, roh|Radishes, red, raw ;; 170095|Radieschensamen, gekeimt, roh|Radish seeds, sprouted, raw ;; 168451|Radieschen, orientalisch, roh|Radishes, oriental, raw"
271;Radieschen und Rettiche (Gattung Raphanus), scharfe;1;Gemüse;SIGHI_FoodList_2024-08-29_p12_r23;"169276|Radieschen, roh|Radishes, raw ;; 2747665|Radieschen, rot, roh|Radishes, red, raw ;; 2569535|SCHARFE HÄHNCHENFLÜGELSAUCE|HOT CHICKEN WING SAUCE ;; 170095|Radieschensamen, gekeimt, roh|Radish seeds, sprouted, raw ;; 168451|Radieschen, orientalisch, roh|Radishes, oriental, raw"
272;Randen;0;Gemüse;SIGHI_FoodList_2024-08-29_p12_r25;
273;Rauke, Rucola;2;Gemüse;SIGHI_FoodList_2024-08-29_p12_r26;"169387|Rucola, roh|Arugula, raw ;; 2710822|Rucola, Baby, roh|Arugula, baby, raw ;; 2608848|(GRÜN) HAUS-CAESAR-SALAT MIT KNACKIGEN GRÜNEN BLÄTTERN, RÖMERSALAT UND RUCOLA, GERIEBENEM SCHARFEN PARMESANKÄSE UND KNUSPRIGEN KNOBLAUCH-PARMESAN-CROUTONS|(GREEN) HOUSE CAESAR CRUNCHY GREEN LEAF, ROMAINE LETTUCE AND ARUGULA, SHREDDED SHARP PARMESAN CHEESE, AND CRISPY GARLIC PARMESAN CROUTONS SALAD KIT"
274;Rettiche und Radieschen (Gattung Raphanus), milde;0;Gemüse;SIGHI_FoodList_2024-08-29_p12_r27;"169276|Radieschen, roh|Radishes, raw ;; 1629429|(MILDE) SAUCE, MILD|(MILD) SAUCE, MILD ;; 2747665|Radieschen, rot, roh|Radishes, red, raw ;; 170095|Radieschensamen, gekeimt, roh|Radish seeds, sprouted, raw ;; 168451|Radieschen, orientalisch, roh|Radishes, oriental, raw"
275;Rettiche und Radieschen (Gattung Raphanus),;1;Gemüse;SIGHI_FoodList_2024-08-29_p12_r29;"169276|Radieschen, roh|Radishes, raw ;; 2747665|Radieschen, rot, roh|Radishes, red, raw ;; 170095|Radieschensamen, gekeimt, roh|Radish seeds, sprouted, raw ;; 168451|Radieschen, orientalisch, roh|Radishes, oriental, raw ;; 170081|Radieschen, weißer Eiszapfen, roh|Radishes, white icicle, raw"
276;Rosenkohl;1;Gemüse;SIGHI_FoodList_2024-08-29_p12_r31;"2685575|Rosenkohl, roh|Brussels sprouts, raw ;; 170383|Rosenkohl, roh|Brussels sprouts, raw ;; 169972|Rosenkohl, gefroren, nicht zubereitet|Brussels sprouts, frozen, unprepared ;; 168513|Rosenkohl, gekocht, gekocht, abgetropft, mit Salz|Brussels sprouts, cooked, boiled, drained, with salt ;; 169971|Rosenkohl, gegart, gekocht, abgetropft, ohne Salz|Brussels sprouts, cooked, boiled, drained, without salt"
277;Rote Bete, Rote Beete;0;Gemüse;SIGHI_FoodList_2024-08-29_p12_r32;"2747653|Rote Bete, roh|Beet greens, raw ;; 2685576|Rote Bete, roh|Beets, raw ;; 170375|Rote Bete, roh|Beet greens, raw ;; 169145|Rote Bete, roh|Beets, raw ;; 169146|Rote Bete, gekocht, abgetropft|Beets, cooked, boiled, drained"
278;Rotkohl, Rotkraut;0;Gemüse;SIGHI_FoodList_2024-08-29_p12_r33;"2346408|Kohl, rot, roh|Cabbage, red, raw ;; 169977|Kohl, rot, roh|Cabbage, red, raw ;; 168515|Kohl, rot, gekocht, gekocht, abgetropft, mit Salz|Cabbage, red, cooked, boiled, drained, with salt ;; 169978|Kohl, rot, gekocht, gekocht, abgetropft, ohne Salz|Cabbage, red, cooked, boiled, drained, without salt ;; 1972771|""GEBRATENER REIS"" BLUMENKOHLSTREUSEL, GEHACKTER BLUMENKOHL, KAROTTEN, SELLERIE, ZWIEBELN UND BROKKOLI IN EINER SÜSSEN TERIYAKI-SAUCE MIT KNOBLAUCH-INGWER-WONTON-STREIFEN VEGGIE BOWL, BLUMENKOHLSTREUSEL|""""FRIED RICE"""" CAULIFLOWER CRUMBLES CHOPPED CAULIFLOWER, CARROTS, CELERY, ONION & BROCCOLI IN A SWEET TERIYAKI SAUCE WITH GARLIC-GINGER WONTON STRIPS VEGGIE BOWL, CAULIFLOWER CRUMBLES"
279;Rucola, Rukola;2;Gemüse;SIGHI_FoodList_2024-08-29_p12_r34;"169387|Rucola, roh|Arugula, raw ;; 2710822|Rucola, Baby, roh|Arugula, baby, raw ;; 2608848|(GRÜN) HAUS-CAESAR-SALAT MIT KNACKIGEN GRÜNEN BLÄTTERN, RÖMERSALAT UND RUCOLA, GERIEBENEM SCHARFEN PARMESANKÄSE UND KNUSPRIGEN KNOBLAUCH-PARMESAN-CROUTONS|(GREEN) HOUSE CAESAR CRUNCHY GREEN LEAF, ROMAINE LETTUCE AND ARUGULA, SHREDDED SHARP PARMESAN CHEESE, AND CRISPY GARLIC PARMESAN CROUTONS SALAD KIT"
280;Rüebli;0;Gemüse;SIGHI_FoodList_2024-08-29_p12_r35;
281;Salat: Blattsalate;0;Gemüse;SIGHI_FoodList_2024-08-29_p12_r36;"169219|Mais-Salat, roh|Cornsalad, raw ;; 170340|KFC, Krautsalat|KFC, Coleslaw ;; 169990|Dinkelsalat, roh|Celtuce, raw ;; 169023|DENNY'S, Krautsalat|DENNY'S, coleslaw ;; 172087|POPEYES, Krautsalat|POPEYES, Coleslaw"
282;Salzgurken;2;Gemüse;SIGHI_FoodList_2024-08-29_p12_r37;
283;Saubohne (Vicia faba);2;Gemüse;SIGHI_FoodList_2024-08-29_p12_r39;
284;Sauerkraut;3;Gemüse;SIGHI_FoodList_2024-08-29_p12_r40;"2629440|HAUSMACHER-SAUERKRAUT|HOMESTYLE SAUERKRAUT ;; 171168|Bratensoße, Sauerkraut, Konserven|Gravy, au jus, canned ;; 169279|Sauerkraut, in Dosen, fest und flüssig|Sauerkraut, canned, solids and liquids"
285;Schmalblättriger Doppelsame, Rucola;2;Gemüse;SIGHI_FoodList_2024-08-29_p12_r41;"169387|Rucola, roh|Arugula, raw ;; 2710822|Rucola, Baby, roh|Arugula, baby, raw ;; 2608848|(GRÜN) HAUS-CAESAR-SALAT MIT KNACKIGEN GRÜNEN BLÄTTERN, RÖMERSALAT UND RUCOLA, GERIEBENEM SCHARFEN PARMESANKÄSE UND KNUSPRIGEN KNOBLAUCH-PARMESAN-CROUTONS|(GREEN) HOUSE CAESAR CRUNCHY GREEN LEAF, ROMAINE LETTUCE AND ARUGULA, SHREDDED SHARP PARMESAN CHEESE, AND CRISPY GARLIC PARMESAN CROUTONS SALAD KIT"
286;Schnittsellerie;0;Gemüse;SIGHI_FoodList_2024-08-29_p12_r42;
287;Schweinsbohne (Vicia faba);2;Gemüse;SIGHI_FoodList_2024-08-29_p12_r43;
288;Sellerie: Knollensellerie (Apium graveolens var.;0;Gemüse;SIGHI_FoodList_2024-08-29_p12_r44;"170400|Knollensellerie, roh|Celeriac, raw ;; 169341|Knollensellerie, gekocht, abgetropft, mit Salz|Celeriac, cooked, boiled, drained, with salt ;; 169987|Knollensellerie, gegart, gekocht, abgetropft, ohne Salz|Celeriac, cooked, boiled, drained, without salt ;; 2346405|Sellerie, roh|Celery, raw ;; 169988|Sellerie, roh|Celery, raw"
289;Sellerie: Schnittsellerie (Apium graveolens var.;0;Gemüse;SIGHI_FoodList_2024-08-29_p12_r46;"2346405|Sellerie, roh|Celery, raw ;; 169988|Sellerie, roh|Celery, raw ;; 170400|Knollensellerie, roh|Celeriac, raw ;; 170920|Gewürze, Selleriesamen|Spices, celery seed ;; 169124|Ananas, roh, alle Sorten|Pineapple, raw, all varieties"
290;Sellerie: Staudensellerie (Apium graveolens var.;0;Gemüse;SIGHI_FoodList_2024-08-29_p12_r48;"2346405|Sellerie, roh|Celery, raw ;; 169988|Sellerie, roh|Celery, raw ;; 170400|Knollensellerie, roh|Celeriac, raw ;; 170920|Gewürze, Selleriesamen|Spices, celery seed ;; 169124|Ananas, roh, alle Sorten|Pineapple, raw, all varieties"
291;Senfkohl, Pak Choi;0;Gemüse;SIGHI_FoodList_2024-08-29_p12_r50;"170390|Kohl, chinesisch (pak-choi), roh|Cabbage, chinese (pak-choi), raw ;; 168517|Kohl, chinesisch (pak-choi), gekocht, abgetropft, mit Salz|Cabbage, chinese (pak-choi), cooked, boiled, drained, with salt ;; 170391|Kohl, chinesisch (Pak-Choi), gekocht, abgetropft, ohne Salz|Cabbage, chinese (pak-choi), cooked, boiled, drained, without salt ;; 169397|Essiggurken, Chowchow, mit Blumenkohl-Zwiebel-Senf, süß|Pickles, chowchow, with cauliflower onion mustard, sweet ;; 172337|Öl, Senf|Oil, mustard"
292;Soja (Sojabohne, Sojamehl);2;Gemüse;SIGHI_FoodList_2024-08-29_p12_r51;"172444|Sojamehl, fettarm|Soy flour, low-fat ;; 169083|Sojabohnen, Quark|Soybean, curd cheese ;; 174275|Sojamehl, entfettet|Soy flour, defatted ;; 1104766|Mehl, Soja, Vollfett|Flour, soy, full-fat ;; 1104705|Mehl, Soja, entfettet|Flour, soy, defatted"
293;Sojasprossen [irrtümliche Bezeichnung. Korrekt:;?;Gemüse;SIGHI_FoodList_2024-08-29_p12_r52;
294;Spalterbsen, Gartenerbsen;1;Gemüse;SIGHI_FoodList_2024-08-29_p12_r54;
295;Spargel;0;Gemüse;SIGHI_FoodList_2024-08-29_p12_r55;"168389|Spargel, roh|Asparagus, raw ;; 2710823|Spargel, grün, roh|Asparagus, green, raw ;; 169208|Spargel, gefroren, nicht zubereitet|Asparagus, frozen, unprepared ;; 168390|Spargel, gekocht, gekocht, abgetropft|Asparagus, cooked, boiled, drained ;; 171537|Spargelcremesuppe, Konserven, kondensiert|Soup, cream of asparagus, canned, condensed"
296;Speiserübe;1;Gemüse;SIGHI_FoodList_2024-08-29_p12_r56;
297;Spinat;2;Gemüse;SIGHI_FoodList_2024-08-29_p12_r57;"168462|Spinat, roh|Spinach, raw ;; 1999632|Spinat, Baby|Spinach, baby ;; 1999633|Spinat, reif|Spinach, mature ;; 170494|Spinat-Soufflé|Spinach souffle ;; 169400|Malabarspinat, gekocht|Malabar spinach, cooked"
298;Sprossenkohl, Rosenkohl;1;Gemüse;SIGHI_FoodList_2024-08-29_p13_r13;"2685575|Rosenkohl, roh|Brussels sprouts, raw ;; 170383|Rosenkohl, roh|Brussels sprouts, raw ;; 169972|Rosenkohl, gefroren, nicht zubereitet|Brussels sprouts, frozen, unprepared ;; 168513|Rosenkohl, gekocht, gekocht, abgetropft, mit Salz|Brussels sprouts, cooked, boiled, drained, with salt ;; 169971|Rosenkohl, gegart, gekocht, abgetropft, ohne Salz|Brussels sprouts, cooked, boiled, drained, without salt"
299;Stangensellerie, Staudensellerie;0;Gemüse;SIGHI_FoodList_2024-08-29_p13_r14;
300;Staudensellerie;0;Gemüse;SIGHI_FoodList_2024-08-29_p13_r15;
301;Tomaten;2;Gemüse;SIGHI_FoodList_2024-08-29_p13_r16;"170461|Tomatenpulver|Tomato powder ;; 171424|Öl, Tomatensaft|Oil, tomatoseed ;; 170456|Tomaten, grün, roh|Tomatoes, green, raw ;; 170096|Tomaten, gelb, roh|Tomatoes, yellow, raw ;; 170502|Tomaten, orange, roh|Tomatoes, orange, raw"
302;Topinambur;0;Gemüse;SIGHI_FoodList_2024-08-29_p13_r17;169236|Topinambur, roh|Jerusalem-artichokes, raw
303;Vogerlsalat;0;Gemüse;SIGHI_FoodList_2024-08-29_p13_r19;
304;Weisskohl, Weisskabis, Weisskraut, Weißkohl,;0;Gemüse;SIGHI_FoodList_2024-08-29_p13_r20;"2603373|KOHLENHYDRATARMER WEISSMEHL-WRAP NACH TRADITIONELLER ART|LOW CARB TRADITIONAL STYLE WHITE FLOUR WRAP ;; 169975|Kohl, roh|Cabbage, raw ;; 170392|Kohl, Kimchi|Cabbage, kimchi ;; 323505|Grünkohl, roh|Kale, raw ;; 168421|Grünkohl, roh|Kale, raw"
305;Welschkohl, Welschkraut, Wirsing;1;Gemüse;SIGHI_FoodList_2024-08-29_p13_r22;"170388|Kohl, Wirsing, roh|Cabbage, savoy, raw ;; 168516|Kohl, Wirsing, gekocht, abgetropft, mit Salz|Cabbage, savoy, cooked, boiled, drained, with salt ;; 170389|Wirsingkohl, gekocht, gekocht, abgetropft, ohne Salz|Cabbage, savoy, cooked, boiled, drained, without salt ;; 169975|Kohl, roh|Cabbage, raw ;; 170392|Kohl, Kimchi|Cabbage, kimchi"
306;Wilde Rauke, Rucola;2;Gemüse;SIGHI_FoodList_2024-08-29_p13_r23;"169387|Rucola, roh|Arugula, raw ;; 2710822|Rucola, Baby, roh|Arugula, baby, raw ;; 2608848|(GRÜN) HAUS-CAESAR-SALAT MIT KNACKIGEN GRÜNEN BLÄTTERN, RÖMERSALAT UND RUCOLA, GERIEBENEM SCHARFEN PARMESANKÄSE UND KNUSPRIGEN KNOBLAUCH-PARMESAN-CROUTONS|(GREEN) HOUSE CAESAR CRUNCHY GREEN LEAF, ROMAINE LETTUCE AND ARUGULA, SHREDDED SHARP PARMESAN CHEESE, AND CRISPY GARLIC PARMESAN CROUTONS SALAD KIT"
307;Wirsing, Wirz, Wirsingkohl, Welschkohl,;1;Gemüse;SIGHI_FoodList_2024-08-29_p13_r24;"170388|Kohl, Wirsing, roh|Cabbage, savoy, raw ;; 168516|Kohl, Wirsing, gekocht, abgetropft, mit Salz|Cabbage, savoy, cooked, boiled, drained, with salt ;; 170389|Wirsingkohl, gekocht, gekocht, abgetropft, ohne Salz|Cabbage, savoy, cooked, boiled, drained, without salt ;; 169975|Kohl, roh|Cabbage, raw ;; 170392|Kohl, Kimchi|Cabbage, kimchi"
308;Würzsellerie, Schnittsellerie;0;Gemüse;SIGHI_FoodList_2024-08-29_p13_r26;
309;Zichorie: Salatzichorie, Chicorée;0;Gemüse;SIGHI_FoodList_2024-08-29_p13_r27;"169992|Chicorée-Gemüse, roh|Chicory greens, raw ;; 169993|Chicorée-Wurzeln, roh|Chicory roots, raw ;; 170404|Chicoree, Chicorée, roh|Chicory, witloof, raw ;; 171897|Getränke, Kaffee, löslich, mit Zichorie|Beverages, coffee, instant, with chicory ;; 174134|Getränke, Kaffee, Instantkaffee, Zichorie|Beverages, coffee, instant, chicory"
310;Zucchini, Zucchetti;0;Gemüse;SIGHI_FoodList_2024-08-29_p13_r28;"168565|Kürbis, Zucchini, Baby, roh|Squash, zucchini, baby, raw ;; 169291|Kürbis, Sommer, Zucchini, mit Schale, roh|Squash, summer, zucchini, includes skin, raw ;; 2685568|Kürbis, Sommer, grün, Zucchini, mit Schale, roh|Squash, summer, green, zucchini, includes skin, raw ;; 168471|Kürbis, Sommer, Zucchini, italienische Art, Konserven|Squash, summer, zucchini, italian style, canned ;; 168469|Kürbis, Sommer, Zucchini, mit Schale, tiefgefroren, unzubereitet|Squash, summer, zucchini, includes skin, frozen, unprepared"
311;Zuckererbse, Zuckerschote;1;Gemüse;SIGHI_FoodList_2024-08-29_p13_r29;
312;Zwiebel: alle anderen, hier nicht als verträglich;1;Gemüse;SIGHI_FoodList_2024-08-29_p13_r30;"170412|Zwiebeln, gefroren, ganz, nicht zubereitet|Onions, frozen, whole, unprepared ;; 173916|Getreide, Grieß, nicht angereichert, trocken|Cereals, farina, unenriched, dry ;; 170569|Nüsse, Paranüsse, getrocknet, nicht blanchiert|Nuts, brazilnuts, dried, unblanched ;; 170020|Erbsen und Zwiebeln, gefroren, nicht zubereitet|Peas and onions, frozen, unprepared ;; 172981|Verzehrfertige Cerealien, HEALTH VALLEY, FIBER 7 Flakes|Cereals ready-to-eat, HEALTH VALLEY, FIBER 7 Flakes"
313;Zwiebel: Milde Zwiebeln der Cevennen;0;Gemüse;SIGHI_FoodList_2024-08-29_p13_r32;"170000|Zwiebeln, roh|Onions, raw ;; 790577|Zwiebeln, rot, roh|Onions, red, raw ;; 170008|Zwiebeln, süß, roh|Onions, sweet, raw ;; 1104962|Zwiebeln, weiß, roh|Onions, white, raw ;; 790646|Zwiebeln, gelb, roh|Onions, yellow, raw"
314;Zwiebel: Tropea-Zwiebel;0;Gemüse;SIGHI_FoodList_2024-08-29_p13_r34;"170000|Zwiebeln, roh|Onions, raw ;; 790577|Zwiebeln, rot, roh|Onions, red, raw ;; 170008|Zwiebeln, süß, roh|Onions, sweet, raw ;; 1104962|Zwiebeln, weiß, roh|Onions, white, raw ;; 790646|Zwiebeln, gelb, roh|Onions, yellow, raw"
315;Zwiebel: Weisse Zwiebel, Weiße Zwiebel;0;Gemüse;SIGHI_FoodList_2024-08-29_p13_r35;"170000|Zwiebeln, roh|Onions, raw ;; 790577|Zwiebeln, rot, roh|Onions, red, raw ;; 170008|Zwiebeln, süß, roh|Onions, sweet, raw ;; 1104962|Zwiebeln, weiß, roh|Onions, white, raw ;; 790646|Zwiebeln, gelb, roh|Onions, yellow, raw"
316;Ährige Minze (Mentha spicata);0;Gemüse;SIGHI_FoodList_2024-08-29_p13_r37;"173475|Minze, frisch|Spearmint, fresh ;; 172239|Krauseminze, getrocknet|Spearmint, dried ;; 2583374|KETOFREUNDLICHE SCHOKOLADEN-MINZ-SANDWICH-KEKSE, SCHOKOLADE; MINZE|KETO FRIENDLY CHOCOLATE MINT SANDWICH COOKIES, CHOCOLATE; MINT"
317;Bärlauch (Allium ursinum);1;Gemüse;SIGHI_FoodList_2024-08-29_p13_r38;
318;Basilikum;0;Gemüse;SIGHI_FoodList_2024-08-29_p13_r39;"172232|Basilikum, frisch|Basil, fresh ;; 2581266|TOMATEN-BASILIKUM-NUDELSAUCE|TOMATO BASIL  PASTA SAUCE ;; 171317|Gewürze, Basilikum, getrocknet|Spices, basil, dried ;; 171582|Sauce, Pesto, CLASSICO, Basilikum-Pesto, servierfertig|Sauce, pesto, CLASSICO, basil pesto, ready-to-serve ;; 171581|Sauce, Pesto, BUITONI, Pesto mit Basilikum, servierfertig, gekühlt|Sauce, pesto, BUITONI, pesto with basil, ready-to-serve, refrigerated"
319;Bockshornklee;2;Gemüse;SIGHI_FoodList_2024-08-29_p13_r40;171324|Gewürze, Bockshornkleesamen|Spices, fenugreek seed
320;Bohnenkraut (Satureja hortensis, Satureja montana);0;Gemüse;SIGHI_FoodList_2024-08-29_p13_r41;170936|Gewürze, Bohnenkraut, gemahlen|Spices, savory, ground
321;Dill, Dillkraut, Dillfenchel;1;Gemüse;SIGHI_FoodList_2024-08-29_p13_r42;"172233|Dillkraut, frisch|Dill weed, fresh ;; 171322|Gewürze, Dillkraut, getrocknet|Spices, dill weed, dried ;; 167759|Sapodilla, roh|Sapodilla, raw ;; 1964067|""""CHEEZY"""" DILL|""""CHEEZY"""" DILL ;; 170925|Gewürze, Dillsamen|Spices, dill seed"
322;Dorst, Dost, Gemeiner Dost, Dostenkraut, Oregano;0;Gemüse;SIGHI_FoodList_2024-08-29_p13_r43;"171328|Gewürze, Oregano, getrocknet|Spices, oregano, dried ;; 2146060|(MEXIKANISCHER) OREGANO, MEXIKANISCH|(MEXICAN) OREGANO, MEXICAN ;; 173709|Fisch, Thunfisch, leicht, in Wasser eingedost, abgetropft (einschließlich Lebensmittel für das Food Distribution Program des USDA)|Fish, tuna, light, canned in water, drained solids (Includes foods for USDA's Food Distribution Program)"
323;Echter Dost (Origanum vulgare), Oregano;0;Gemüse;SIGHI_FoodList_2024-08-29_p13_r44;"171328|Gewürze, Oregano, getrocknet|Spices, oregano, dried ;; 2607109|ECHTER FASSGEREIFTER FETA-KÄSE|AUTHENTIC BARREL RIPENED FETA CHEESE ;; 2146060|(MEXIKANISCHER) OREGANO, MEXIKANISCH|(MEXICAN) OREGANO, MEXICAN ;; 175156|Fisch, Thunfisch, frisch, Echter Bonito, roh|Fish, tuna, fresh, skipjack, raw ;; 172005|Fisch, Thunfisch, Echter Bonito, frisch, gekocht, trockene Hitze|Fish, tuna, skipjack, fresh, cooked, dry heat"
324;Echter Kerbel, Gartenkerbel (Anthriscus cerefolium);0;Gemüse;SIGHI_FoodList_2024-08-29_p13_r45;"171318|Gewürze, Kerbel, getrocknet|Spices, chervil, dried ;; 2607109|ECHTER FASSGEREIFTER FETA-KÄSE|AUTHENTIC BARREL RIPENED FETA CHEESE ;; 175156|Fisch, Thunfisch, frisch, Echter Bonito, roh|Fish, tuna, fresh, skipjack, raw ;; 172005|Fisch, Thunfisch, Echter Bonito, frisch, gekocht, trockene Hitze|Fish, tuna, skipjack, fresh, cooked, dry heat"
325;Gartenkerbe, Echter Kerbel (Anthriscus cerefolium);0;Gemüse;SIGHI_FoodList_2024-08-29_p13_r46;"171318|Gewürze, Kerbel, getrocknet|Spices, chervil, dried ;; 2607109|ECHTER FASSGEREIFTER FETA-KÄSE|AUTHENTIC BARREL RIPENED FETA CHEESE ;; 175156|Fisch, Thunfisch, frisch, Echter Bonito, roh|Fish, tuna, fresh, skipjack, raw ;; 172005|Fisch, Thunfisch, Echter Bonito, frisch, gekocht, trockene Hitze|Fish, tuna, skipjack, fresh, cooked, dry heat"
326;Grüne Minze (Mentha spicata);0;Gemüse;SIGHI_FoodList_2024-08-29_p13_r47;"173475|Minze, frisch|Spearmint, fresh ;; 172239|Krauseminze, getrocknet|Spearmint, dried ;; 169249|Kopfsalat, grünes Blatt, roh|Lettuce, green leaf, raw ;; 2096414|""""HATCH"""" GRÜNER CHILI-FIESTA-MIX|""""HATCH"""" GREEN CHILE FIESTA MIX ;; 169057|Salatdressing, grüne Göttin, normal|Salad dressing, green goddess, regular"
327;Gurkenkraut, Dill (Anethum graveolens);1;Gemüse;SIGHI_FoodList_2024-08-29_p13_r48;"167759|Sapodilla, roh|Sapodilla, raw ;; 1964067|""""CHEEZY"""" DILL|""""CHEEZY"""" DILL ;; 172233|Dillkraut, frisch|Dill weed, fresh ;; 170925|Gewürze, Dillsamen|Spices, dill seed ;; 2571301|PIZZABRÖTCHEN EMPANADILLAS|PIZZA TURNOVERS EMPANADILLAS"
328;Kerbel, Echter Kerbel, Gartenkerbel (Anthriscus;0;Gemüse;SIGHI_FoodList_2024-08-29_p13_r49;"171318|Gewürze, Kerbel, getrocknet|Spices, chervil, dried ;; 2607109|ECHTER FASSGEREIFTER FETA-KÄSE|AUTHENTIC BARREL RIPENED FETA CHEESE ;; 175156|Fisch, Thunfisch, frisch, Echter Bonito, roh|Fish, tuna, fresh, skipjack, raw ;; 172005|Fisch, Thunfisch, Echter Bonito, frisch, gekocht, trockene Hitze|Fish, tuna, skipjack, fresh, cooked, dry heat"
329;Kleesorten (Trigonella- und Trifolium-Arten);2;Gemüse;SIGHI_FoodList_2024-08-29_p13_r51;"168407|Kresse, Garten, roh|Cress, garden, raw ;; 172430|Erdnüsse, alle Arten, roh|Peanuts, all types, raw ;; 174193|Fisch, Aal, gemischte Arten, roh|Fish, eel, mixed species, raw ;; 173697|Fisch, Hai, gemischte Arten, roh|Fish, shark, mixed species, raw ;; 167961|Snacks, Schweineschwarten, glatt|Snacks, pork skins, plain"
330;Krause Minze (Mentha spicata);0;Gemüse;SIGHI_FoodList_2024-08-29_p13_r52;"172239|Krauseminze, getrocknet|Spearmint, dried ;; 173475|Minze, frisch|Spearmint, fresh ;; 2583374|KETOFREUNDLICHE SCHOKOLADEN-MINZ-SANDWICH-KEKSE, SCHOKOLADE; MINZE|KETO FRIENDLY CHOCOLATE MINT SANDWICH COOKIES, CHOCOLATE; MINT"
331;Marokkanische Minze (Mentha spicata);0;Gemüse;SIGHI_FoodList_2024-08-29_p13_r53;"173475|Minze, frisch|Spearmint, fresh ;; 172239|Krauseminze, getrocknet|Spearmint, dried ;; 171182|SMART SOUP, Marokkanische Kichererbse|SMART SOUP, Moroccan Chick Pea ;; 2583374|KETOFREUNDLICHE SCHOKOLADEN-MINZ-SANDWICH-KEKSE, SCHOKOLADE; MINZE|KETO FRIENDLY CHOCOLATE MINT SANDWICH COOKIES, CHOCOLATE; MINT"
332;Minze: Grüne Minze (Mentha spicata);0;Gemüse;SIGHI_FoodList_2024-08-29_p14_r13;"173475|Minze, frisch|Spearmint, fresh ;; 172239|Krauseminze, getrocknet|Spearmint, dried ;; 169249|Kopfsalat, grünes Blatt, roh|Lettuce, green leaf, raw ;; 2096414|""""HATCH"""" GRÜNER CHILI-FIESTA-MIX|""""HATCH"""" GREEN CHILE FIESTA MIX ;; 169057|Salatdressing, grüne Göttin, normal|Salad dressing, green goddess, regular"
333;Müllerkraut, Oregano;0;Gemüse;SIGHI_FoodList_2024-08-29_p14_r14;"171328|Gewürze, Oregano, getrocknet|Spices, oregano, dried ;; 2146060|(MEXIKANISCHER) OREGANO, MEXIKANISCH|(MEXICAN) OREGANO, MEXICAN"
334;Nanaminze (Mentha spicata);0;Gemüse;SIGHI_FoodList_2024-08-29_p14_r15;
335;Oregano;0;Gemüse;SIGHI_FoodList_2024-08-29_p14_r16;"171328|Gewürze, Oregano, getrocknet|Spices, oregano, dried ;; 2146060|(MEXIKANISCHER) OREGANO, MEXIKANISCH|(MEXICAN) OREGANO, MEXICAN"
336;Petersilie;0;Gemüse;SIGHI_FoodList_2024-08-29_p14_r17;"170416|Petersilie, frisch|Parsley, fresh ;; 170486|Petersilie, gefriergetrocknet|Parsley, freeze-dried ;; 170930|Gewürze, Petersilie, getrocknet|Spices, parsley, dried"
337;Pfefferminze;0;Gemüse;SIGHI_FoodList_2024-08-29_p14_r18;
338;Rosmarin;0;Gemüse;SIGHI_FoodList_2024-08-29_p14_r19;"173473|Rosmarin, frisch|Rosemary, fresh ;; 171333|Gewürze, Rosmarin, getrocknet|Spices, rosemary, dried ;; 2604504|NATURBELASSENER ROSMARIN-OLIVENÖL-BASMATI-REIS, ROSMARIN, OLIVENÖL|ALL NATURAL ROSEMARY & OLIVE OIL BASMATI RICE, ROSEMARY; OLIVE OIL"
339;Salbei: Echte Salbei, Garten-Salbei, Küchensalbei;0;Gemüse;SIGHI_FoodList_2024-08-29_p14_r20;"167781|Kandierte Früchte|Candied fruit ;; 168407|Kresse, Garten, roh|Cress, garden, raw ;; 170402|Chayote, Früchte, roh|Chayote, fruit, raw ;; 327046|Kiwifrüchte, grün, roh|Kiwifruit, green, raw ;; 168153|Kiwifrüchte, grün, roh|Kiwifruit, green, raw"
340;Schabzigerklee;2;Gemüse;SIGHI_FoodList_2024-08-29_p14_r22;
341;Schnittlauch;1;Gemüse;SIGHI_FoodList_2024-08-29_p14_r23;"169994|Schnittlauch, roh|Chives, raw ;; 170075|Schnittlauch, gefriergetrocknet|Chives, freeze-dried ;; 2670362|""SAUERRAHM & SCHNITTLAUCH GEKEIMTE CASHEWS, SAUERRAHM & SCHNITTLAUCH|""SOUR CREAM"" & CHIVE SPROUTED CASHEWS, ""SOUR CREAM"" & CHIVE"
342;Speer-Minze (Mentha spicata, engl.: spearmint);0;Gemüse;SIGHI_FoodList_2024-08-29_p14_r24;"173475|Minze, frisch|Spearmint, fresh ;; 172239|Krauseminze, getrocknet|Spearmint, dried ;; 168147|Vitales Weizengluten|Vital wheat gluten ;; 172761|Muffins, Englisch, Weizen|Muffins, English, wheat ;; 170187|Nüsse, Walnüsse, Englisch|Nuts, walnuts, english"
343;Wohlgemut, Oregano;0;Gemüse;SIGHI_FoodList_2024-08-29_p14_r25;"171328|Gewürze, Oregano, getrocknet|Spices, oregano, dried ;; 2146060|(MEXIKANISCHER) OREGANO, MEXIKANISCH|(MEXICAN) OREGANO, MEXICAN"
344;Acerola, Acerolapulver, Acerolakirsche, Azerola,;0;Früchte;SIGHI_FoodList_2024-08-29_p14_r27;"167806|Baobab-Pulver|Baobab powder ;; 170461|Tomatenpulver|Tomato powder ;; 171687|Acerolasaft, roh|Acerola juice, raw ;; 173429|Ei-Ersatz, Pulver|Egg substitute, powder ;; 171319|Gewürze, Chilipulver|Spices, chili powder"
345;Ananas;2;Früchte;SIGHI_FoodList_2024-08-29_p14_r31;"2346398|Ananas, roh|Pineapple, raw ;; 173944|Bananen, roh|Bananas, raw ;; 169665|Toppings, Ananas|Toppings, pineapple ;; 1105073|Bananen, überreif, roh|Bananas, overripe, raw ;; 169124|Ananas, roh, alle Sorten|Pineapple, raw, all varieties"
346;Andenbeere, Andenkirsche (Physalis peruviana);0;Früchte;SIGHI_FoodList_2024-08-29_p14_r32;"2346410|Himbeeren, roh|Raspberries, raw ;; 2346409|Erdbeeren, roh|Strawberries, raw ;; 167755|Himbeeren, roh|Raspberries, raw ;; 167762|Erdbeeren, roh|Strawberries, raw ;; 173946|Brombeeren, roh|Blackberries, raw"
347;Apfel;0;Früchte;SIGHI_FoodList_2024-08-29_p14_r33;"175032|Strudel, Apfel|Strudel, apple ;; 174988|Croissants, Apfel|Croissants, apple ;; 173469|Essig, Apfelessig|Vinegar, cider ;; 168816|Fruchtbutter, Apfel|Fruit butters, apple ;; 171688|Apfel, roh, mit Schale|Apple, raw, with skin"
348;Apfel: Golden Delicious;0;Früchte;SIGHI_FoodList_2024-08-29_p14_r34;"168202|Äpfel, roh, golden delicious, mit Schale|Apples, raw, golden delicious, with skin ;; 175032|Strudel, Apfel|Strudel, apple ;; 174988|Croissants, Apfel|Croissants, apple ;; 173469|Essig, Apfelessig|Vinegar, cider ;; 168816|Fruchtbutter, Apfel|Fruit butters, apple"
349;Apfelsine, Orange;3;Früchte;SIGHI_FoodList_2024-08-29_p14_r35;"167577|Sorbet, orange|Sherbet, orange ;; 168819|Marmelade, Orange|Marmalade, orange ;; 169103|Orangenschalen, roh|Orange peel, raw ;; 170502|Tomaten, orange, roh|Tomatoes, orange, raw ;; 169918|Orangen, roh, Florida|Oranges, raw, Florida"
350;Aprikose;0;Früchte;SIGHI_FoodList_2024-08-29_p14_r36;"171697|Aprikosen, roh|Apricots, raw ;; 171032|Öl, Aprikosenkernöl|Oil, apricot kernel ;; 2710815|Aprikose, mit Schale, roh|Apricot, with skin, raw ;; 171703|Aprikosen, gefroren, gesüßt|Apricots, frozen, sweetened ;; 170645|Konfitüren und Konserven, Aprikosen|Jams and preserves, apricot"
351;Aronia, Apfelbeeren, Filzige Apfelbeere (Aronia;?;Früchte;SIGHI_FoodList_2024-08-29_p14_r37;"168058|Aroniabeeren, roh, entsteint (Schoschonen-Bannock)|Chokecherries, raw, pitted (Shoshone Bannock) ;; 2346410|Himbeeren, roh|Raspberries, raw ;; 2346409|Erdbeeren, roh|Strawberries, raw ;; 167755|Himbeeren, roh|Raspberries, raw ;; 167762|Erdbeeren, roh|Strawberries, raw"
352;Babybanane;?;Früchte;SIGHI_FoodList_2024-08-29_p14_r41;
353;Banane, Dessertbanane, Obstbanane;2;Früchte;SIGHI_FoodList_2024-08-29_p14_r42;"173944|Bananen, roh|Bananas, raw ;; 169394|Paprika, Banane, roh|Pepper, banana, raw ;; 168849|Snacks, Bananenchips|Snacks, banana chips ;; 1105073|Bananen, überreif, roh|Bananas, overripe, raw ;; 2710817|Kochbananen, reif, roh|Plantains, ripe, raw"
354;Baumtomate (Solanum betaceum);?;Früchte;SIGHI_FoodList_2024-08-29_p14_r43;
355;Birne;1;Früchte;SIGHI_FoodList_2024-08-29_p14_r44;"169118|Birnen, roh|Pears, raw ;; 168177|Birnen, asiatisch, roh|Pears, asian, raw ;; 167777|Birnen, roh, rot anjou|Pears, raw, red anjou ;; 167718|Babynahrung, Saft, Birne|Babyfood, juice, pear ;; 170943|Babynahrung, Obst, Birnen, Junior|Babyfood, fruit, pears, junior"
356;Birne: Nashi-Birne;?;Früchte;SIGHI_FoodList_2024-08-29_p14_r45;"169118|Birnen, roh|Pears, raw ;; 168177|Birnen, asiatisch, roh|Pears, asian, raw ;; 167777|Birnen, roh, rot anjou|Pears, raw, red anjou ;; 167718|Babynahrung, Saft, Birne|Babyfood, juice, pear ;; 170943|Babynahrung, Obst, Birnen, Junior|Babyfood, fruit, pears, junior"
357;Blaubeere (Vaccinium myrtillus);0;Früchte;SIGHI_FoodList_2024-08-29_p14_r46;"172767|Muffins, Blaubeere, Toaster-Typ|Muffins, blueberry, toaster-type ;; 167738|Kuchenfüllungen, Blaubeeren, Konserven|Pie fillings, blueberry, canned ;; 175045|Muffins, Blaubeere, Toaster-Typ, getoastet|Muffins, blueberry, toaster-type, toasted ;; 172778|Kuchen, Blaubeeren, handelsüblich zubereitet|Pie, blueberry, commercially prepared ;; 168179|Blaubeeren, Konserven, leichter Sirup, abgetropft|Blueberries, canned, light syrup, drained"
358;Bocksdorn-Beeren, Goji-Beeren;0;Früchte;SIGHI_FoodList_2024-08-29_p14_r47;"173032|Goji-Beeren, getrocknet|Goji berries, dried ;; 2346410|Himbeeren, roh|Raspberries, raw ;; 2346409|Erdbeeren, roh|Strawberries, raw ;; 167755|Himbeeren, roh|Raspberries, raw ;; 167762|Erdbeeren, roh|Strawberries, raw"
359;Boysenbeere (Rubus ursinus × idaeus);?;Früchte;SIGHI_FoodList_2024-08-29_p14_r48;"171713|Boysenbeeren, gefroren, ungesüßt|Boysenberries, frozen, unsweetened ;; 171712|Boysenbeeren, eingemacht, schwerer Sirup|Boysenberries, canned, heavy syrup ;; 2346410|Himbeeren, roh|Raspberries, raw ;; 2346409|Erdbeeren, roh|Strawberries, raw ;; 167755|Himbeeren, roh|Raspberries, raw"
360;Brombeeren;0;Früchte;SIGHI_FoodList_2024-08-29_p14_r49;"173946|Brombeeren, roh|Blackberries, raw ;; 171710|Brombeeren, gefroren, ungesüßt|Blackberries, frozen, unsweetened ;; 168982|Brombeeren, wild, roh (Alaska Native)|Blackberries, wild, raw (Alaska Native) ;; 171709|Brombeeren, Konserven, schwerer Sirup, fest und flüssig|Blackberries, canned, heavy syrup, solids and liquids ;; 2346410|Himbeeren, roh|Raspberries, raw"
361;Carambola, Karambole, Sternfrucht;0;Früchte;SIGHI_FoodList_2024-08-29_p14_r50;"171715|Karambola, (Sternfrucht), roh|Carambola, (starfruit), raw ;; 167953|Fruchtsirup|Fruit syrup ;; 171714|Brotfrucht, roh|Breadfruit, raw ;; 174687|Jackfrucht, roh|Jackfruit, raw ;; 168816|Fruchtbutter, Apfel|Fruit butters, apple"
362;Cassis;0;Früchte;SIGHI_FoodList_2024-08-29_p14_r51;
363;Chinesische Quitte, Kaki;0;Früchte;SIGHI_FoodList_2024-08-29_p14_r52;"168163|Quitten, roh|Quinces, raw ;; 169941|Kakis, japanisch, roh|Persimmons, japanese, raw ;; 169943|Kakis, einheimisch, roh|Persimmons, native, raw ;; 169942|Kakis, japanisch, getrocknet|Persimmons, japanese, dried ;; 171821|Suppe, Wonton, Chinesisches Restaurant|Soup, wonton, Chinese restaurant"
364;Cranberry;0;Früchte;SIGHI_FoodList_2024-08-29_p14_r53;"168117|Preiselbeersaft, ungesüßt|Cranberry juice, unsweetened ;; 1925211|SELTZER, PREISELBEER-APFELWEIN|SELTZER, CRANBERRY CIDER ;; 173214|Getränke, Cranberrysaft-Cocktail|Beverages, Cranberry juice cocktail ;; 173961|Preiselbeersauce, in Dosen, gesüßt|Cranberry sauce, canned, sweetened ;; 171903|Preiselbeersaft-Cocktail, abgefüllt|Cranberry juice cocktail, bottled"
365;Datteln getrocknet;0;Früchte;SIGHI_FoodList_2024-08-29_p14_r54;"168191|Datteln, Medjool|Dates, medjool ;; 168418|Pepeao, getrocknet|Pepeao, dried ;; 169907|Longans, getrocknet|Longans, dried ;; 323793|Ei, weiß, getrocknet|Egg, white, dried ;; 329490|Ei, ganz, getrocknet|Egg, whole, dried"
366;Drachenfrucht, Pitaya, Pitahaya;0;Früchte;SIGHI_FoodList_2024-08-29_p14_r55;"167953|Fruchtsirup|Fruit syrup ;; 171714|Brotfrucht, roh|Breadfruit, raw ;; 174687|Jackfrucht, roh|Jackfruit, raw ;; 168816|Fruchtbutter, Apfel|Fruit butters, apple ;; 167957|Sirup, mit Fruchtgeschmack|Syrup, fruit flavored"
367;Dreilappige Papau (Asimina triloba, Indianerbanane);?;Früchte;SIGHI_FoodList_2024-08-29_p15_r13;
368;Erdbeere;2;Früchte;SIGHI_FoodList_2024-08-29_p15_r14;"2346409|Erdbeeren, roh|Strawberries, raw ;; 167762|Erdbeeren, roh|Strawberries, raw ;; 168758|Toppings, Erdbeere|Toppings, strawberry ;; 168810|Speiseeis, Erdbeere|Ice creams, strawberry ;; 173045|Guaven, Erdbeere, roh|Guavas, strawberry, raw"
369;Feigen, frisch oder getrocknet;0;Früchte;SIGHI_FoodList_2024-08-29_p15_r15;"174666|Feigen, getrocknet, gedünstet|Figs, dried, stewed ;; 174665|Feigen, getrocknet, ungekocht|Figs, dried, uncooked ;; 168152|Jujube, chinesisch, frisch, getrocknet|Jujube, Chinese, fresh, dried ;; 173021|Feigen, roh|Figs, raw ;; 173475|Minze, frisch|Spearmint, fresh"
370;gelbe Granadilla, Passionsfrucht;?;Früchte;SIGHI_FoodList_2024-08-29_p15_r16;"169108|Passionsfrucht, (Granadilla), violett, roh|Passion-fruit, (granadilla), purple, raw ;; 169110|Passionsfruchtsaft, gelb, roh|Passion-fruit juice, yellow, raw ;; 169109|Passionsfruchtsaft, violett, roh|Passion-fruit juice, purple, raw ;; 171930|Getränke, V8 SPLASH Saftgetränke, Guave Passionsfrucht|Beverages, V8 SPLASH Juice Drinks, Guava Passion Fruit ;; 167953|Fruchtsirup|Fruit syrup"
371;Goiaba, Guave, Psidium guajava;2;Früchte;SIGHI_FoodList_2024-08-29_p15_r17;"174686|Guavensauce, gekocht|Guava sauce, cooked ;; 173044|Guaven, gemeine, roh|Guavas, common, raw ;; 173045|Guaven, Erdbeere, roh|Guavas, strawberry, raw ;; 168210|Guavennektar, mit Sucralose, in Dosen|Guava nectar, with sucralose, canned ;; 2157882|!LUCHA GRANDE! BONBON, GUAVE, MANGO-CHILI|!LUCHA GRANDE! CANDY, GUAVA, MANGO CHILE"
372;Goji-Beeren, Bocksdorn-Beeren;0;Früchte;SIGHI_FoodList_2024-08-29_p15_r18;"173032|Goji-Beeren, getrocknet|Goji berries, dried ;; 2346410|Himbeeren, roh|Raspberries, raw ;; 2346409|Erdbeeren, roh|Strawberries, raw ;; 167755|Himbeeren, roh|Raspberries, raw ;; 167762|Erdbeeren, roh|Strawberries, raw"
373;Granatapfel;0;Früchte;SIGHI_FoodList_2024-08-29_p15_r19;"167787|Granatapfelsaft, abgefüllt|Pomegranate juice, bottled ;; 2631752|GRANATAPFEL-KIRSCHSCHORLE, GRANATAPFEL; KIRSCHE|POMEGRANATE CHERRY SPARKLING SELTZER WATER, POMEGRANATE; CHERRY ;; 170913|Joghurt, griechisch, fettfrei, Frucht am Boden, Granatapfel, CHOBANI|Yogurt, Greek, nonfat, Fruit on Bottom, Pomegranate, CHOBANI ;; 173166|Getränke, Wasser, in Flaschen, Gurke, Granatapfel mit Antioxidantien, kalorienfrei|Beverages, water, bottled, yumberry, pomegranate with anti-oxidants, zero calories ;; 175032|Strudel, Apfel|Strudel, apple"
374;Grapefruit;2;Früchte;SIGHI_FoodList_2024-08-29_p15_r20;"167774|Grapefruitsaft, rosa, roh|Grapefruit juice, pink, raw ;; 173039|Grapefruitsaft, weiß, roh|Grapefruit juice, white, raw ;; 173034|Grapefruit, roh, weiß, Florida|Grapefruit, raw, white, Florida ;; 174677|Grapefruit, roh, weiß, Kalifornien|Grapefruit, raw, white, California ;; 174676|Grapefruit, roh, weiß, alle Bereiche|Grapefruit, raw, white, all areas"
375;Grossfrüchtige Moosbeere, Großfrüchtige Moosbeere;0;Früchte;SIGHI_FoodList_2024-08-29_p15_r21;"174856|Getränke, OCEAN SPRAY, Rubinrote Moosbeere|Beverages, OCEAN SPRAY, Ruby Red cranberry ;; 2346410|Himbeeren, roh|Raspberries, raw ;; 2346409|Erdbeeren, roh|Strawberries, raw ;; 167755|Himbeeren, roh|Raspberries, raw ;; 167762|Erdbeeren, roh|Strawberries, raw"
376;Guave, Guava, Guayave, Guayaba;2;Früchte;SIGHI_FoodList_2024-08-29_p15_r22;"174686|Guavensauce, gekocht|Guava sauce, cooked ;; 173044|Guaven, gemeine, roh|Guavas, common, raw ;; 173045|Guaven, Erdbeere, roh|Guavas, strawberry, raw ;; 168210|Guavennektar, mit Sucralose, in Dosen|Guava nectar, with sucralose, canned ;; 2157882|!LUCHA GRANDE! BONBON, GUAVE, MANGO-CHILI|!LUCHA GRANDE! CANDY, GUAVA, MANGO CHILE"
377;Hagebutte;1;Früchte;SIGHI_FoodList_2024-08-29_p15_r23;168998|Hagebutten, wild (Nördliche Prärie-Indianer)|Rose Hips, wild (Northern Plains Indians)
378;Heidelbeeren;0;Früchte;SIGHI_FoodList_2024-08-29_p15_r24;"2346411|Heidelbeeren, roh|Blueberries, raw ;; 171711|Heidelbeeren, roh|Blueberries, raw ;; 173951|Heidelbeeren, gefroren, gesüßt|Blueberries, frozen, sweetened ;; 168158|Heidelbeeren, getrocknet, gesüßt|Blueberries, dried, sweetened ;; 167640|Heidelbeeren, wild, roh (Alaska Native)|Blueberries, wild, raw (Alaska Native)"
379;Himbeeren;2;Früchte;SIGHI_FoodList_2024-08-29_p15_r25;"2346410|Himbeeren, roh|Raspberries, raw ;; 167755|Himbeeren, roh|Raspberries, raw ;; 167808|Himbeeren, püriert, kernlos|Raspberries, puree, seedless ;; 167809|Himbeeren, püriert, mit Kernen|Raspberries, puree, with seeds ;; 167757|Himbeeren, gefroren, rot, gesüßt|Raspberries, frozen, red, sweetened"
380;Holler, Schwarzer Holunder;0;Früchte;SIGHI_FoodList_2024-08-29_p15_r26;"171727|Holunderbeeren, roh|Elderberries, raw ;; 1961882|(UNGESÜSSTER) LANGSAM GEBRÜHTER SCHWARZER EISTEE, SCHWARZ|(UN) SWEETENED SLOW BREWED ICED BLACK TEA, BLACK"
381;Holunderbeeren, Schwarzer Holunder;0;Früchte;SIGHI_FoodList_2024-08-29_p15_r27;"171727|Holunderbeeren, roh|Elderberries, raw ;; 2346410|Himbeeren, roh|Raspberries, raw ;; 2346409|Erdbeeren, roh|Strawberries, raw ;; 167755|Himbeeren, roh|Raspberries, raw ;; 167762|Erdbeeren, roh|Strawberries, raw"
382;Johannisbeere, rote;0;Früchte;SIGHI_FoodList_2024-08-29_p15_r28;"173964|Johannisbeeren, rot und weiß, roh|Currants, red and white, raw ;; 171724|Johannisbeeren, Zante, getrocknet|Currants, zante, dried ;; 167630|Chilchen (Rotes Beerengetränk) (Navajo)|Chilchen (Red Berry Beverage) (Navajo) ;; 173963|Johannisbeeren, europäisch schwarz, roh|Currants, european black, raw ;; 174856|Getränke, OCEAN SPRAY, Rubinrote Moosbeere|Beverages, OCEAN SPRAY, Ruby Red cranberry"
383;Jostabeeren, Jochelbeere, Joglbeere;0;Früchte;SIGHI_FoodList_2024-08-29_p15_r29;"2346410|Himbeeren, roh|Raspberries, raw ;; 2346409|Erdbeeren, roh|Strawberries, raw ;; 167755|Himbeeren, roh|Raspberries, raw ;; 167762|Erdbeeren, roh|Strawberries, raw ;; 173946|Brombeeren, roh|Blackberries, raw"
384;Kakao, Kakaopulver (Schokolade etc.);2;Früchte;SIGHI_FoodList_2024-08-29_p15_r30;"169593|Kakao, Trockenpulver, ungesüßt|Cocoa, dry powder, unsweetened ;; 174122|Getränke, Kakaomischung, Pulver|Beverages, Cocoa mix, powder ;; 170272|Schokolade, dunkel, 60-69% Kakaoanteil|Chocolate, dark, 60-69% cacao solids ;; 170273|Schokolade, dunkel, 70-85% Kakaoanteil|Chocolate, dark, 70-85% cacao solids ;; 170271|Schokolade, dunkel, 45- 59% Kakaoanteil|Chocolate, dark, 45- 59% cacao solids"
385;Kakaobutter;0;Früchte;SIGHI_FoodList_2024-08-29_p15_r31;"171421|Öl, Kakaobutter|Oil, cocoa butter ;; 173600|Öl, industriell, Palmkernöl, Süßwarenfett, ähnliche Verwendung wie hochwertige Kakaobutter|Oil, industrial, palm kernel, confection fat, uses similar to high quality cocoa butter ;; 173430|Butter, ohne Salz|Butter, without salt ;; 173570|Öl, Ucuhubabutter|Oil, ucuhuba butter ;; 174987|Croissants, Butter|Croissants, butter"
386;Kaki, Kakipflaume;0;Früchte;SIGHI_FoodList_2024-08-29_p15_r32;"169941|Kakis, japanisch, roh|Persimmons, japanese, raw ;; 169943|Kakis, einheimisch, roh|Persimmons, native, raw ;; 169942|Kakis, japanisch, getrocknet|Persimmons, japanese, dried"
387;Kaktusfeigen (Opuntia ficus-indica);0;Früchte;SIGHI_FoodList_2024-08-29_p15_r33;"167750|Kaktusfeigen, roh|Prickly pears, raw ;; 169816|Kaktusfeigen, roh (Nördliche Prärieindianer)|Prickly pears, raw (Northern Plains Indians) ;; 169817|Kaktusfeigen, gebraten (Nördliche Prärie-Indianer)|Prickly pears, broiled (Northern Plains Indians)"
388;Kapstachelbeere (Physalis peruviana), Physalis;0;Früchte;SIGHI_FoodList_2024-08-29_p15_r34;"2346410|Himbeeren, roh|Raspberries, raw ;; 2346409|Erdbeeren, roh|Strawberries, raw ;; 167755|Himbeeren, roh|Raspberries, raw ;; 167762|Erdbeeren, roh|Strawberries, raw ;; 173946|Brombeeren, roh|Blackberries, raw"
389;Karambole, Karambola, Sternfrucht;0;Früchte;SIGHI_FoodList_2024-08-29_p15_r35;"171715|Karambola, (Sternfrucht), roh|Carambola, (starfruit), raw ;; 167953|Fruchtsirup|Fruit syrup ;; 171714|Brotfrucht, roh|Breadfruit, raw ;; 174687|Jackfrucht, roh|Jackfruit, raw ;; 168816|Fruchtbutter, Apfel|Fruit butters, apple"
390;Kirschen, Süßkirschen;0;Früchte;SIGHI_FoodList_2024-08-29_p15_r36;"171719|Kirschen, süß, roh|Cherries, sweet, raw ;; 2536550|GETROCKNETE KIRSCHEN|DRIED CHERRIES ;; 173954|Kirschen, sauer, rot, roh|Cherries, sour, red, raw ;; 2346399|Kirschen, süß, dunkelrot, roh|Cherries, sweet, dark red, raw ;; 167766|Maraschino-Kirschen, Konserven, abgetropft|Maraschino cherries, canned, drained"
391;Kiwi;2;Früchte;SIGHI_FoodList_2024-08-29_p15_r37;"327046|Kiwifrüchte, grün, roh|Kiwifruit, green, raw ;; 168153|Kiwifrüchte, grün, roh|Kiwifruit, green, raw ;; 168211|Kiwis, ZESPRI SunGold, roh|Kiwifruit, ZESPRI SunGold, raw ;; 2710831|Kiwis (Kiwi), grün, geschält, roh|Kiwifruit (kiwi), green, peeled, raw ;; 174111|Getränke, Kiwi-Erdbeer-Saftgetränk|Beverages, Kiwi Strawberry Juice Drink"
392;Kokosnuss, Kokosraspel, Kokosmilch, Kokoswasser;1;Früchte;SIGHI_FoodList_2024-08-29_p15_r38;"169615|Pudding, Kokosnusscreme, Trockenmischung, normal, zubereitet mit 2% Milch|Puddings, coconut cream, dry mix, regular, prepared with 2% milk ;; 170172|Nüsse, Kokosnussmilch, roh (Flüssigkeit aus geriebenem Fleisch und Wasser)|Nuts, coconut milk, raw (liquid expressed from grated meat and water) ;; 168781|Pudding, Kokosnusscreme, Trockenmischung, Instant, zubereitet mit 2% Milch|Puddings, coconut cream, dry mix, instant, prepared with 2% milk ;; 168829|Pudding, Kokosnusscreme, Trockenmischung, normal, zubereitet mit Vollmilch|Puddings, coconut cream, dry mix, regular, prepared with whole milk ;; 168827|Pudding, Kokosnusscreme, Trockenmischung, Instant, zubereitet mit Vollmilch|Puddings, coconut cream, dry mix, instant, prepared with whole milk"
393;Korinthen;0;Früchte;SIGHI_FoodList_2024-08-29_p15_r39;
394;Kranbeere (Vaccinium macrocarpon);0;Früchte;SIGHI_FoodList_2024-08-29_p15_r41;"2346410|Himbeeren, roh|Raspberries, raw ;; 2346409|Erdbeeren, roh|Strawberries, raw ;; 167755|Himbeeren, roh|Raspberries, raw ;; 167762|Erdbeeren, roh|Strawberries, raw ;; 173946|Brombeeren, roh|Blackberries, raw"
395;Kronsbeere, Preiselbeere (Vaccinium vitis-idaea);0;Früchte;SIGHI_FoodList_2024-08-29_p15_r42;"171722|Preiselbeeren, roh|Cranberries, raw ;; 174148|Getränke, OCEAN SPRAY, Leichte Preiselbeere|Beverages, OCEAN SPRAY, Light Cranberry ;; 169804|Preiselbeeren, wild, Busch, roh (Alaska Native)|Cranberries, wild, bush, raw (Alaska Native) ;; 174149|Getränke, OCEAN SPRAY, Weiße Preiselbeere Pfirsich|Beverages, OCEAN SPRAY, White Cranberry Peach ;; 174150|Getränke, OCEAN SPRAY, Leichte Preiselbeere, Concord Grape|Beverages, OCEAN SPRAY, Light Cranberry, Concord Grape"
396;Limette;3;Früchte;SIGHI_FoodList_2024-08-29_p15_r43;"168155|Limetten, roh|Limes, raw ;; 168156|Limettensaft, roh|Lime juice, raw ;; 169300|Succotash, (Mais und Limetten), roh|Succotash, (corn and limas), raw ;; 169638|Gefrorene Neuheiten, Typ Eis, Limette|Frozen novelties, ice type, lime ;; 173434|Joghurt, griechisch, 2% Fett, Limettenmischung, CHOBANI|Yogurt, Greek, 2% fat, key lime blend, CHOBANI"
397;Limone;2;Früchte;SIGHI_FoodList_2024-08-29_p15_r44;
398;Litchi, Litschi;0;Früchte;SIGHI_FoodList_2024-08-29_p15_r45;"169086|Litschis, roh|Litchis, raw ;; 169087|Litschis, getrocknet|Litchis, dried"
399;Loganbeere;?;Früchte;SIGHI_FoodList_2024-08-29_p15_r46;"169088|Loganbeeren, gefroren|Loganberries, frozen ;; 2346410|Himbeeren, roh|Raspberries, raw ;; 2346409|Erdbeeren, roh|Strawberries, raw ;; 167755|Himbeeren, roh|Raspberries, raw ;; 167762|Erdbeeren, roh|Strawberries, raw"
400;Mandarine;2;Früchte;SIGHI_FoodList_2024-08-29_p15_r47;"169925|Mandarinensaft, roh|Tangerine juice, raw ;; 2710832|Mandarine, kernlos, geschält, roh|Mandarin, seedless, peeled, raw ;; 169105|Mandarinen, (Mandarinenorangen), roh|Tangerines, (mandarin oranges), raw ;; 169106|Mandarinen, (Mandarinenorangen), in Dosen, Saftpackung|Tangerines, (mandarin oranges), canned, juice pack ;; 169924|Mandarinen, (Mandarinen), in Dosen, leichter Sirup verpackt|Tangerines, (mandarin oranges), canned, light syrup pack"
401;Mango;1;Früchte;SIGHI_FoodList_2024-08-29_p15_r48;"169910|Mangos, roh|Mangos, raw ;; 2685574|Mangold, roh|Collards, raw ;; 170406|Mangold, roh|Collards, raw ;; 167785|Mango-Nektar, Konserven|Mango nectar, canned ;; 169091|Mango, getrocknet, gesüßt|Mango, dried, sweetened"
402;Maracuja (Passiflora edulis / flavicarpa),;?;Früchte;SIGHI_FoodList_2024-08-29_p15_r49;
403;Marille;0;Früchte;SIGHI_FoodList_2024-08-29_p15_r51;173943|Aprikosen/Marillen, getrocknet, geschwefelt, gedünstet, mit Zusatz von Zucker|Apricots, dried, sulfured, stewed, with added sugar
404;Maulbeere;0;Früchte;SIGHI_FoodList_2024-08-29_p15_r52;"169913|Maulbeeren, roh|Mulberries, raw ;; 2346410|Himbeeren, roh|Raspberries, raw ;; 2346409|Erdbeeren, roh|Strawberries, raw ;; 167755|Himbeeren, roh|Raspberries, raw ;; 167762|Erdbeeren, roh|Strawberries, raw"
405;Melonen (außer Wassermelone);0;Früchte;SIGHI_FoodList_2024-08-29_p16_r13;"169407|Kerne, Wassermelonenkerne, getrocknet|Seeds, watermelon seed kernels, dried ;; 167754|Wassermelone, roh|Pummelo, raw ;; 167765|Wassermelone, roh|Watermelon, raw ;; 169093|Melonen, Casaba, roh|Melons, casaba, raw ;; 2710816|Melonen, Honigtau, roh|Melons, honeydew, raw"
406;Melonenbirne, Pepino (Solanum muricatum);0;Früchte;SIGHI_FoodList_2024-08-29_p16_r15;
407;Nashi-Birne;?;Früchte;SIGHI_FoodList_2024-08-29_p16_r16;"169118|Birnen, roh|Pears, raw ;; 168177|Birnen, asiatisch, roh|Pears, asian, raw ;; 167777|Birnen, roh, rot anjou|Pears, raw, red anjou ;; 167718|Babynahrung, Saft, Birne|Babyfood, juice, pear ;; 170943|Babynahrung, Obst, Birnen, Junior|Babyfood, fruit, pears, junior"
408;Nektarinen;0;Früchte;SIGHI_FoodList_2024-08-29_p16_r17;169914|Nektarinen, roh|Nectarines, raw
409;Oemeli, Sauerkirsche;0;Früchte;SIGHI_FoodList_2024-08-29_p16_r18;
410;Orangen;3;Früchte;SIGHI_FoodList_2024-08-29_p16_r19;"169103|Orangenschalen, roh|Orange peel, raw ;; 169918|Orangen, roh, Florida|Oranges, raw, Florida ;; 169919|Orangen, roh, mit Schale|Oranges, raw, with peel ;; 169044|Getränke, Orangensaftgetränk|Beverages, Orange juice drink ;; 169099|Orangensaft, in Dosen, ungesüßt|Orange juice, canned, unsweetened"
411;Orangenschale;3;Früchte;SIGHI_FoodList_2024-08-29_p16_r20;169103|Orangenschalen, roh|Orange peel, raw
412;Papaya;2;Früchte;SIGHI_FoodList_2024-08-29_p16_r21;"169926|Papayas, roh|Papayas, raw ;; 169107|Papayanektar, eingemacht|Papaya nectar, canned ;; 169927|Papaya, Konserven, starker Sirup, abgetropft|Papaya, canned, heavy syrup, drained ;; 171348|Babynahrung, Obst, Guave und Papaya mit Tapioka, abgeseiht|Babyfood, fruit, guava and papaya with tapioca, strained ;; 171350|Babynahrung, Obst, Papaya und Apfelmus mit Tapioka, abgeseiht|Babyfood, fruit, papaya and applesauce with tapioca, strained"
413;Passionsfrucht;?;Früchte;SIGHI_FoodList_2024-08-29_p16_r22;"169110|Passionsfruchtsaft, gelb, roh|Passion-fruit juice, yellow, raw ;; 169109|Passionsfruchtsaft, violett, roh|Passion-fruit juice, purple, raw ;; 169108|Passionsfrucht, (Granadilla), violett, roh|Passion-fruit, (granadilla), purple, raw ;; 171930|Getränke, V8 SPLASH Saftgetränke, Guave Passionsfrucht|Beverages, V8 SPLASH Juice Drinks, Guava Passion Fruit ;; 167953|Fruchtsirup|Fruit syrup"
414;Paw Paw (Asimina triloba, Indianerbanane);?;Früchte;SIGHI_FoodList_2024-08-29_p16_r23;170078|Eppaw, roh|Eppaw, raw
415;Pepino, Melonenbirne (Solanum muricatum);0;Früchte;SIGHI_FoodList_2024-08-29_p16_r24;
416;Persimone, Kaki;0;Früchte;SIGHI_FoodList_2024-08-29_p16_r25;"169941|Kakis, japanisch, roh|Persimmons, japanese, raw ;; 169943|Kakis, einheimisch, roh|Persimmons, native, raw ;; 169942|Kakis, japanisch, getrocknet|Persimmons, japanese, dried"
417;Peruanische Blasenkirsche (Physalis peruviana);0;Früchte;SIGHI_FoodList_2024-08-29_p16_r26;
418;Pfirsich;0;Früchte;SIGHI_FoodList_2024-08-29_p16_r27;"175020|Kuchen, Pfirsich|Pie, peach ;; 169928|Pfirsiche, gelb, roh|Peaches, yellow, raw ;; 173779|SILK Pfirsich Sojajoghurt|SILK Peach soy yogurt ;; 1983487|MARMELADE, PFIRSICH-MANGO-HABANERO|JAM, PEACH MANGO HABANERO ;; 171337|Babynahrung, Obst, Pfirsiche, Junior|Babyfood, fruit, peaches, junior"
419;Pflaumen-Arten;1;Früchte;SIGHI_FoodList_2024-08-29_p16_r28;"169949|Pflaumen, roh|Plums, raw ;; 167780|Pflaumenpüree|Prune puree ;; 168407|Kresse, Garten, roh|Cress, garden, raw ;; 167753|Pflaumensaft, eingemacht|Prune juice, canned ;; 172430|Erdnüsse, alle Arten, roh|Peanuts, all types, raw"
420;Physalis (Physalis peruviana), Kapstachelbeere;0;Früchte;SIGHI_FoodList_2024-08-29_p16_r29;"2346410|Himbeeren, roh|Raspberries, raw ;; 2346409|Erdbeeren, roh|Strawberries, raw ;; 167755|Himbeeren, roh|Raspberries, raw ;; 167762|Erdbeeren, roh|Strawberries, raw ;; 173946|Brombeeren, roh|Blackberries, raw"
421;Pitaya, Pitahaya, Drachenfrucht;0;Früchte;SIGHI_FoodList_2024-08-29_p16_r30;"167953|Fruchtsirup|Fruit syrup ;; 171714|Brotfrucht, roh|Breadfruit, raw ;; 174687|Jackfrucht, roh|Jackfruit, raw ;; 168816|Fruchtbutter, Apfel|Fruit butters, apple ;; 167957|Sirup, mit Fruchtgeschmack|Syrup, fruit flavored"
422;Preiselbeere;0;Früchte;SIGHI_FoodList_2024-08-29_p16_r33;"171722|Preiselbeeren, roh|Cranberries, raw ;; 174148|Getränke, OCEAN SPRAY, Leichte Preiselbeere|Beverages, OCEAN SPRAY, Light Cranberry ;; 169804|Preiselbeeren, wild, Busch, roh (Alaska Native)|Cranberries, wild, bush, raw (Alaska Native) ;; 174149|Getränke, OCEAN SPRAY, Weiße Preiselbeere Pfirsich|Beverages, OCEAN SPRAY, White Cranberry Peach ;; 174150|Getränke, OCEAN SPRAY, Leichte Preiselbeere, Concord Grape|Beverages, OCEAN SPRAY, Light Cranberry, Concord Grape"
423;Purpurgranadilla, Passionsfrucht;?;Früchte;SIGHI_FoodList_2024-08-29_p16_r34;"169110|Passionsfruchtsaft, gelb, roh|Passion-fruit juice, yellow, raw ;; 169109|Passionsfruchtsaft, violett, roh|Passion-fruit juice, purple, raw ;; 169108|Passionsfrucht, (Granadilla), violett, roh|Passion-fruit, (granadilla), purple, raw ;; 171930|Getränke, V8 SPLASH Saftgetränke, Guave Passionsfrucht|Beverages, V8 SPLASH Juice Drinks, Guava Passion Fruit ;; 167953|Fruchtsirup|Fruit syrup"
424;Quetsche, Zwetschge (Prunus domestica subsp.;1;Früchte;SIGHI_FoodList_2024-08-29_p16_r35;"174467|Ente, domestiziert, Leber, roh|Duck, domesticated, liver, raw ;; 172410|Ente, domestiziert, nur Fleisch, roh|Duck, domesticated, meat only, raw ;; 172413|Gans, domestiziert, nur Fleisch, roh|Goose, domesticated, meat only, raw ;; 172408|Ente, domestiziert, Fleisch und Haut, roh|Duck, domesticated, meat and skin, raw ;; 174470|Gans, domestiziert, Fleisch und Haut, roh|Goose, domesticated, meat and skin, raw"
425;Quitten;0;Früchte;SIGHI_FoodList_2024-08-29_p16_r37;168163|Quitten, roh|Quinces, raw
426;Rhabarber;1;Früchte;SIGHI_FoodList_2024-08-29_p16_r38;"167758|Rhabarber, roh|Rhubarb, raw ;; 168168|Rhabarber, gefroren, ungekocht|Rhubarb, frozen, uncooked ;; 168169|Rhabarber, gefroren, gekocht, mit Zucker|Rhubarb, frozen, cooked, with sugar ;; 168022|Rhabarber, wild, Blätter (Alaska Native)|Rhubarb, wild, leaves (Alaska Native)"
427;Ribisel, rote;0;Früchte;SIGHI_FoodList_2024-08-29_p16_r39;"2747653|Rote Bete, roh|Beet greens, raw ;; 2685576|Rote Bete, roh|Beets, raw ;; 170375|Rote Bete, roh|Beet greens, raw ;; 169145|Rote Bete, roh|Beets, raw ;; 174276|Sojaprotein-Isolat|Soy protein isolate"
428;Rigatze, Jostabeere;0;Früchte;SIGHI_FoodList_2024-08-29_p16_r40;"2346410|Himbeeren, roh|Raspberries, raw ;; 2346409|Erdbeeren, roh|Strawberries, raw ;; 167755|Himbeeren, roh|Raspberries, raw ;; 167762|Erdbeeren, roh|Strawberries, raw ;; 173946|Brombeeren, roh|Blackberries, raw"
429;Rosinen;0;Früchte;SIGHI_FoodList_2024-08-29_p16_r41;"168166|Rosinen, entkernt|Raisins, seeded ;; 172664|Bagels, Zimt-Rosinen|Bagels, cinnamon-raisin ;; 168164|Rosinen, golden, kernlos|Raisins, golden, seedless ;; 172680|Rosinenbrot, angereichert|Bread, raisin, enriched ;; 174966|Kekse, Rosinen, weiche Art|Cookies, raisin, soft-type"
430;Rote Johannisbeere, Rote Ribisel;0;Früchte;SIGHI_FoodList_2024-08-29_p16_r43;"173964|Johannisbeeren, rot und weiß, roh|Currants, red and white, raw ;; 171724|Johannisbeeren, Zante, getrocknet|Currants, zante, dried ;; 167630|Chilchen (Rotes Beerengetränk) (Navajo)|Chilchen (Red Berry Beverage) (Navajo) ;; 173963|Johannisbeeren, europäisch schwarz, roh|Currants, european black, raw ;; 174856|Getränke, OCEAN SPRAY, Rubinrote Moosbeere|Beverages, OCEAN SPRAY, Ruby Red cranberry"
431;Sanddorn;0;Früchte;SIGHI_FoodList_2024-08-29_p16_r44;
432;Sauerkirsche;0;Früchte;SIGHI_FoodList_2024-08-29_p16_r45;
433;Schattenmorelle, Sauerkirsche;0;Früchte;SIGHI_FoodList_2024-08-29_p16_r46;
434;Schmalblättrige Ölweide (Elaeagnus angustifolia);0;Früchte;SIGHI_FoodList_2024-08-29_p16_r47;168994|Rohrkolben, Schmalblättrige Triebe (Nördliche Prärie-Indianer)|Cattail, Narrow Leaf Shoots (Northern Plains Indians)
435;Schwarze Johannisbeere;0;Früchte;SIGHI_FoodList_2024-08-29_p16_r48;"173964|Johannisbeeren, rot und weiß, roh|Currants, red and white, raw ;; 171724|Johannisbeeren, Zante, getrocknet|Currants, zante, dried ;; 173963|Johannisbeeren, europäisch schwarz, roh|Currants, european black, raw ;; 2346410|Himbeeren, roh|Raspberries, raw ;; 2346409|Erdbeeren, roh|Strawberries, raw"
436;Schwarze Ribisel;0;Früchte;SIGHI_FoodList_2024-08-29_p16_r49;"168068|Restaurant, Latino, schwarze Bohnensuppe|Restaurant, Latino, black bean soup ;; 175186|Bohnen, schwarze Schildkröte, reife Samen, roh|Beans, black turtle, mature seeds, raw ;; 171141|Suppe, schwarze Bohnen, Konserven, kondensiert|Soup, black bean, canned, condensed ;; 2624305|BLACK CHERRY PURE ENERGY SELTZER, SCHWARZE KIRSCHE|BLACK CHERRY PURE ENERGY SELTZER, BLACK CHERRY ;; 175188|Bohnen, schwarze Schildkröte, reife Samen, in Dosen|Beans, black turtle, mature seeds, canned"
437;Schwarzer Holunder, Holunderbeeren;0;Früchte;SIGHI_FoodList_2024-08-29_p16_r50;"171727|Holunderbeeren, roh|Elderberries, raw ;; 2346410|Himbeeren, roh|Raspberries, raw ;; 2346409|Erdbeeren, roh|Strawberries, raw ;; 167755|Himbeeren, roh|Raspberries, raw ;; 167762|Erdbeeren, roh|Strawberries, raw"
438;Sharonfrucht, Kaki;0;Früchte;SIGHI_FoodList_2024-08-29_p16_r51;"167953|Fruchtsirup|Fruit syrup ;; 171714|Brotfrucht, roh|Breadfruit, raw ;; 174687|Jackfrucht, roh|Jackfruit, raw ;; 168816|Fruchtbutter, Apfel|Fruit butters, apple ;; 169941|Kakis, japanisch, roh|Persimmons, japanese, raw"
439;Stachelbeeren;0;Früchte;SIGHI_FoodList_2024-08-29_p16_r52;"173030|Stachelbeeren, roh|Gooseberries, raw ;; 173043|Erdkirschen, (Kap-Stachelbeeren oder Poha), roh|Groundcherries, (cape-gooseberries or poha), raw ;; 173031|Stachelbeeren, Konserven, leichte Sirupverpackung, fest und flüssig|Gooseberries, canned, light syrup pack, solids and liquids ;; 2346410|Himbeeren, roh|Raspberries, raw ;; 2346409|Erdbeeren, roh|Strawberries, raw"
440;Sternfrucht, Karambole, Karambola;0;Früchte;SIGHI_FoodList_2024-08-29_p16_r53;"171715|Karambola, (Sternfrucht), roh|Carambola, (starfruit), raw ;; 167953|Fruchtsirup|Fruit syrup ;; 171714|Brotfrucht, roh|Breadfruit, raw ;; 174687|Jackfrucht, roh|Jackfruit, raw ;; 168816|Fruchtbutter, Apfel|Fruit butters, apple"
441;Sultaninen;0;Früchte;SIGHI_FoodList_2024-08-29_p16_r54;2183081|Kellogg's Sultaninen-Kleie-Knospen 450g|Kellogg's Sultana Bran Buds 450g
442;Süßkirschen, Kirschen;0;Früchte;SIGHI_FoodList_2024-08-29_p17_r13;"171719|Kirschen, süß, roh|Cherries, sweet, raw ;; 2536550|GETROCKNETE KIRSCHEN|DRIED CHERRIES ;; 173954|Kirschen, sauer, rot, roh|Cherries, sour, red, raw ;; 2346399|Kirschen, süß, dunkelrot, roh|Cherries, sweet, dark red, raw ;; 167766|Maraschino-Kirschen, Konserven, abgetropft|Maraschino cherries, canned, drained"
443;Tamarillo;?;Früchte;SIGHI_FoodList_2024-08-29_p17_r14;
444;Trauben, Weintrauben;0;Früchte;SIGHI_FoodList_2024-08-29_p17_r15;"168575|Weintraubenblätter, roh|Grape leaves, raw ;; 2346412|Weintrauben, rot, kernlos, roh|Grapes, red, seedless, raw ;; 2346413|Weintrauben, grün, kernlos, roh|Grapes, green, seedless, raw ;; 174682|Weintrauben, amerikanischer Typ (Schlupfschalen), roh|Grapes, american type (slip skin), raw ;; 174684|Weintrauben, in Dosen, Thompson kernlos, Wasserpackung, fest und flüssig|Grapes, canned, thompson seedless, water pack, solids and liquids"
445;Wassermelone;1;Früchte;SIGHI_FoodList_2024-08-29_p17_r16;"167754|Wassermelone, roh|Pummelo, raw ;; 167765|Wassermelone, roh|Watermelon, raw ;; 169407|Kerne, Wassermelonenkerne, getrocknet|Seeds, watermelon seed kernels, dried ;; 2747676|Wassermelone, kernlos, nur Schale, roh|Watermelon, seedless, rind only, raw ;; 2384226|THE CECILE"" MARGARITA AUS GURKE UND WASSERMELONE MIT EISWÜRFELN AUS KLEEHONIG UND THYMIAN-COCKTAILMIXER, ""THE CECILE|'THE CECILE' CUCUMBER & WATERMELON MARGARITA WITH CLOVER HONEY & THYME COCKTAIL MIXER INFUSED ICE CUBES, 'THE CECILE'"
446;Weichselkirsche, Weichsel, Sauerkirsche;0;Früchte;SIGHI_FoodList_2024-08-29_p17_r17;
447;Weinbeeren, getrocknet (=Rosinen);0;Früchte;SIGHI_FoodList_2024-08-29_p17_r18;"173032|Goji-Beeren, getrocknet|Goji berries, dried ;; 168158|Heidelbeeren, getrocknet, gesüßt|Blueberries, dried, sweetened ;; 171724|Johannisbeeren, Zante, getrocknet|Currants, zante, dried ;; 171723|Preiselbeeren, getrocknet, gesüßt (einschließlich Lebensmittel für das Food Distribution Program des USDA)|Cranberries, dried, sweetened (Includes foods for USDA's Food Distribution Program) ;; 2346410|Himbeeren, roh|Raspberries, raw"
448;Weintrauben;0;Früchte;SIGHI_FoodList_2024-08-29_p17_r20;"168575|Weintraubenblätter, roh|Grape leaves, raw ;; 2346412|Weintrauben, rot, kernlos, roh|Grapes, red, seedless, raw ;; 2346413|Weintrauben, grün, kernlos, roh|Grapes, green, seedless, raw ;; 174682|Weintrauben, amerikanischer Typ (Schlupfschalen), roh|Grapes, american type (slip skin), raw ;; 174684|Weintrauben, in Dosen, Thompson kernlos, Wasserpackung, fest und flüssig|Grapes, canned, thompson seedless, water pack, solids and liquids"
449;Zitrone;2;Früchte;SIGHI_FoodList_2024-08-29_p17_r21;"167747|Zitronensaft, roh|Lemon juice, raw ;; 167749|Zitronenschalen, roh|Lemon peel, raw ;; 167746|Zitronen, roh, ohne Schale|Lemons, raw, without peel ;; 168573|Zitronengras (Citronella), roh|Lemon grass (citronella), raw ;; 171859|Kekse, glutenfrei, Zitronenwaffel|Cookies, gluten-free, lemon wafer"
450;Zitronenschale;2;Früchte;SIGHI_FoodList_2024-08-29_p17_r22;167749|Zitronenschalen, roh|Lemon peel, raw
451;Zitrusfrüchte;2;Früchte;SIGHI_FoodList_2024-08-29_p17_r23;"174108|Getränke, Energy-Drink, Zitrusfrüchte|Beverages,  Energy drink, Citrus ;; 2622181|KALORIENFREIE LIMONADE, ZITRUSFRÜCHTE|ZERO-CALORIE SODA, CITRUS ;; 174121|Getränke, grüner Tee, trinkfertig, Zitrusfrüchte, Diät, angereichert mit Vitamin C|Beverages, tea, green, ready-to-drink, citrus, diet, fortified with vitamin C ;; 167781|Kandierte Früchte|Candied fruit ;; 170402|Chayote, Früchte, roh|Chayote, fruit, raw"
452;Zuckerbanane, Babybanane;?;Früchte;SIGHI_FoodList_2024-08-29_p17_r24;
453;Zwetschge, Zwetschke, Zwetsche (Prunus domestica;1;Früchte;SIGHI_FoodList_2024-08-29_p17_r25;"174467|Ente, domestiziert, Leber, roh|Duck, domesticated, liver, raw ;; 172410|Ente, domestiziert, nur Fleisch, roh|Duck, domesticated, meat only, raw ;; 172413|Gans, domestiziert, nur Fleisch, roh|Goose, domesticated, meat only, raw ;; 172408|Ente, domestiziert, Fleisch und Haut, roh|Duck, domesticated, meat and skin, raw ;; 174470|Gans, domestiziert, Fleisch und Haut, roh|Goose, domesticated, meat and skin, raw"
454;Chia-Samen, Mexikanische Chia (Salvia hispanica);0;Früchte;SIGHI_FoodList_2024-08-29_p17_r28;"2710819|Chiasamen, trocken, roh|Chia seeds, dry, raw ;; 170554|Kerne, Chiasamen, getrocknet|Seeds, chia seeds, dried ;; 171423|Öl, Mohnsamen|Oil, poppyseed ;; 1859920|NÜSSE & KERNSAMEN|NUTS & SEEDS ;; 169414|Saatgut, Leinsamen|Seeds, flaxseed"
455;Flohsamen, Flohsamenschalen;0;Früchte;SIGHI_FoodList_2024-08-29_p17_r29;"171423|Öl, Mohnsamen|Oil, poppyseed ;; 1859920|NÜSSE & KERNSAMEN|NUTS & SEEDS ;; 169414|Saatgut, Leinsamen|Seeds, flaxseed ;; 171316|Gewürze, Anissamen|Spices, anise seed ;; 170925|Gewürze, Dillsamen|Spices, dill seed"
456;Kürbiskerne;0;Früchte;SIGHI_FoodList_2024-08-29_p17_r31;"2515380|Kerne, Kürbiskerne (Pepitas), roh|Seeds, pumpkin seeds (pepitas), raw ;; 175151|Fisch, Sonnenfisch, Kürbiskerne, roh|Fish, sunfish, pumpkin seed, raw ;; 170556|Kerne, Kürbis und Kürbiskerne, getrocknet|Seeds, pumpkin and squash seed kernels, dried ;; 1928094|SUPERFOOD-RIEGEL, KÜRBISKERNE, DUNKLE SCHOKOLADE|SUPERFOOD BAR , PUMPKIN SEED, DARK CHOCOLATE ;; 170557|Kerne, Kürbis- und Squashkerne, geröstet, ohne Salz|Seeds, pumpkin and squash seed kernels, roasted, without salt"
457;Leinsamen;0;Früchte;SIGHI_FoodList_2024-08-29_p17_r33;"169414|Saatgut, Leinsamen|Seeds, flaxseed ;; 2262075|Leinsamen, gemahlen|Flaxseed, ground ;; 167702|Öl, Leinsamen, kaltgepresst|Oil, flaxseed, cold pressed ;; 173749|Bohnen, kleine weiße, reife Samen, roh|Beans, small white, mature seeds, raw ;; 171442|Öl, Leinsamen, enthält zugesetzte geschnittene Leinsamen|Oil, flaxseed, contains added sliced flaxseed"
458;Sesam;1;Früchte;SIGHI_FoodList_2024-08-29_p17_r34;"2262073|Sesambutter, cremig|Sesame butter, creamy ;; 169588|Bonbons, Sesamkrokant|Candies, sesame crunch ;; 170191|Samen, Sesambutter, Paste|Seeds, sesame butter, paste ;; 170560|Samen, Sesammehl, fettarm|Seeds, sesame flour, low-fat ;; 170192|Samen, Sesammehl, fettreich|Seeds, sesame flour, high-fat"
459;Algen und Algenbestandteile;3;Früchte;SIGHI_FoodList_2024-08-29_p17_r37;"170091|Meeresalgen, Spirulina, roh|Seaweed, spirulina, raw ;; 170495|Meeresalgen, Spirulina, getrocknet|Seaweed, spirulina, dried ;; 167602|Meeresalgen, kanadischer Anbau EMI-TSUNOMATA, trocken|Seaweed, Canadian Cultivated EMI-TSUNOMATA, dry ;; 167603|Meeresalgen, kanadischer Anbau EMI-TSUNOMATA, rehydriert|Seaweed, Canadian Cultivated EMI-TSUNOMATA, rehydrated"
460;Backhefe, Bäckerhefe (frisch / getrocknet);0;Früchte;SIGHI_FoodList_2024-08-29_p17_r38;"168152|Jujube, chinesisch, frisch, getrocknet|Jujube, Chinese, fresh, dried ;; 173475|Minze, frisch|Spearmint, fresh ;; 173470|Thymian, frisch|Thyme, fresh ;; 173473|Rosmarin, frisch|Rosemary, fresh ;; 172232|Basilikum, frisch|Basil, fresh"
461;Bierhefe (frisch / getrocknet);0;Früchte;SIGHI_FoodList_2024-08-29_p17_r42;"168152|Jujube, chinesisch, frisch, getrocknet|Jujube, Chinese, fresh, dried ;; 173475|Minze, frisch|Spearmint, fresh ;; 173470|Thymian, frisch|Thyme, fresh ;; 173473|Rosmarin, frisch|Rosemary, fresh ;; 172232|Basilikum, frisch|Basil, fresh"
462;Braunalgen, Algen;3;Früchte;SIGHI_FoodList_2024-08-29_p17_r46;"170091|Meeresalgen, Spirulina, roh|Seaweed, spirulina, raw ;; 170495|Meeresalgen, Spirulina, getrocknet|Seaweed, spirulina, dried ;; 167602|Meeresalgen, kanadischer Anbau EMI-TSUNOMATA, trocken|Seaweed, Canadian Cultivated EMI-TSUNOMATA, dry ;; 167603|Meeresalgen, kanadischer Anbau EMI-TSUNOMATA, rehydriert|Seaweed, Canadian Cultivated EMI-TSUNOMATA, rehydrated"
463;Champignons;1;Früchte;SIGHI_FoodList_2024-08-29_p17_r47;"1999628|Champignons, Shiitake|Mushrooms, shiitake ;; 169251|Champignons, weiß, roh|Mushrooms, white, raw ;; 2003601|Champignons, Kriminelle|Mushroom, crimini ;; 169382|Champignons, Enoki, roh|Mushrooms, enoki, raw ;; 1999629|Champignons, weißer Knopf|Mushrooms, white button"
464;Gemeiner Steinpilz (Boletus edulis);2;Früchte;SIGHI_FoodList_2024-08-29_p17_r48;
465;Gest, Germ, Hefe (frisch / getrocknet);0;Früchte;SIGHI_FoodList_2024-08-29_p17_r49;"168152|Jujube, chinesisch, frisch, getrocknet|Jujube, Chinese, fresh, dried ;; 168864|Snacks, Kartoffelchips, aus getrockneten Kartoffeln, fettfrei, mit Olestra hergestellt|Snacks, potato chips, made from dried potatoes, fat-free, made with olestra ;; 167839|Schweinefleisch, frisch, Kotelett, ohne Knochen, getrennt nach Fett und Magermasse, roh|Pork, fresh, loin, top loin (chops), boneless, separable lean and fat, raw ;; 167554|Snacks, Kartoffelchips, hergestellt aus getrockneten Kartoffeln, saurer Sahne und Zwiebelgeschmack|Snacks, potato chips, made from dried potatoes, sour-cream and onion-flavor ;; 167889|Schweinefleisch, frisch, Kotelett, Mittelrippe (Koteletts oder Braten), ohne Knochen, Fett und Magermasse trennbar, roh|Pork, fresh, loin, center rib (chops or roasts), boneless, separable lean and fat, raw"
466;Grünalgen, Algen;3;Früchte;SIGHI_FoodList_2024-08-29_p17_r53;"170091|Meeresalgen, Spirulina, roh|Seaweed, spirulina, raw ;; 170495|Meeresalgen, Spirulina, getrocknet|Seaweed, spirulina, dried ;; 167602|Meeresalgen, kanadischer Anbau EMI-TSUNOMATA, trocken|Seaweed, Canadian Cultivated EMI-TSUNOMATA, dry ;; 167603|Meeresalgen, kanadischer Anbau EMI-TSUNOMATA, rehydriert|Seaweed, Canadian Cultivated EMI-TSUNOMATA, rehydrated"
467;Hefe (frisch / getrocknet);0;Früchte;SIGHI_FoodList_2024-08-29_p18_r13;"168152|Jujube, chinesisch, frisch, getrocknet|Jujube, Chinese, fresh, dried ;; 173475|Minze, frisch|Spearmint, fresh ;; 173470|Thymian, frisch|Thyme, fresh ;; 173473|Rosmarin, frisch|Rosemary, fresh ;; 172232|Basilikum, frisch|Basil, fresh"
468;Kombu-Algen;3;Früchte;SIGHI_FoodList_2024-08-29_p18_r17;"170091|Meeresalgen, Spirulina, roh|Seaweed, spirulina, raw ;; 170495|Meeresalgen, Spirulina, getrocknet|Seaweed, spirulina, dried ;; 167602|Meeresalgen, kanadischer Anbau EMI-TSUNOMATA, trocken|Seaweed, Canadian Cultivated EMI-TSUNOMATA, dry ;; 167603|Meeresalgen, kanadischer Anbau EMI-TSUNOMATA, rehydriert|Seaweed, Canadian Cultivated EMI-TSUNOMATA, rehydrated"
469;Meeresalgen, Meeralgen;3;Früchte;SIGHI_FoodList_2024-08-29_p18_r18;"170091|Meeresalgen, Spirulina, roh|Seaweed, spirulina, raw ;; 170495|Meeresalgen, Spirulina, getrocknet|Seaweed, spirulina, dried ;; 167602|Meeresalgen, kanadischer Anbau EMI-TSUNOMATA, trocken|Seaweed, Canadian Cultivated EMI-TSUNOMATA, dry ;; 167603|Meeresalgen, kanadischer Anbau EMI-TSUNOMATA, rehydriert|Seaweed, Canadian Cultivated EMI-TSUNOMATA, rehydrated"
470;Morcheln;2;Früchte;SIGHI_FoodList_2024-08-29_p18_r19;168423|Pilze, Morcheln, roh|Mushrooms, morel, raw
471;Nori-Algen;3;Früchte;SIGHI_FoodList_2024-08-29_p18_r20;"170091|Meeresalgen, Spirulina, roh|Seaweed, spirulina, raw ;; 170495|Meeresalgen, Spirulina, getrocknet|Seaweed, spirulina, dried ;; 2172032|""""NORIMAKI"""" REISKRÄCKER, """"NORIMAKI""""|""""NORIMAKI"""" RICE CRACKER, """"NORIMAKI"""" ;; 167602|Meeresalgen, kanadischer Anbau EMI-TSUNOMATA, trocken|Seaweed, Canadian Cultivated EMI-TSUNOMATA, dry ;; 167603|Meeresalgen, kanadischer Anbau EMI-TSUNOMATA, rehydriert|Seaweed, Canadian Cultivated EMI-TSUNOMATA, rehydrated"
472;Pilze, diverse Arten;2;Früchte;SIGHI_FoodList_2024-08-29_p18_r21;"2003604|Pilze, Pioppini|Mushroom, pioppini ;; 168407|Kresse, Garten, roh|Cress, garden, raw ;; 168423|Pilze, Morcheln, roh|Mushrooms, morel, raw ;; 172430|Erdnüsse, alle Arten, roh|Peanuts, all types, raw ;; 171171|Soße, Pilze, trocken, Pulver|Gravy, mushroom, dry, powder"
473;Reishi (Ganoderma lingzhi);0;Früchte;SIGHI_FoodList_2024-08-29_p18_r22;
474;Rotalgen, Algen;3;Früchte;SIGHI_FoodList_2024-08-29_p18_r24;"170091|Meeresalgen, Spirulina, roh|Seaweed, spirulina, raw ;; 170495|Meeresalgen, Spirulina, getrocknet|Seaweed, spirulina, dried ;; 167602|Meeresalgen, kanadischer Anbau EMI-TSUNOMATA, trocken|Seaweed, Canadian Cultivated EMI-TSUNOMATA, dry ;; 167603|Meeresalgen, kanadischer Anbau EMI-TSUNOMATA, rehydriert|Seaweed, Canadian Cultivated EMI-TSUNOMATA, rehydrated"
475;Schwammerl, Pilze;2;Früchte;SIGHI_FoodList_2024-08-29_p18_r25;"2003604|Pilze, Pioppini|Mushroom, pioppini ;; 168423|Pilze, Morcheln, roh|Mushrooms, morel, raw ;; 171171|Soße, Pilze, trocken, Pulver|Gravy, mushroom, dry, powder ;; 168581|Pilze, Wolkenohren, getrocknet|Fungi, Cloud ears, dried ;; 170055|Tomatenerzeugnisse, Konserven, Soße, mit Pilzen|Tomato products, canned, sauce, with mushrooms"
476;Seetang, Algen;3;Früchte;SIGHI_FoodList_2024-08-29_p18_r26;"169280|Seetang, Agar, roh|Seaweed, agar, raw ;; 170496|Seetang, Wakame, roh|Seaweed, wakame, raw ;; 168457|Seetang, Seetang, roh|Seaweed, kelp, raw ;; 168458|Seetang, Seegras, roh|Seaweed, laver, raw ;; 168456|Seetang, Irischmoos, roh|Seaweed, irishmoss, raw"
477;Spirulina (Cyanobakterien: Arthrospira platensis, A.;0;Früchte;SIGHI_FoodList_2024-08-29_p18_r27;"2607554|SPIRULINA-SUPERCHIPS|SPIRULINA SUPER CRISPS ;; 170091|Meeresalgen, Spirulina, roh|Seaweed, spirulina, raw ;; 170495|Meeresalgen, Spirulina, getrocknet|Seaweed, spirulina, dried"
478;Steinpilze;2;Früchte;SIGHI_FoodList_2024-08-29_p18_r29;
479;Wakame-Algen;3;Früchte;SIGHI_FoodList_2024-08-29_p18_r30;"170496|Seetang, Wakame, roh|Seaweed, wakame, raw ;; 170091|Meeresalgen, Spirulina, roh|Seaweed, spirulina, raw ;; 170495|Meeresalgen, Spirulina, getrocknet|Seaweed, spirulina, dried ;; 167602|Meeresalgen, kanadischer Anbau EMI-TSUNOMATA, trocken|Seaweed, Canadian Cultivated EMI-TSUNOMATA, dry ;; 167603|Meeresalgen, kanadischer Anbau EMI-TSUNOMATA, rehydriert|Seaweed, Canadian Cultivated EMI-TSUNOMATA, rehydrated"
480;Wasserkefir;1;Früchte;SIGHI_FoodList_2024-08-29_p18_r31;
481;Agavendicksaft, Agavensirup;0;Früchte;SIGHI_FoodList_2024-08-29_p18_r35;"167953|Fruchtsirup|Fruit syrup ;; 169660|Sirupe, Malz|Syrups, malt ;; 171424|Öl, Tomatensaft|Oil, tomatoseed ;; 169662|Sirupe, Sorghum|Syrups, sorghum ;; 171687|Acerolasaft, roh|Acerola juice, raw"
482;Ahornsirup;0;Früchte;SIGHI_FoodList_2024-08-29_p18_r36;"169661|Sirup, Ahornsirup|Syrups, maple ;; 170276|Sirup, Ahornsirup, kanadisch|Syrup, maple, Canadian ;; 168838|Sirupe, Tischmischungen, Pfannkuchen, mit 2% Ahorn|Syrups, table blends, pancake, with 2% maple ;; 170646|Sirupe, Tafelmischungen, Pfannkuchen, mit 2% Ahorn, mit Kaliumzusatz|Syrups, table blends, pancake, with 2% maple, with added potassium ;; 2570950|AHORNSIRUP AUS VERMONT, GEKOCHTE FRÜHSTÜCKSWURST, AHORNSIRUP AUS VERMONT|VERMONT MAPLE SYRUP FULLY COOKED BREAKFAST SAUSAGE, VERMONT MAPLE SYRUP"
483;Birkenzucker, Xylit, Xylitol, E967;0;Früchte;SIGHI_FoodList_2024-08-29_p18_r37;"168833|Zucker, braun|Sugars, brown ;; 169658|Zucker, Ahorn|Sugars, maple ;; 170674|Zucker, Turbinado|Sugar, turbinado ;; 167743|Sirup, Zuckerrohr|Syrup, Cane ;; 746784|Zucker, granuliert|Sugars, granulated"
484;Caramel;0;Früchte;SIGHI_FoodList_2024-08-29_p18_r38;"167974|Bonbons, Karamellbonbons|Candies, caramels ;; 173275|Fastfood, Eisbecher, Karamell|Fast foods, sundae, caramel ;; 167975|Bonbons, CARAMELLO-Schokoriegel|Candies, CARAMELLO Candy Bar ;; 173301|McDONALD'S, Heißer Karamell-Eisbecher|McDONALD'S, Hot Caramel Sundae ;; 169602|Flan, Karamellpudding, Trockenmischung|Flan, caramel custard, dry mix"
485;Dextrose;0;Früchte;SIGHI_FoodList_2024-08-29_p18_r39;
486;E420, Sorbit, Sorbitol;0;Früchte;SIGHI_FoodList_2024-08-29_p18_r41;"169880|Bonbons, hart, diätetisch oder kalorienarm (Sorbitol)|Candies, hard, dietetic or low calorie (sorbitol) ;; 169061|Bonbons, Kaugummidrops, ohne Zucker oder kalorienarm (Sorbitol)|Candies, gum drops, no sugar or low calorie (sorbitol)"
487;E953, Isomalt;0;Früchte;SIGHI_FoodList_2024-08-29_p18_r43;
488;E967, Xylit, Xylitol, Birkenzucker;0;Früchte;SIGHI_FoodList_2024-08-29_p18_r45;"168833|Zucker, braun|Sugars, brown ;; 169658|Zucker, Ahorn|Sugars, maple ;; 170674|Zucker, Turbinado|Sugar, turbinado ;; 167743|Sirup, Zuckerrohr|Syrup, Cane ;; 746784|Zucker, granuliert|Sugars, granulated"
489;Fruchtzucker;0;Früchte;SIGHI_FoodList_2024-08-29_p18_r46;"169659|Sirupe, Mais, mit hohem Fruchtzuckergehalt|Syrups, corn, high-fructose ;; 174176|Getränke, Fruchtsaftgetränk, zuckerreduziert, mit Zusatz von Vitamin E|Beverages, fruit juice drink, reduced sugar, with vitamin E added ;; 171940|Wasser, mit Maissirup und/oder Zucker und kalorienarmem Süßstoff, mit Fruchtgeschmack|Water, with corn syrup and/or sugar and low calorie sweetener, fruit flavored ;; 171944|Getränke, Getränk mit Fruchtgeschmack, zuckerreduziert, mehr als 3% Fruchtsaft, hoher Vitamin-C-Gehalt, Calciumzusatz|Beverages, Fruit flavored drink, reduced sugar, greater than 3% fruit juice, high vitamin C, added calcium ;; 167953|Fruchtsirup|Fruit syrup"
490;Fructose;0;Früchte;SIGHI_FoodList_2024-08-29_p18_r47;"168142|Süßstoffe, Tabletten, Fruktose, flüssig|Sweeteners, tabletop, fructose, liquid ;; 169659|Sirupe, Mais, mit hohem Fruchtzuckergehalt|Syrups, corn, high-fructose ;; 169896|Süßstoffe, Tabletten, Fruktose, trocken, Pulver|Sweeteners, tabletop, fructose, dry, powder ;; 174821|Getränke, Energy-Drink mit kohlensäurehaltigem Wasser und Maissirup mit hohem Fruktosegehalt|Beverages, Energy Drink with carbonated water and high fructose corn syrup"
491;gebrannter Zucker;0;Früchte;SIGHI_FoodList_2024-08-29_p18_r48;"168833|Zucker, braun|Sugars, brown ;; 169658|Zucker, Ahorn|Sugars, maple ;; 170674|Zucker, Turbinado|Sugar, turbinado ;; 167743|Sirup, Zuckerrohr|Syrup, Cane ;; 746784|Zucker, granuliert|Sugars, granulated"
492;Glucose;0;Früchte;SIGHI_FoodList_2024-08-29_p18_r49;"170895|Ei, weiß, getrocknet, stabilisiert, glukosereduziert|Egg, white, dried, stabilized, glucose reduced ;; 173425|Ei, ganz, getrocknet, stabilisiert, glukosereduziert|Egg, whole, dried, stabilized, glucose reduced ;; 173427|Ei, weiß, getrocknet, Pulver, stabilisiert, glukosereduziert|Egg, white, dried, powder, stabilized, glucose reduced ;; 173426|Ei, weiß, getrocknet, Flocken, stabilisiert, glukosereduziert|Egg, white, dried, flakes, stabilized, glucose reduced"
493;Glucosesirup;0;Früchte;SIGHI_FoodList_2024-08-29_p18_r51;"167953|Fruchtsirup|Fruit syrup ;; 169660|Sirupe, Malz|Syrups, malt ;; 169662|Sirupe, Sorghum|Syrups, sorghum ;; 168088|Sirup, Grenadine|Syrups, grenadine ;; 167743|Sirup, Zuckerrohr|Syrup, Cane"
494;Honig;0;Früchte;SIGHI_FoodList_2024-08-29_p18_r53;"169640|Honig|Honey ;; 2710816|Melonen, Honigtau, roh|Melons, honeydew, raw ;; 169911|Melonen, Honigtau, roh|Melons, honeydew, raw ;; 1857023|ROHER BIO-HONIG, WILDBLUMEN|RAW ORGANIC HONEY, WILDFLOWER ;; 171046|Dressing, Honig-Senf, fettfrei|Dressing, honey mustard, fat-free"
495;Invertzucker, Invertose, Invertzuckersirup;0;Früchte;SIGHI_FoodList_2024-08-29_p18_r54;"167743|Sirup, Zuckerrohr|Syrup, Cane ;; 169878|Sirupe, zuckerfrei|Syrups, sugar free ;; 169685|Popcorn, Zuckersirup/Karamell, fettfrei|Popcorn, sugar syrup/caramel, fat-free ;; 169659|Sirupe, Mais, mit hohem Fruchtzuckergehalt|Syrups, corn, high-fructose ;; 168839|Sirupe, Tafelmischungen, Mais, Raffinerie und Zucker|Syrups, table blends, corn, refiner, and sugar"
496;Isomalt, E953;0;Früchte;SIGHI_FoodList_2024-08-29_p18_r55;
497;Karamell;0;Früchte;SIGHI_FoodList_2024-08-29_p18_r57;"167972|Bonbons, Karamellbonbons|Candies, butterscotch ;; 167974|Bonbons, Karamellbonbons|Candies, caramels ;; 168835|Sirupe, Schokolade, Karamell|Syrups, chocolate, fudge-type ;; 173275|Fastfood, Eisbecher, Karamell|Fast foods, sundae, caramel ;; 167980|Bonbons, Zuckerguss, Karamellbonbons|Candies, confectioner's coating, butterscotch"
498;Kristallzucker;0;Früchte;SIGHI_FoodList_2024-08-29_p19_r13;"168833|Zucker, braun|Sugars, brown ;; 169658|Zucker, Ahorn|Sugars, maple ;; 170674|Zucker, Turbinado|Sugar, turbinado ;; 167743|Sirup, Zuckerrohr|Syrup, Cane ;; 746784|Zucker, granuliert|Sugars, granulated"
499;Künstliche Süssstoffe, künstliche Süßstoffe;1;Früchte;SIGHI_FoodList_2024-08-29_p19_r15;"168142|Süßstoffe, Tabletten, Fruktose, flüssig|Sweeteners, tabletop, fructose, liquid ;; 175078|Künstliche Blaubeer-Muffin-Mischung, trocken|Artificial Blueberry Muffin Mix, dry ;; 169657|Süßstoffe, Tabletten, Aspartam, EQUAL, Päckchen|Sweeteners, tabletop, aspartame, EQUAL, packets ;; 169896|Süßstoffe, Tabletten, Fruktose, trocken, Pulver|Sweeteners, tabletop, fructose, dry, powder ;; 170257|Süßstoffe, Tabletten, Sucralose, SPLENDA-Pakete|Sweeteners, tabletop, sucralose, SPLENDA packets"
500;Lactose;0;Früchte;SIGHI_FoodList_2024-08-29_p19_r16;"167703|Käse, Hüttenkäse, fettarm, 1% Milchfett, laktosereduziert|Cheese, cottage, lowfat, 1% milkfat, lactose reduced ;; 173559|Säuglingsnahrung, ABBOTT NUTRITION, SIMILAC, SENSITIVE, (LACTOSE FREE), Pulver, mit ARA und DHA|Infant formula, ABBOTT NUTRITION, SIMILAC, SENSITIVE, (LACTOSE FREE), powder, with ARA and DHA ;; 172325|Säuglingsnahrung, ABBOTT NUTRITION, SIMILAC, SENSITIV (LACTOSEFREI) fütterungsfertig, mit ARA und DHA|Infant formula, ABBOTT NUTRITION, SIMILAC, SENSITIVE (LACTOSE FREE) ready-to-feed, with ARA and DHA ;; 173558|Säuglingsnahrung, ABBOTT NUTRITION, SIMILAC, SENSITIVE, (LACTOSE FREE), flüssiges Konzentrat, mit ARA und DHA|Infant formula, ABBOTT NUTRITION, SIMILAC, SENSITIVE, (LACTOSE FREE), liquid concentrate, with ARA and DHA"
501;Maltose;0;Früchte;SIGHI_FoodList_2024-08-29_p19_r17;
502;Malzextrakt;2;Früchte;SIGHI_FoodList_2024-08-29_p19_r18;
503;Malzzucker, rein;0;Früchte;SIGHI_FoodList_2024-08-29_p19_r19;"171401|Schmalz|Lard ;; 169660|Sirupe, Malz|Syrups, malt ;; 168833|Zucker, braun|Sugars, brown ;; 169658|Zucker, Ahorn|Sugars, maple ;; 169740|Gerstenmalzmehl|Barley malt flour"
504;Milchzucker;0;Früchte;SIGHI_FoodList_2024-08-29_p19_r20;"171275|Milch, in Dosen, kondensiert, gezuckert|Milk, canned, condensed, sweetened ;; 170910|Milch, Schokolade, fettarm, zuckerreduziert|Milk, chocolate, lowfat, reduced sugar ;; 172446|Sojamilch, original und Vanille, ungezuckert|Soymilk, original and vanilla, unfortified ;; 168103|Gefrorene Joghurts, Schokolade, fettfreie Milch, ohne Zucker gesüßt|Frozen yogurts, chocolate, nonfat milk, sweetened without sugar ;; 174980|Kekse, Milch|Crackers, milk"
505;Palmzucker;?;Früchte;SIGHI_FoodList_2024-08-29_p19_r21;"173604|Öl, industriell, Soja (teilweise hydriert), Palmöl, Hauptverwendung Zuckerguss und Füllungen|Oil, industrial, soy (partially hydrogenated ), palm, principal uses icings and fillings ;; 171015|Öl, Palmöl|Oil, palm ;; 168833|Zucker, braun|Sugars, brown ;; 169658|Zucker, Ahorn|Sugars, maple ;; 167714|Palmherzen, roh|Hearts of palm, raw"
506;Rohrzucker;0;Früchte;SIGHI_FoodList_2024-08-29_p19_r22;"167743|Sirup, Zuckerrohr|Syrup, Cane ;; 168833|Zucker, braun|Sugars, brown ;; 169658|Zucker, Ahorn|Sugars, maple ;; 170674|Zucker, Turbinado|Sugar, turbinado ;; 746784|Zucker, granuliert|Sugars, granulated"
507;Rübenzucker;0;Früchte;SIGHI_FoodList_2024-08-29_p19_r24;"2747674|Rüben, roh|Turnips, raw ;; 170465|Rüben, roh|Turnips, raw ;; 168833|Zucker, braun|Sugars, brown ;; 169658|Zucker, Ahorn|Sugars, maple ;; 170674|Zucker, Turbinado|Sugar, turbinado"
508;Saccharose;0;Früchte;SIGHI_FoodList_2024-08-29_p19_r26;
509;Sorbit, Sorbitol, Glucitol, Hexanhexol, E420;0;Früchte;SIGHI_FoodList_2024-08-29_p19_r28;"169880|Bonbons, hart, diätetisch oder kalorienarm (Sorbitol)|Candies, hard, dietetic or low calorie (sorbitol) ;; 169061|Bonbons, Kaugummidrops, ohne Zucker oder kalorienarm (Sorbitol)|Candies, gum drops, no sugar or low calorie (sorbitol)"
510;Stevia (Stevia-Blätter, Steviosid flüssig/pulverförmig);0;Früchte;SIGHI_FoodList_2024-08-29_p19_r30;"167682|Pektin, flüssig|Pectin, liquid ;; 171282|Molke, süß, flüssig|Whey, sweet, fluid ;; 170882|Milch, Schafe, flüssig|Milk, sheep, fluid ;; 170885|Molke, Säure, Flüssigkeit|Whey, acid, fluid ;; 170875|Milch, natriumarm, flüssig|Milk, low sodium, fluid"
511;Süssholz, Süßholz;2;Früchte;SIGHI_FoodList_2024-08-29_p19_r31;
512;Traubenzucker;0;Früchte;SIGHI_FoodList_2024-08-29_p19_r32;"168144|Babynahrung, Traubensaft, ohne Zucker, in Dosen|Babyfood, grape juice, no sugar, canned ;; 168833|Zucker, braun|Sugars, brown ;; 169658|Zucker, Ahorn|Sugars, maple ;; 171028|Öl, Traubenkernöl|Oil, grapeseed ;; 170674|Zucker, Turbinado|Sugar, turbinado"
513;Xylit, Xylitol, Birkenzucker, E967;0;Früchte;SIGHI_FoodList_2024-08-29_p19_r34;"168833|Zucker, braun|Sugars, brown ;; 169658|Zucker, Ahorn|Sugars, maple ;; 170674|Zucker, Turbinado|Sugar, turbinado ;; 167743|Sirup, Zuckerrohr|Syrup, Cane ;; 746784|Zucker, granuliert|Sugars, granulated"
514;Zucker;0;Früchte;SIGHI_FoodList_2024-08-29_p19_r35;"168833|Zucker, braun|Sugars, brown ;; 169658|Zucker, Ahorn|Sugars, maple ;; 170674|Zucker, Turbinado|Sugar, turbinado ;; 167743|Sirup, Zuckerrohr|Syrup, Cane ;; 746784|Zucker, granuliert|Sugars, granulated"
515;Alkoholessig;0;Früchte;SIGHI_FoodList_2024-08-29_p19_r38;"168747|Alkoholisches Getränk, Bier, regelmäßig, BUDWEISER|Alcoholic beverage, beer, regular, BUDWEISER ;; 172240|Essig, Rotwein|Vinegar, red wine ;; 167682|Pektin, flüssig|Pectin, liquid ;; 172241|Essig, Balsamico|Vinegar, balsamic ;; 173469|Essig, Apfelessig|Vinegar, cider"
516;Anis;?;Früchte;SIGHI_FoodList_2024-08-29_p19_r40;"171316|Gewürze, Anissamen|Spices, anise seed ;; 172754|Plundergebäck, Käse|Danish pastry, cheese ;; 169941|Kakis, japanisch, roh|Persimmons, japanese, raw ;; 174263|Erdnüsse, spanisch, roh|Peanuts, spanish, raw ;; 169310|Taro, tahitianisch, roh|Taro, tahitian, raw"
517;Bouillon;2;Früchte;SIGHI_FoodList_2024-08-29_p19_r41;"171562|Suppe, Hühnerbrühe oder Bouillon, trocken|Soup, chicken broth or bouillon, dry ;; 171560|Suppe, Rinderbrühe oder Bouillon, Pulver, trocken|Soup, beef broth or bouillon, powder, dry ;; 171613|Suppe, Brühwürfel und -granulat, natriumarm, trocken|Soup, bouillon cubes and granules, low sodium, dry ;; 171538|Suppe, Rinderbrühe oder Bouillon in Dosen, servierfertig|Soup, beef broth or bouillon canned, ready-to-serve ;; 172922|Suppe, Rinderbrühe oder Bouillon, Pulver, mit Wasser zubereitet|Soup, beef broth or bouillon, powder, prepared with water"
518;Branntweinessig;0;Früchte;SIGHI_FoodList_2024-08-29_p19_r44;"172240|Essig, Rotwein|Vinegar, red wine ;; 167682|Pektin, flüssig|Pectin, liquid ;; 172241|Essig, Balsamico|Vinegar, balsamic ;; 173469|Essig, Apfelessig|Vinegar, cider ;; 172237|Essig, destilliert|Vinegar, distilled"
519;Brühe, Brühwürfel/-pulver;2;Früchte;SIGHI_FoodList_2024-08-29_p19_r46;"171560|Suppe, Rinderbrühe oder Bouillon, Pulver, trocken|Soup, beef broth or bouillon, powder, dry ;; 172922|Suppe, Rinderbrühe oder Bouillon, Pulver, mit Wasser zubereitet|Soup, beef broth or bouillon, powder, prepared with water ;; 171606|Fischbrühe|Fish broth ;; 167806|Baobab-Pulver|Baobab powder ;; 170461|Tomatenpulver|Tomato powder"
520;Cumin;2;Früchte;SIGHI_FoodList_2024-08-29_p19_r49;170923|Gewürze, Kreuzkümmel|Spices, cumin seed
521;Curcuma;0;Früchte;SIGHI_FoodList_2024-08-29_p19_r50;
522;Curry;2;Früchte;SIGHI_FoodList_2024-08-29_p19_r51;"170924|Gewürze, Currypulver|Spices, curry powder ;; 171183|SMART SOUP, Thailändisches Kokosnuss-Curry|SMART SOUP, Thai Coconut Curry"
523;Essig: Aceto Balsamico, Balsamessig;3;Früchte;SIGHI_FoodList_2024-08-29_p19_r52;"172241|Essig, Balsamico|Vinegar, balsamic ;; 172240|Essig, Rotwein|Vinegar, red wine ;; 167682|Pektin, flüssig|Pectin, liquid ;; 173469|Essig, Apfelessig|Vinegar, cider ;; 172237|Essig, destilliert|Vinegar, distilled"
524;Essig: Alkoholessig, Branntweinessig, Weingeistessig,;0;Früchte;SIGHI_FoodList_2024-08-29_p19_r53;"168747|Alkoholisches Getränk, Bier, regelmäßig, BUDWEISER|Alcoholic beverage, beer, regular, BUDWEISER ;; 172240|Essig, Rotwein|Vinegar, red wine ;; 167682|Pektin, flüssig|Pectin, liquid ;; 172241|Essig, Balsamico|Vinegar, balsamic ;; 173469|Essig, Apfelessig|Vinegar, cider"
525;Essig: Apfelessig;1;Früchte;SIGHI_FoodList_2024-08-29_p19_r55;"173469|Essig, Apfelessig|Vinegar, cider ;; 175032|Strudel, Apfel|Strudel, apple ;; 172240|Essig, Rotwein|Vinegar, red wine ;; 167682|Pektin, flüssig|Pectin, liquid ;; 172241|Essig, Balsamico|Vinegar, balsamic"
526;Essig: Rotweinessig;3;Früchte;SIGHI_FoodList_2024-08-29_p19_r56;"172240|Essig, Rotwein|Vinegar, red wine ;; 167682|Pektin, flüssig|Pectin, liquid ;; 172241|Essig, Balsamico|Vinegar, balsamic ;; 173469|Essig, Apfelessig|Vinegar, cider ;; 172237|Essig, destilliert|Vinegar, distilled"
527;Essig: Weissweinessig;3;Früchte;SIGHI_FoodList_2024-08-29_p19_r57;"172240|Essig, Rotwein|Vinegar, red wine ;; 167682|Pektin, flüssig|Pectin, liquid ;; 172241|Essig, Balsamico|Vinegar, balsamic ;; 173469|Essig, Apfelessig|Vinegar, cider ;; 172237|Essig, destilliert|Vinegar, distilled"
528;Essigessenz;0;Früchte;SIGHI_FoodList_2024-08-29_p20_r13;
529;Fleischextrakt;2;Früchte;SIGHI_FoodList_2024-08-29_p20_r15;
530;Gelbwurz (Curcuma longa);0;Früchte;SIGHI_FoodList_2024-08-29_p20_r16;"169089|Longans, roh|Longans, raw ;; 169907|Longans, getrocknet|Longans, dried"
531;Gerber-Sumach, Gerbersumach (Rhus coriaria),;0;Früchte;SIGHI_FoodList_2024-08-29_p20_r17;"169792|Babynahrung, GERBER, Banane mit Orangenmischung|Babyfood, GERBER, Banana with orange medley ;; 173520|Babynahrung, Snack, GERBER, GRADUATES, YOGURT MELTS|Babyfood, snack, GERBER, GRADUATES, YOGURT MELTS ;; 172254|Babynahrung, GERBER, 3rd Foods, Apfel, Mango und Kiwi|Babyfood, GERBER, 3rd Foods, apple, mango and kiwi ;; 173519|Babynahrung, Getränk, GERBER, GRADUATES, FRUIT SPLASHERS|Babyfood, beverage, GERBER, GRADUATES, FRUIT SPLASHERS ;; 171371|Babynahrung, GERBER, GRADUATES Lil Biscuits Vanille Weizen|Babyfood, GERBER, GRADUATES Lil Biscuits Vanilla Wheat"
532;Gewürznelken, Nelken;0;Früchte;SIGHI_FoodList_2024-08-29_p20_r21;171321|Gewürze, Nelken, gemahlen|Spices, cloves, ground
533;Hefeextrakt;2;Früchte;SIGHI_FoodList_2024-08-29_p20_r23;167717|Hefeextraktaufstrich|Yeast extract spread
534;Ingwer;1;Früchte;SIGHI_FoodList_2024-08-29_p20_r24;"169231|Ingwerwurzel, roh|Ginger root, raw ;; 170926|Gewürze, Ingwer, gemahlen|Spices, ginger, ground ;; 175077|Archway Home Style Cookies, fettreduzierte Ingwerkekse|Archway Home Style Cookies, Reduced Fat Ginger Snaps ;; 169765|Ingwerwurzel, eingelegt, in Dosen, mit künstlichem Süßstoff|Ginger root, pickled, canned, with artificial sweetener ;; 1972771|""GEBRATENER REIS"" BLUMENKOHLSTREUSEL, GEHACKTER BLUMENKOHL, KAROTTEN, SELLERIE, ZWIEBELN UND BROKKOLI IN EINER SÜSSEN TERIYAKI-SAUCE MIT KNOBLAUCH-INGWER-WONTON-STREIFEN VEGGIE BOWL, BLUMENKOHLSTREUSEL|""""FRIED RICE"""" CAULIFLOWER CRUMBLES CHOPPED CAULIFLOWER, CARROTS, CELERY, ONION & BROCCOLI IN A SWEET TERIYAKI SAUCE WITH GARLIC-GINGER WONTON STRIPS VEGGIE BOWL, CAULIFLOWER CRUMBLES"
535;Kardamom;0;Früchte;SIGHI_FoodList_2024-08-29_p20_r25;170919|Gewürze, Kardamom|Spices, cardamom
536;Koriander, Echter Koriander, Gewürzkoriander,;0;Früchte;SIGHI_FoodList_2024-08-29_p20_r28;"170922|Gewürze, Koriandersamen|Spices, coriander seed ;; 2607109|ECHTER FASSGEREIFTER FETA-KÄSE|AUTHENTIC BARREL RIPENED FETA CHEESE ;; 169997|Korianderblätter (Cilantro), roh|Coriander (cilantro) leaves, raw ;; 170921|Gewürze, Korianderblätter, getrocknet|Spices, coriander leaf, dried ;; 175156|Fisch, Thunfisch, frisch, Echter Bonito, roh|Fish, tuna, fresh, skipjack, raw"
537;Kreuzkümmel (Cuminum cyminum);2;Früchte;SIGHI_FoodList_2024-08-29_p20_r30;170923|Gewürze, Kreuzkümmel|Spices, cumin seed
538;Kumin;2;Früchte;SIGHI_FoodList_2024-08-29_p20_r31;
539;Kümmel: Echter Kümmel (Carum carvi);0;Früchte;SIGHI_FoodList_2024-08-29_p20_r32;"173413|Käse, Kümmel|Cheese, caraway ;; 170918|Gewürze, Kümmel|Spices, caraway seed ;; 170923|Gewürze, Kreuzkümmel|Spices, cumin seed ;; 2607109|ECHTER FASSGEREIFTER FETA-KÄSE|AUTHENTIC BARREL RIPENED FETA CHEESE ;; 175156|Fisch, Thunfisch, frisch, Echter Bonito, roh|Fish, tuna, fresh, skipjack, raw"
540;Kurkuma;0;Früchte;SIGHI_FoodList_2024-08-29_p20_r35;172231|Gewürze, Kurkuma, gemahlen|Spices, turmeric, ground
541;Lorbeerblätter, Echter Lorbeer (Laurus nobilis), Edler;0;Früchte;SIGHI_FoodList_2024-08-29_p20_r36;"170917|Gewürze, Lorbeerblatt|Spices, bay leaf ;; 2607109|ECHTER FASSGEREIFTER FETA-KÄSE|AUTHENTIC BARREL RIPENED FETA CHEESE ;; 175156|Fisch, Thunfisch, frisch, Echter Bonito, roh|Fish, tuna, fresh, skipjack, raw ;; 2747666|Jakobsmuscheln, Lorbeer, patagonisch, gefroren, Wildfang|Scallops, bay, Patagonian, frozen, wild caught ;; 172005|Fisch, Thunfisch, Echter Bonito, frisch, gekocht, trockene Hitze|Fish, tuna, skipjack, fresh, cooked, dry heat"
542;Mohnsamen;1;Früchte;SIGHI_FoodList_2024-08-29_p20_r38;"171423|Öl, Mohnsamen|Oil, poppyseed ;; 171330|Gewürze, Mohnsamen|Spices, poppy seed ;; 1859920|NÜSSE & KERNSAMEN|NUTS & SEEDS ;; 169414|Saatgut, Leinsamen|Seeds, flaxseed ;; 171316|Gewürze, Anissamen|Spices, anise seed"
543;Muskatnuss;1;Früchte;SIGHI_FoodList_2024-08-29_p20_r39;"172335|Öl, Muskatnussbutter|Oil, nutmeg butter ;; 171326|Gewürze, Muskatnuss, gemahlen|Spices, nutmeg, ground ;; 171030|Öl, Walnuss|Oil, walnut ;; 171429|Öl, Sheanuss|Oil, sheanut ;; 330458|Öl, Kokosnuss|Oil, coconut"
544;Nelken, Gewürznelken;0;Früchte;SIGHI_FoodList_2024-08-29_p20_r40;171321|Gewürze, Nelken, gemahlen|Spices, cloves, ground
545;Paprikapulver, mild;0;Früchte;SIGHI_FoodList_2024-08-29_p20_r42;"167806|Baobab-Pulver|Baobab powder ;; 170461|Tomatenpulver|Tomato powder ;; 171329|Gewürze, Paprika|Spices, paprika ;; 173429|Ei-Ersatz, Pulver|Egg substitute, powder ;; 1629429|(MILDE) SAUCE, MILD|(MILD) SAUCE, MILD"
546;Paprikapulver, scharf;2;Früchte;SIGHI_FoodList_2024-08-29_p20_r43;"169766|Paprika, scharf eingelegt, in Dosen|Peppers, hot pickled, canned ;; 171604|Soße, Paprika, scharf, Chili, reif, rot, in Dosen|Sauce, peppers, hot, chili, mature red, canned ;; 171605|Soße, Chili, Paprika, scharf, unreif grün, in Dosen|Sauce, chili, peppers, hot, immature green, canned ;; 167806|Baobab-Pulver|Baobab powder ;; 170461|Tomatenpulver|Tomato powder"
547;Pfeffer, schwarz;2;Früchte;SIGHI_FoodList_2024-08-29_p20_r44;"170931|Gewürze, Pfeffer, schwarz|Spices, pepper, black ;; 173474|Pfefferminz, frisch|Peppermint, fresh ;; 174956|Kekse, Pfefferkuchen|Cookies, gingersnaps ;; 170933|Gewürze, Pfeffer, weiß|Spices, pepper, white ;; 2710837|Pflaume, schwarz, mit Haut, roh|Plum, black, with skin, raw"
548;Pfeffer, weiß;2;Früchte;SIGHI_FoodList_2024-08-29_p20_r45;"170933|Gewürze, Pfeffer, weiß|Spices, pepper, white ;; 167532|Brot, Weißweizen|Bread, white wheat ;; 168920|Maiskörner, weiß|Corn grain, white ;; 1104962|Zwiebeln, weiß, roh|Onions, white, raw ;; 173474|Pfefferminz, frisch|Peppermint, fresh"
549;Quendel, Thymian, Echter Thymian (Thymus;0;Früchte;SIGHI_FoodList_2024-08-29_p20_r46;"173470|Thymian, frisch|Thyme, fresh ;; 170938|Gewürze, Thymian, getrocknet|Spices, thyme, dried ;; 2607109|ECHTER FASSGEREIFTER FETA-KÄSE|AUTHENTIC BARREL RIPENED FETA CHEESE ;; 175156|Fisch, Thunfisch, frisch, Echter Bonito, roh|Fish, tuna, fresh, skipjack, raw ;; 172005|Fisch, Thunfisch, Echter Bonito, frisch, gekocht, trockene Hitze|Fish, tuna, skipjack, fresh, cooked, dry heat"
550;Schwarzkümmel (Nigella sativa);0;Früchte;SIGHI_FoodList_2024-08-29_p20_r48;
551;Senf, Senfkörner, Senfsamenpulver;2;Früchte;SIGHI_FoodList_2024-08-29_p20_r49;"169256|Senfkörner, roh|Mustard greens, raw ;; 170929|Gewürze, Senfkörner, gemahlen|Spices, mustard seed, ground ;; 169258|Senfkörner, gefroren, nicht zubereitet|Mustard greens, frozen, unprepared ;; 170503|Senfkörner, gekocht, gekocht, abgetropft, mit Salz|Mustard greens, cooked, boiled, drained, with salt ;; 169257|Senfkörner, gekocht, gekocht, abgetropft, ohne Salz|Mustard greens, cooked, boiled, drained, without salt"
552;Sojasauce;3;Früchte;SIGHI_FoodList_2024-08-29_p20_r50;"174278|Sojasauce aus Soja (Tamari)|Soy sauce made from soy (tamari) ;; 174277|Sojasauce aus Soja und Weizen (Shoyu)|Soy sauce made from soy and wheat (shoyu) ;; 174279|Sojasauce aus hydrolisiertem Pflanzeneiweiß|Soy sauce made from hydrolyzed vegetable protein ;; 172473|Sojasauce aus Soja und Weizen (Shoyu), natriumarm|Soy sauce made from soy and wheat (shoyu), low sodium ;; 172474|Sojasauce, natriumreduziert, aus hydrolisiertem Pflanzeneiweiß|Soy sauce, reduced sodium, made from hydrolyzed vegetable protein"
553;Sternanis;?;Früchte;SIGHI_FoodList_2024-08-29_p20_r51;
554;Sumach, Sumak: Gerber-Sumach (Rhus coriaria);0;Früchte;SIGHI_FoodList_2024-08-29_p20_r52;"169792|Babynahrung, GERBER, Banane mit Orangenmischung|Babyfood, GERBER, Banana with orange medley ;; 173520|Babynahrung, Snack, GERBER, GRADUATES, YOGURT MELTS|Babyfood, snack, GERBER, GRADUATES, YOGURT MELTS ;; 172254|Babynahrung, GERBER, 3rd Foods, Apfel, Mango und Kiwi|Babyfood, GERBER, 3rd Foods, apple, mango and kiwi ;; 173519|Babynahrung, Getränk, GERBER, GRADUATES, FRUIT SPLASHERS|Babyfood, beverage, GERBER, GRADUATES, FRUIT SPLASHERS ;; 171371|Babynahrung, GERBER, GRADUATES Lil Biscuits Vanille Weizen|Babyfood, GERBER, GRADUATES Lil Biscuits Vanilla Wheat"
555;Thymian, Echter Thymian (Thymus vulgaris),;0;Früchte;SIGHI_FoodList_2024-08-29_p20_r56;"173470|Thymian, frisch|Thyme, fresh ;; 170938|Gewürze, Thymian, getrocknet|Spices, thyme, dried ;; 2607109|ECHTER FASSGEREIFTER FETA-KÄSE|AUTHENTIC BARREL RIPENED FETA CHEESE ;; 175156|Fisch, Thunfisch, frisch, Echter Bonito, roh|Fish, tuna, fresh, skipjack, raw ;; 172005|Fisch, Thunfisch, Echter Bonito, frisch, gekocht, trockene Hitze|Fish, tuna, skipjack, fresh, cooked, dry heat"
556;Vanille, Vanilleschoten, Vanillepulver, Vanillezucker;1;Früchte;SIGHI_FoodList_2024-08-29_p21_r13;"169656|Zucker, pulverisiert|Sugars, powdered ;; 172446|Sojamilch, original und Vanille, ungezuckert|Soymilk, original and vanilla, unfortified ;; 169631|Speiseeis, Vanille, leicht, ohne Zuckerzusatz|Ice creams, vanilla, light, no sugar added ;; 174824|Getränke, Schokoladenpulver, ohne Zuckerzusatz|Beverages, chocolate powder, no sugar added ;; 170264|Speiseeis, BREYERS, ohne Zuckerzusatz, Vanille|Ice creams, BREYERS, No Sugar Added, Vanilla"
557;Vanilleextrakt;1;Früchte;SIGHI_FoodList_2024-08-29_p21_r15;"172235|Vanilleextrakt, Imitation, Alkohol|Vanilla extract, imitation, alcohol ;; 172236|Vanilleextrakt, Imitat, ohne Alkohol|Vanilla extract, imitation, no alcohol"
558;Wacholderbeeren;0;Früchte;SIGHI_FoodList_2024-08-29_p21_r16;"2346410|Himbeeren, roh|Raspberries, raw ;; 2346409|Erdbeeren, roh|Strawberries, raw ;; 167755|Himbeeren, roh|Raspberries, raw ;; 167762|Erdbeeren, roh|Strawberries, raw ;; 173946|Brombeeren, roh|Blackberries, raw"
559;Weingeistessig;0;Früchte;SIGHI_FoodList_2024-08-29_p21_r17;"172240|Essig, Rotwein|Vinegar, red wine ;; 167682|Pektin, flüssig|Pectin, liquid ;; 172241|Essig, Balsamico|Vinegar, balsamic ;; 173469|Essig, Apfelessig|Vinegar, cider ;; 172237|Essig, destilliert|Vinegar, distilled"
560;Würze, Speisewürze, Suppenwürze (pflanzliches;2;Früchte;SIGHI_FoodList_2024-08-29_p21_r19;"170918|Gewürze, Kümmel|Spices, caraway seed ;; 170934|Gewürze, Safran|Spices, saffron ;; 171329|Gewürze, Paprika|Spices, paprika ;; 170919|Gewürze, Kardamom|Spices, cardamom ;; 171316|Gewürze, Anissamen|Spices, anise seed"
561;Zimt, Zimtstangen, Zimtpulver;0;Früchte;SIGHI_FoodList_2024-08-29_p21_r21;"173020|Verzehrfertiges Müsli, POST-HONIG-Haferbündel mit Zimtstangen|Cereals ready-to-eat, POST HONEY BUNCHES OF OATS with cinnamon bunches ;; 171849|Brot, Zimt|Bread, cinnamon ;; 167806|Baobab-Pulver|Baobab powder ;; 170461|Tomatenpulver|Tomato powder ;; 173429|Ei-Ersatz, Pulver|Egg substitute, powder"
562;Heilquellen-Wasser mit viel;1;Getränke;SIGHI_FoodList_2024-08-29_p21_r24;"172915|Pilzcremesuppe aus der Dose, zubereitet mit gleich viel Wasser|Soup, cream of mushroom, canned, prepared with equal volume water ;; 174551|Suppe, Hühnerbrühe, in Dosen, zubereitet mit gleich viel Wasser|Soup, chicken broth, canned, prepared with equal volume water ;; 174553|Hühnercremesuppe aus der Dose, zubereitet mit gleich viel Wasser|Soup, cream of chicken, canned, prepared with equal volume water ;; 172920|Suppe, Tomaten-Reis, in Dosen, zubereitet mit gleich viel Wasser|Soup, tomato rice, canned, prepared with equal volume water ;; 172910|Suppe, Huhn mit Reis, in Dosen, zubereitet mit gleich viel Wasser|Soup, chicken with rice, canned, prepared with equal volume water"
563;Leitungswasser;0;Getränke;SIGHI_FoodList_2024-08-29_p21_r26;"173647|Getränke, Wasser, Leitungswasser, Trinken|Beverages, water, tap, drinking ;; 175096|Getränke, Wasser, Leitungswasser, Brunnen|Beverages, water, tap, well ;; 175103|Getränke, Wasser, Leitungswasser, kommunal|Beverages, water, tap, municipal ;; 171890|Getränke, Kaffee, gebrüht, zubereitet mit Leitungswasser|Beverages, coffee, brewed, prepared with tap water ;; 173227|Getränke, Tee, schwarz, aufgebrüht, zubereitet mit Leitungswasser|Beverages, tea, black, brewed, prepared with tap water"
564;Mineralwasser ohne Kohlensäure;0;Getränke;SIGHI_FoodList_2024-08-29_p21_r27;"174854|Getränke, kohlensäurehaltig, orange|Beverages, carbonated, orange ;; 174842|Getränke, kohlensäurehaltig, Club Soda|Beverages, carbonated, club soda ;; 171871|Getränke, kohlensäurehaltig, Root Beer|Beverages, carbonated, root beer ;; 173199|Kohlensäurehaltiges Getränk, Sahnesoda|Carbonated beverage, cream soda ;; 174846|Getränke, kohlensäurehaltig, Ginger Ale|Beverages, carbonated, ginger ale"
565;Alkohol, rein (Ethanol);3;Getränke;SIGHI_FoodList_2024-08-29_p21_r29;"173330|Rindereintopf, Dosengericht|Beef stew, canned entree ;; 174157|Getränke, Wein, alkoholfrei|Beverages, Wine, non-alcoholic ;; 168032|Öl, Walross (Alaska Ureinwohner)|Oil, walrus (Alaska Native) ;; 171908|Alkoholische Getränke, Wein, Rose|Alcoholic beverages, wine, rose ;; 167723|Alkoholisches Getränk, Reis (Sake)|Alcoholic beverage, rice (sake)"
566;Alkoholhaltige Getränke;3;Getränke;SIGHI_FoodList_2024-08-29_p21_r30;"174825|Getränke, ZEVIA, Cola|Beverages, ZEVIA, cola ;; 174117|Getränke, Schokoladensirup|Beverages, chocolate syrup ;; 174858|Getränke, Limonade, Pulver|Beverages, Lemonade, powder ;; 171907|Getränke, Malzlikörgetränk|Beverages, Malt liquor beverage ;; 174157|Getränke, Wein, alkoholfrei|Beverages, Wine, non-alcoholic"
567;Bier;2;Getränke;SIGHI_FoodList_2024-08-29_p21_r31;"2346395|Nüsse, Pekannüsse, halbiert, roh|Nuts, pecans, halves, raw ;; 168749|Alkoholisches Getränk, Bier, leicht|Alcoholic beverage, beer, light ;; 171616|Bierwurst, Biersalami, Schweinefleisch|Beerwurst, beer salami, pork ;; 2346394|Nüsse, Walnüsse, englisch, halbiert, roh|Nuts, walnuts, English, halves, raw ;; 168746|Alkoholisches Getränk, Bier, normal, alle|Alcoholic beverage, beer, regular, all"
568;Champagner;3;Getränke;SIGHI_FoodList_2024-08-29_p21_r32;
569;Ethanol, Ethylalkohol;3;Getränke;SIGHI_FoodList_2024-08-29_p21_r33;
570;Rhum;2;Getränke;SIGHI_FoodList_2024-08-29_p21_r34;
571;Schnäpse, klar (farblos);2;Getränke;SIGHI_FoodList_2024-08-29_p21_r35;"1999630|Sojamilch, ungesüßt, klar, haltbar|Soy milk, unsweetened, plain, shelf stable ;; 172363|Öl, industriell, Soja (teilweise hydriert) und Soja (winterisiert), gießbares, klares Bratöl|Oil, industrial, soy (partially hydrogenated ) and soy (winterized), pourable clear fry"
572;Schnäpse, nicht klar (nicht farblos);3;Getränke;SIGHI_FoodList_2024-08-29_p21_r36;"168933|Grieß, nicht angereichert|Semolina, unenriched ;; 167730|Milch, Nachahmung, nicht Soja|Milk, imitation, non-soy ;; 169262|Okra, gefroren, nicht zubereitet|Okra, frozen, unprepared ;; 172817|Brot, Rosinen, nicht angereichert|Bread, raisin, unenriched ;; 790085|Mehl, Vollkorn, nicht angereichert|Flour, whole wheat, unenriched"
573;Sekt;3;Getränke;SIGHI_FoodList_2024-08-29_p21_r37;
574;Spirituosen, klar (farblos);2;Getränke;SIGHI_FoodList_2024-08-29_p21_r38;"1999630|Sojamilch, ungesüßt, klar, haltbar|Soy milk, unsweetened, plain, shelf stable ;; 172363|Öl, industriell, Soja (teilweise hydriert) und Soja (winterisiert), gießbares, klares Bratöl|Oil, industrial, soy (partially hydrogenated ) and soy (winterized), pourable clear fry"
575;Spirituosen, nicht klar (nicht farblos);3;Getränke;SIGHI_FoodList_2024-08-29_p21_r39;"168933|Grieß, nicht angereichert|Semolina, unenriched ;; 167730|Milch, Nachahmung, nicht Soja|Milk, imitation, non-soy ;; 169262|Okra, gefroren, nicht zubereitet|Okra, frozen, unprepared ;; 172817|Brot, Rosinen, nicht angereichert|Bread, raisin, unenriched ;; 790085|Mehl, Vollkorn, nicht angereichert|Flour, whole wheat, unenriched"
576;Wein;3;Getränke;SIGHI_FoodList_2024-08-29_p21_r40;"172240|Essig, Rotwein|Vinegar, red wine ;; 170849|Käse, Portwein, Salat|Cheese, port de salut ;; 168575|Weintraubenblätter, roh|Grape leaves, raw ;; 173856|Bologna, Schweinefleisch|Bologna, pork ;; 171630|Kopfkäse, Schweinefleisch|Headcheese, pork"
577;Wein, histaminfrei (<0.1 mg/l);1;Getränke;SIGHI_FoodList_2024-08-29_p21_r41;"172240|Essig, Rotwein|Vinegar, red wine ;; 170849|Käse, Portwein, Salat|Cheese, port de salut ;; 168575|Weintraubenblätter, roh|Grape leaves, raw ;; 173856|Bologna, Schweinefleisch|Bologna, pork ;; 171630|Kopfkäse, Schweinefleisch|Headcheese, pork"
578;Wein: Rotwein;3;Getränke;SIGHI_FoodList_2024-08-29_p21_r43;"172240|Essig, Rotwein|Vinegar, red wine ;; 172932|Mutterbrot, Schweinefleisch|Mother's loaf, pork ;; 172926|Olivenbrot, Schweinefleisch|Olive loaf, pork ;; 2346412|Weintrauben, rot, kernlos, roh|Grapes, red, seedless, raw ;; 171601|Grillbrot, Schweinefleisch, Rindfleisch|Barbecue loaf, pork, beef"
579;Wein: Schilcherwein;2;Getränke;SIGHI_FoodList_2024-08-29_p21_r44;"172240|Essig, Rotwein|Vinegar, red wine ;; 170849|Käse, Portwein, Salat|Cheese, port de salut ;; 168575|Weintraubenblätter, roh|Grape leaves, raw ;; 173856|Bologna, Schweinefleisch|Bologna, pork ;; 171630|Kopfkäse, Schweinefleisch|Headcheese, pork"
580;Wein: Weisswein, Weißwein;2;Getränke;SIGHI_FoodList_2024-08-29_p21_r45;"174837|Alkoholisches Getränk, Wein, Tafelwein, weiß|Alcoholic beverage, wine, table, white ;; 173200|Alkoholisches Getränk, Wein, Tisch, weiß, Riesling|Alcoholic beverage, wine, table, white, Riesling ;; 174110|Alkoholisches Getränk, Wein, Tisch, weiß, Chardonnay|Alcoholic beverage, wine, table, white, Chardonnay ;; 174848|Alkoholisches Getränk, Wein, Tisch, weiß, Pinot Blanc|Alcoholic beverage, wine, table, white, Pinot Blanc ;; 173202|Alkoholisches Getränk, Wein, Tafelwein, weiß, Spätlese|Alcoholic beverage, wine, table, white, late harvest"
581;Weinbrand, Brandy;2;Getränke;SIGHI_FoodList_2024-08-29_p21_r46;
582;Anistee;0;Getränke;SIGHI_FoodList_2024-08-29_p21_r48;
583;Brennnesseltee;1;Getränke;SIGHI_FoodList_2024-08-29_p21_r49;
584;Eisenkraut-Tee;0;Getränke;SIGHI_FoodList_2024-08-29_p21_r50;"170004|Zwiebeln, gelb, sautiert|Onions, yellow, sauteed ;; 168550|Paprika, süß, rot, gedünstet|Peppers, sweet, red, sauteed ;; 2346397|Hafer, Vollkorn, Stahlschnitt|Oats, whole grain, steel cut ;; 170024|Paprika, süß, grün, gedünstet|Peppers, sweet, green, sauteed ;; 174120|Getränke, Tee, Oolong, gebrüht|Beverages, tea, Oolong, brewed"
585;Fencheltee;0;Getränke;SIGHI_FoodList_2024-08-29_p21_r51;
586;Grüntee;1;Getränke;SIGHI_FoodList_2024-08-29_p21_r52;
587;Kamillentee;0;Getränke;SIGHI_FoodList_2024-08-29_p21_r53;
588;Kräuterteemischungen aus Heilkräutern, z.B.;1;Getränke;SIGHI_FoodList_2024-08-29_p21_r54;
589;Kümmeltee, Echter Kümmel (Carum carvi);0;Getränke;SIGHI_FoodList_2024-08-29_p21_r56;"173413|Käse, Kümmel|Cheese, caraway ;; 170918|Gewürze, Kümmel|Spices, caraway seed ;; 170923|Gewürze, Kreuzkümmel|Spices, cumin seed ;; 2607109|ECHTER FASSGEREIFTER FETA-KÄSE|AUTHENTIC BARREL RIPENED FETA CHEESE ;; 175156|Fisch, Thunfisch, frisch, Echter Bonito, roh|Fish, tuna, fresh, skipjack, raw"
590;Lindenblütentee;0;Getränke;SIGHI_FoodList_2024-08-29_p21_r57;
591;Mate Tee;1;Getränke;SIGHI_FoodList_2024-08-29_p22_r13;"1999634|Tomate, roma|Tomato, roma ;; 170461|Tomatenpulver|Tomato powder ;; 171424|Öl, Tomatensaft|Oil, tomatoseed ;; 170456|Tomaten, grün, roh|Tomatoes, green, raw ;; 170096|Tomaten, gelb, roh|Tomatoes, yellow, raw"
592;Pfefferminztee;0;Getränke;SIGHI_FoodList_2024-08-29_p22_r14;
593;Rooibostee;0;Getränke;SIGHI_FoodList_2024-08-29_p22_r15;
594;Salbeitee;0;Getränke;SIGHI_FoodList_2024-08-29_p22_r18;
595;Schwarztee;2;Getränke;SIGHI_FoodList_2024-08-29_p22_r19;
596;Verveine-Tee;0;Getränke;SIGHI_FoodList_2024-08-29_p22_r20;"170004|Zwiebeln, gelb, sautiert|Onions, yellow, sauteed ;; 168550|Paprika, süß, rot, gedünstet|Peppers, sweet, red, sauteed ;; 2346397|Hafer, Vollkorn, Stahlschnitt|Oats, whole grain, steel cut ;; 170024|Paprika, süß, grün, gedünstet|Peppers, sweet, green, sauteed ;; 174120|Getränke, Tee, Oolong, gebrüht|Beverages, tea, Oolong, brewed"
597;Cranberry Nektar;0;Getränke;SIGHI_FoodList_2024-08-29_p22_r22;"169914|Nektarinen, roh|Nectarines, raw ;; 167785|Mango-Nektar, Konserven|Mango nectar, canned ;; 169107|Papayanektar, eingemacht|Papaya nectar, canned ;; 168117|Preiselbeersaft, ungesüßt|Cranberry juice, unsweetened ;; 168196|Guanabana-Nektar, in Dosen|Guanabana nectar, canned"
598;Orangensaft;2;Getränke;SIGHI_FoodList_2024-08-29_p22_r23;"169044|Getränke, Orangensaftgetränk|Beverages, Orange juice drink ;; 169099|Orangensaft, in Dosen, ungesüßt|Orange juice, canned, unsweetened ;; 169100|Orangensaft, gekühlt, auch aus Konzentrat|Orange juice, chilled, includes from concentrate ;; 173178|Getränke, Orangensaft, leicht, ohne Fruchtfleisch|Beverages, Orange juice, light, No pulp ;; 173225|Getränke, Ananas- und Orangensaftgetränk, in Dosen|Beverages, pineapple and orange juice drink, canned"
599;Zitronensaft, Zitronensaftkonzentrat;3;Getränke;SIGHI_FoodList_2024-08-29_p22_r24;"167747|Zitronensaft, roh|Lemon juice, raw ;; 167801|Zitronensaft aus Konzentrat, abgefüllt, CONCORD|Lemon juice from concentrate, bottled, CONCORD ;; 174959|Kekse, Löffelbiskuits, mit Zitronensaft und Schale|Cookies, ladyfingers, with lemon juice and rind ;; 172821|Kekse, Löffelbiskuits, ohne Zitronensaft und Schale|Cookies, ladyfingers, without lemon juice and rind ;; 167802|Zitronensaft aus Konzentrat, abgefüllt, ECHTE ZITRONE|Lemon juice from concentrate, bottled, REAL LEMON"
600;Tomatensaft;2;Getränke;SIGHI_FoodList_2024-08-29_p22_r26;"171424|Öl, Tomatensaft|Oil, tomatoseed ;; 167708|Tomaten- und Gemüsesaft, natriumarm|Tomato and vegetable juice, low sodium ;; 170545|Tomatensaft, in Dosen, ohne Salzzusatz|Tomato juice, canned, without salt added ;; 170458|Tomatensaft, in Dosen, mit Zusatz von Salz|Tomato juice, canned, with salt added ;; 171882|Getränke, Muschel- und Tomatensaft, in Dosen|Beverages, Clam and tomato juice, canned"
601;Coca-Cola;2;Getränke;SIGHI_FoodList_2024-08-29_p22_r28;"171884|Getränke, Das Unternehmen COCA-COLA, Minute Maid, Limonade|Beverages, The COCA-COLA company, Minute Maid, Lemonade ;; 173179|Getränke, Das Unternehmen COCA-COLA, Hi-C Flashin' Fruit Punch|Beverages, The COCA-COLA company, Hi-C Flashin' Fruit Punch ;; 175108|Getränke, COCA-COLA, POWERADE, mit Zitronen-Limetten-Geschmack, trinkfertig|Beverages, COCA-COLA, POWERADE, lemon-lime flavored, ready-to-drink ;; 175104|Getränke, Die Firma COCA-COLA, DASANI, Wasser, in Flaschen, ohne Kohlensäure|Beverages, The COCA-COLA company, DASANI, water, bottled, non-carbonated ;; 173188|Getränke, Das Unternehmen COCA-COLA, Glaceau Vitamin Water, Revive Fruit Punch, angereichert|Beverages, The COCA-COLA company, Glaceau Vitamin Water, Revive Fruit Punch, fortified"
602;Colagetränke;2;Getränke;SIGHI_FoodList_2024-08-29_p22_r29;
603;Energy-Drinks;2;Getränke;SIGHI_FoodList_2024-08-29_p22_r30;"174171|Getränke, Energiegetränk, AMP|Beverages, Energy drink, AMP ;; 173210|Getränke, Energy-Drink, RED BULL|Beverages, Energy drink, RED BULL ;; 171937|Getränke, Energy-Drink, ROCKSTAR|Beverages, Energy drink, ROCKSTAR ;; 174822|Getränke, Energy Drink, zuckerfrei|Beverages, Energy Drink, sugar free ;; 174108|Getränke, Energy-Drink, Zitrusfrüchte|Beverages,  Energy drink, Citrus"
604;Espresso;1;Getränke;SIGHI_FoodList_2024-08-29_p22_r31;"171891|Getränke, Kaffee, gebrüht, Espresso, zubereitet im Restaurant|Beverages, coffee, brewed, espresso, restaurant-prepared ;; 174125|Getränke, Kaffee, Brühkaffee, Espresso, Restaurantkaffee, entkoffeiniert|Beverages, coffee, brewed, espresso, restaurant-prepared, decaffeinated"
605;Kaffee;1;Getränke;SIGHI_FoodList_2024-08-29_p22_r33;"175224|SILK Kaffee, Sojamilch|SILK Coffee, soymilk ;; 172699|Torte, Kaffeekuchen, Käse|Cake, coffeecake, cheese ;; 174937|Torte, Kaffeekuchen, Obst|Cake, coffeecake, fruit ;; 171897|Getränke, Kaffee, löslich, mit Zichorie|Beverages, coffee, instant, with chicory ;; 174135|Getränke, Kaffee, Instant, Mokka, gesüßt|Beverages, coffee, instant, mocha, sweetened"
606;Hafer-Drink;1;Getränke;SIGHI_FoodList_2024-08-29_p22_r35;"173576|Öl, Hafer|Oil, oat ;; 168872|Haferkleie, roh|Oat bran, raw ;; 172676|Brot, Haferkleie|Bread, oat bran ;; 172666|Bagels, Haferkleie|Bagels, oat bran ;; 172678|Brot, Haferflocken|Bread, oatmeal"
607;Reismilch, Reis-Drink;1;Getränke;SIGHI_FoodList_2024-08-29_p22_r36;"171942|Getränke, Reismilch, ungesüßt|Beverages, rice milk, unsweetened ;; 168755|Bonbons, Milchschokolade, mit Reisflocken|Candies, milk chocolate, with rice cereal ;; 174820|Getränke, Mandelmilch, Schokolade, trinkfertig|Beverages, almond milk, chocolate, ready-to-drink ;; 168063|Restaurant, Latino, arroz con leche (Milchreis)|Restaurant, Latino, arroz con leche (rice pudding) ;; 174140|Getränke, Preiselbeer-Apfelsaftgetränk, abgefüllt|Beverages, cranberry-apple juice drink, bottled"
608;Sojamilch, Soja-Drink;2;Getränke;SIGHI_FoodList_2024-08-29_p22_r37;"171873|Getränke, Schokoladengetränk, auf Milch- und Sojabasis, trinkfertig, angereichert|Beverages, chocolate drink, milk and soy based, ready to drink, fortified ;; 173775|SILK Nog, Sojamilch|SILK Nog, soymilk ;; 173776|SILK Chai, Sojamilch|SILK Chai, soymilk ;; 173777|SILK Mokka, Sojamilch|SILK Mocha, soymilk ;; 175224|SILK Kaffee, Sojamilch|SILK Coffee, soymilk"
609;heisse Schokolade, heiße Schokolade;2;Getränke;SIGHI_FoodList_2024-08-29_p22_r39;"171277|Milch, Schokoladengetränk, heißer Kakao, selbstgemacht|Milk, chocolate beverage, hot cocoa, homemade ;; 168809|Speiseeis, Schokolade|Ice creams, chocolate ;; 167587|Bonbons, Milchschokolade|Candies, milk chocolate ;; 167977|Bonbons, süße Schokolade|Candies, sweet chocolate ;; 167571|Bonbons, weiße Schokolade|Candies, white chocolate"
610;Holunderblütensirup;0;Getränke;SIGHI_FoodList_2024-08-29_p22_r40;"167953|Fruchtsirup|Fruit syrup ;; 169660|Sirupe, Malz|Syrups, malt ;; 169662|Sirupe, Sorghum|Syrups, sorghum ;; 168088|Sirup, Grenadine|Syrups, grenadine ;; 167743|Sirup, Zuckerrohr|Syrup, Cane"
611;Kakaogetränke;2;Getränke;SIGHI_FoodList_2024-08-29_p22_r41;
612;Limonadengetränke;1;Getränke;SIGHI_FoodList_2024-08-29_p22_r42;
613;Ovomaltine;2;Getränke;SIGHI_FoodList_2024-08-29_p22_r43;
614;Schokoladengetränke;2;Getränke;SIGHI_FoodList_2024-08-29_p22_r44;
615;2-Phenylphenol, E231;2;Getränke;SIGHI_FoodList_2024-08-29_p22_r46;
616;2-tert-Butylhydrochinon, tert-Butylhydrochinon,;?;Getränke;SIGHI_FoodList_2024-08-29_p22_r47;"175293|Bison, gemahlen, grasgefüttert, roh|Bison, ground, grass-fed, raw ;; 173847|Bison, gemahlen, grasgefüttert, gekocht|Bison, ground, grass-fed, cooked ;; 168763|Süßigkeiten, REESE'S Erdnussbuttertassen|Candies, REESE'S Peanut Butter Cups ;; 168608|Rindfleisch, grasgefüttert, gemahlen, roh|Beef, grass-fed, ground, raw ;; 172790|Blätterteig, tiefgekühlt, fertig zum Backen|Puff pastry, frozen, ready-to-bake"
617;Acid Red 1, E128;2;Getränke;SIGHI_FoodList_2024-08-29_p22_r49;"171870|Getränke, Energy-Drink, RED BULL, zuckerfrei, mit Zusatz von Koffein, Niacin, Pantothensäure, Vitaminen B6 und B12|Beverages, Energy drink, RED BULL, sugar free, with added caffeine, niacin, pantothenic acid, vitamins B6 and B12 ;; 172950|Mittagsfleisch, Schweinefleisch, Schinken und Hühnerfleisch, gehackt, in Dosen, natriumreduziert, mit Ascorbinsäure, einschließlich SPAM, 25% weniger Natrium|Luncheon meat, pork, ham, and chicken, minced, canned, reduced sodium, added ascorbic acid, includes SPAM, 25% less sodium ;; 2346408|Kohl, rot, roh|Cabbage, red, raw ;; 169977|Kohl, rot, roh|Cabbage, red, raw ;; 172240|Essig, Rotwein|Vinegar, red wine"
618;acidum hydrochloricum, Salzsäure,;0;Getränke;SIGHI_FoodList_2024-08-29_p22_r50;
619;Agar-Agar, E406;1;Getränke;SIGHI_FoodList_2024-08-29_p22_r52;"169280|Seetang, Agar, roh|Seaweed, agar, raw ;; 170090|Seetang, Agar, getrocknet|Seaweed, agar, dried"
620;Alginat, Propylenglycolalginat, E405;1;Getränke;SIGHI_FoodList_2024-08-29_p22_r53;
621;Alginsäure, Algin, E400;1;Getränke;SIGHI_FoodList_2024-08-29_p22_r54;
622;Allurarot AC, E129, Food Red 17, CI 16035;2;Getränke;SIGHI_FoodList_2024-08-29_p23_r13;"172694|Kuchen, Angelfood, kommerziell zubereitet|Cake, angelfood, commercially prepared ;; 172695|Kuchen, Angelfood, Trockenmischung, zubereitet|Cake, angelfood, dry mix, prepared ;; 172299|Babynahrung, Müsli, Reis, zubereitet mit Vollmilch|Babyfood, cereal, rice, prepared with whole milk ;; 172296|Babynahrung, Getreide, Gerste, zubereitet mit Vollmilch|Babyfood, cereal, barley, prepared with whole milk ;; 173529|Babynahrung, Getreide, gemischt, zubereitet mit Vollmilch|Babyfood, cereal, mixed, prepared with whole milk"
623;alpha-Tocopherol, Vitamin E, E307;0;Getränke;SIGHI_FoodList_2024-08-29_p23_r14;"174798|Snacks, Bonbons, Joghurt mit Vitamin C|Snacks, candy bits, yogurt covered with vitamin C ;; 171641|Verzehrfertiges Müsli, POST, ALPHA-BITS|Cereals ready-to-eat, POST, ALPHA-BITS ;; 169636|Snacks, Fruchtleder, Stücke, mit Vitamin C|Snacks, fruit leather, pieces, with vitamin C ;; 2346414|Apfelmus, ungesüßt, mit Zusatz von Vitamin C|Applesauce, unsweetened, with added vitamin C ;; 170876|Milch, trocken, voll, mit Zusatz von Vitamin D|Milk, dry, whole, with added vitamin D"
624;Aluminium, E173;?;Getränke;SIGHI_FoodList_2024-08-29_p23_r15;172803|Backtriebmittel, Backpulver, doppelt wirkend, Natriumaluminiumsulfat|Leavening agents, baking powder, double-acting, sodium aluminum sulfate
625;Amaranth E123;2;Getränke;SIGHI_FoodList_2024-08-29_p23_r16;"2512371|Mehl, Amaranth|Flour, amaranth ;; 168385|Amaranthblätter, roh|Amaranth leaves, raw ;; 170683|Amaranth-Körner, gekocht|Amaranth grain, cooked ;; 170682|Amaranth-Körner, ungekocht|Amaranth grain, uncooked ;; 168492|Amaranthblätter, gekocht, gekocht, abgetropft, mit Salz|Amaranth leaves, cooked, boiled, drained, with salt"
626;Ammoniumalginat, E403;1;Getränke;SIGHI_FoodList_2024-08-29_p23_r20;
627;Ammoniumcarbonat, E503;0;Getränke;SIGHI_FoodList_2024-08-29_p23_r21;
628;Ammoniumcitrat, Triammoniumcitrat, E380;1;Getränke;SIGHI_FoodList_2024-08-29_p23_r22;
629;Anthocyane, E163;0;Getränke;SIGHI_FoodList_2024-08-29_p23_r23;
630;Apfelsäure, Äpfelsäure, E296;0;Getränke;SIGHI_FoodList_2024-08-29_p23_r24;
631;Apo-Carotinal, Beta-Apo-8-Carotinal, E160e, 8′-Apo-β-;?;Getränke;SIGHI_FoodList_2024-08-29_p23_r25;"167759|Sapodilla, roh|Sapodilla, raw ;; 167760|Sapote, Mamey, roh|Sapote, mamey, raw ;; 174465|Huhn, Kapaun, Innereien, roh|Chicken, capons, giblets, raw ;; 173645|Hühner, Kapaune, Fleisch und Haut, roh|Chicken, capons, meat and skin, raw ;; 174466|Huhn, Kapaun, Innereien, gekocht, geschmort|Chicken, capons, giblets, cooked, simmered"
632;Apo-carotinsäureethylester, beta-Apo-8′-;?;Getränke;SIGHI_FoodList_2024-08-29_p23_r27;"167759|Sapodilla, roh|Sapodilla, raw ;; 167760|Sapote, Mamey, roh|Sapote, mamey, raw ;; 174465|Huhn, Kapaun, Innereien, roh|Chicken, capons, giblets, raw ;; 173645|Hühner, Kapaune, Fleisch und Haut, roh|Chicken, capons, meat and skin, raw ;; 174466|Huhn, Kapaun, Innereien, gekocht, geschmort|Chicken, capons, giblets, cooked, simmered"
633;Aroma, Aromen, Aromastoffe;1;Getränke;SIGHI_FoodList_2024-08-29_p23_r29;"173596|Öl, industriell, Soja (teilweise hydriert), Hauptverwendung: Popcorn und Aromastoffe für Gemüse|Oil, industrial, soy (partially hydrogenated), principal uses popcorn and flavoring vegetables ;; 174098|Kekse, aromatisiert, in Fischform|Crackers, flavored, fish-shaped ;; 173453|Sahneersatz, aromatisiert, flüssig|Cream substitute, flavored, liquid ;; 172214|Sahneersatz, aromatisiert, in Pulverform|Cream substitute, flavored, powdered ;; 2653684|MINIS GARDEN SALSA AROMATISIERTE VOLLKORNSNACKS|MINIS GARDEN SALSA FLAVORED WHOLE GRAIN SNACKS"
634;Ascorbinsäure, E300;0;Getränke;SIGHI_FoodList_2024-08-29_p23_r31;"167784|Guavennektar, in Dosen, mit Zusatz von Ascorbinsäure|Guava nectar, canned, with added ascorbic acid ;; 168186|Birnennektar, in Dosen, mit Zusatz von Ascorbinsäure|Pear nectar, canned, with added ascorbic acid ;; 169940|Birnennektar, in Dosen, ohne Zusatz von Ascorbinsäure|Pear nectar, canned, without added ascorbic acid ;; 168185|Pfirsichnektar, in Dosen, mit Zusatz von Ascorbinsäure|Peach nectar, canned, with added ascorbic acid ;; 171704|Aprikosennektar, in Dosen, mit Zusatz von Ascorbinsäure|Apricot nectar, canned, with added ascorbic acid"
635;Ascorbylpalmitat, E304;0;Getränke;SIGHI_FoodList_2024-08-29_p23_r33;
636;Azophloxin, E128;2;Getränke;SIGHI_FoodList_2024-08-29_p23_r34;
637;Azorubin, Karmesin, E122;2;Getränke;SIGHI_FoodList_2024-08-29_p23_r35;
638;Benzoesäure und deren Salze = Benzoate, E210 bis;2;Getränke;SIGHI_FoodList_2024-08-29_p23_r36;"170339|KFC, Kekse|KFC, biscuit ;; 168448|Kürbis, roh|Pumpkin, raw ;; 172086|POPEYES, Kekse|POPEYES, biscuit ;; 170302|Fast Food, Kekse|Fast food, biscuit ;; 171867|Kekse, Marie Keks|Cookies, Marie biscuit"
639;Benzoesäure, E210;2;Getränke;SIGHI_FoodList_2024-08-29_p23_r38;
640;Betanin, Betanoin, Betenrot, Beetenrot, E162;0;Getränke;SIGHI_FoodList_2024-08-29_p23_r39;
641;Bienenwachs, E901;0;Getränke;SIGHI_FoodList_2024-08-29_p23_r40;
642;Borax, Tinkal, Natriumborat, Dinatriumtetraborat-;?;Getränke;SIGHI_FoodList_2024-08-29_p23_r41;
643;Borsäure, E284;?;Getränke;SIGHI_FoodList_2024-08-29_p23_r43;
644;Braun FK, E154;2;Getränke;SIGHI_FoodList_2024-08-29_p23_r45;"168833|Zucker, braun|Sugars, brown ;; 168898|Reismehl, braun|Rice flour, brown ;; 1104812|Mehl, Reis, braun|Flour, rice, brown ;; 171565|Soße, braun, trocken|Gravy, brown, dry ;; 173155|Snacks, Chips aus braunem Reis|Snacks, brown rice chips"
645;Braun HT, Braun HTK, E155, C.I. 20285, C.I. Food;2;Getränke;SIGHI_FoodList_2024-08-29_p23_r46;"169865|Babynahrung, Erbsen und brauner Reis|Babyfood, peas and brown rice ;; 169864|Babynahrung, Gemüse und brauner Reis, abgeseiht|Babyfood, vegetable and brown rice, strained ;; 169048|Babynahrung, Getreide, brauner Reis, trocken, Instant|Babyfood, cereal, brown rice, dry, instant ;; 169703|Reis, braun, langkörnig, roh (einschließlich Lebensmittel für das Food Distribution Program des USDA)|Rice, brown, long-grain, raw (Includes foods for USDA's Food Distribution Program) ;; 169706|Reis, braun, mittelkörnig, roh (einschließlich Lebensmittel für das Food Distribution Program des USDA)|Rice, brown, medium-grain, raw (Includes foods for USDA's Food Distribution Program)"
646;Brillantschwarz BN, Brillantschwarz FCF, Schwarz;3;Getränke;SIGHI_FoodList_2024-08-29_p23_r48;"170931|Gewürze, Pfeffer, schwarz|Spices, pepper, black ;; 2710837|Pflaume, schwarz, mit Haut, roh|Plum, black, with skin, raw ;; 173734|Bohnen, schwarz, reife Samen, roh|Beans, black, mature seeds, raw ;; 2710825|Reis, schwarz, unangereichert, roh|Rice, black, unenriched, raw ;; 169277|Schwarzwurzeln, (Gemüseauster), roh|Salsify, (vegetable oyster), raw"
647;Butylhydroxyanisol, BHA, E320;2;Getränke;SIGHI_FoodList_2024-08-29_p23_r50;
648;Butylhydroxytoluol, Butylhydroxytoluen, BHT, E321;2;Getränke;SIGHI_FoodList_2024-08-29_p23_r51;
649;Calciumacetat, Calciumethanoat, Kalziumacetat, E262;0;Getränke;SIGHI_FoodList_2024-08-29_p23_r52;
650;Calciumalginat, E404;1;Getränke;SIGHI_FoodList_2024-08-29_p23_r53;
651;Calciumascorbat, Calciumdiascorbat, Calcium-L-;0;Getränke;SIGHI_FoodList_2024-08-29_p24_r13;"170985|Babynahrung, Saft, Apfel, mit Kalzium|Babyfood, juice, apple, with calcium ;; 171273|Milch, trocken, fettfrei, kalziumreduziert|Milk, dry, nonfat, calcium reduced ;; 170984|Babynahrung, Saft, Fruchtpunsch, mit Kalzium|Babyfood, juice, fruit punch, with calcium ;; 174304|Tofu, gebraten, zubereitet mit Calciumsulfat|Tofu, fried, prepared with calcium sulfate ;; 172475|Tofu, roh, fest, zubereitet mit Calciumsulfat|Tofu, raw, firm, prepared with calcium sulfate"
652;Calciumbenzoat, E213;2;Getränke;SIGHI_FoodList_2024-08-29_p24_r15;
653;Calciumcarbonat, Kalziumkarbonat, Kalk, E170;0;Getränke;SIGHI_FoodList_2024-08-29_p24_r16;
654;Calciumcitrat, E333;1;Getränke;SIGHI_FoodList_2024-08-29_p24_r17;
655;Calciumdiglutamat, Calciumglutamat, E623;2;Getränke;SIGHI_FoodList_2024-08-29_p24_r19;
656;Calciumhydrogensulfit, E227;2;Getränke;SIGHI_FoodList_2024-08-29_p24_r20;
657;Calciumlactat, Kalziumlaktat, E327;0;Getränke;SIGHI_FoodList_2024-08-29_p24_r21;
658;Calciumphosphate, E340;1;Getränke;SIGHI_FoodList_2024-08-29_p24_r22;
659;Calciumpolyphosphat, E452;2;Getränke;SIGHI_FoodList_2024-08-29_p24_r23;
660;Calciumpropionat, Calciumdipropionat, E282;?;Getränke;SIGHI_FoodList_2024-08-29_p24_r24;"174899|Bagels, normal, angereichert, mit Calciumpropionat (einschließlich Zwiebel, Mohn, Sesam)|Bagels, plain, enriched, with calcium propionate (includes onion, poppy, sesame) ;; 175049|Bagels, einfach, angereichert, ohne Calciumpropionat (einschließlich Zwiebel, Mohn, Sesam)|Bagels, plain, enriched, without calcium propionate (includes onion, poppy, sesame) ;; 175063|Englische Muffins, einfach, angereichert, ohne Calciumpropionat (einschließlich Sauerteig)|English muffins, plain, enriched, without calcium propionate(includes sourdough) ;; 172828|Englische Muffins, glatt, nicht angereichert, mit Calciumpropionat (einschließlich Sauerteig)|English muffins, plain, unenriched, with calcium propionate (includes sourdough) ;; 175050|Bagels, normal, nicht angereichert, mit Calciumpropionat (einschließlich Zwiebel, Mohn, Sesam)|Bagels, plain, unenriched, with calcium propionate (includes onion, poppy, sesame)"
661;Calciumsorbat, E203;2;Getränke;SIGHI_FoodList_2024-08-29_p24_r25;
662;Calciumsulfit, E226;2;Getränke;SIGHI_FoodList_2024-08-29_p24_r26;
663;Canthaxanthin, E161g;?;Getränke;SIGHI_FoodList_2024-08-29_p24_r27;
664;Capsanthin, Paprikaextrakt, E160c;0;Getränke;SIGHI_FoodList_2024-08-29_p24_r28;
665;Carob, Carobpulver;2;Getränke;SIGHI_FoodList_2024-08-29_p24_r29;"174114|Getränke, Getränkemischung mit Johannisbrotgeschmack, Pulver|Beverages, Carob-flavor beverage mix, powder ;; 174115|Getränke, Getränkemischung mit Johannisbrotgeschmack, Pulver, zubereitet mit Vollmilch|Beverages, Carob-flavor beverage mix, powder, prepared with whole milk ;; 167806|Baobab-Pulver|Baobab powder ;; 170461|Tomatenpulver|Tomato powder ;; 173755|Johannisbrotmehl|Carob flour"
666;Carotine, Beta-Carotin, β-Carotin, E160a;0;Getränke;SIGHI_FoodList_2024-08-29_p24_r30;
667;Carrageen, Carragaheen, E407, E407a;2;Getränke;SIGHI_FoodList_2024-08-29_p24_r31;
668;Carubin, Carubenmehl, E410;2;Getränke;SIGHI_FoodList_2024-08-29_p24_r32;"2003586|Mehl, 00|Flour, 00 ;; 172023|Hirsemehl|Millet flour ;; 2512376|Mehl, Gerste|Flour, barley ;; 2512377|Mehl, Maniok|Flour, cassava ;; 2512372|Mehl, Quinoa|Flour, quinoa"
669;Cellulose, Cellulosepulver, mikrokristalline Cellulose,;0;Getränke;SIGHI_FoodList_2024-08-29_p24_r34;"167806|Baobab-Pulver|Baobab powder ;; 170461|Tomatenpulver|Tomato powder ;; 173429|Ei-Ersatz, Pulver|Egg substitute, powder ;; 171319|Gewürze, Chilipulver|Spices, chili powder ;; 170924|Gewürze, Currypulver|Spices, curry powder"
670;Celluloseethylether, Ethylcellulose, Ethylzellulose,;0;Getränke;SIGHI_FoodList_2024-08-29_p24_r36;
671;Cellulosemethylether, Methylcellulose,;0;Getränke;SIGHI_FoodList_2024-08-29_p24_r38;
672;Chinin (z.B. in Bitterlemon, Tonic Water);2;Getränke;SIGHI_FoodList_2024-08-29_p24_r40;"171869|Getränke, kohlensäurehaltig, Tonic Water|Beverages, carbonated, tonic water ;; 169301|Wasserwinde, roh|Water convolvulus,raw ;; 167765|Wassermelone, roh|Watermelon, raw ;; 170068|Brunnenkresse, roh|Watercress, raw ;; 171856|Kekse, Wasserplätzchen|Crackers, water biscuits"
673;Chinolingelb;3;Getränke;SIGHI_FoodList_2024-08-29_p24_r41;
674;Chinolingelb, E104;3;Getränke;SIGHI_FoodList_2024-08-29_p24_r42;
675;Citronensäure E330;1;Getränke;SIGHI_FoodList_2024-08-29_p24_r43;
676;Cochenille, Karmin, E120;2;Getränke;SIGHI_FoodList_2024-08-29_p24_r45;
677;Cochenillerot A, Ponceau 4R, E124;2;Getränke;SIGHI_FoodList_2024-08-29_p24_r46;
678;Curcumin, E100;0;Getränke;SIGHI_FoodList_2024-08-29_p24_r47;
679;delta-Tocopherol, Vitamin E, E309;0;Getränke;SIGHI_FoodList_2024-08-29_p24_r48;"174798|Snacks, Bonbons, Joghurt mit Vitamin C|Snacks, candy bits, yogurt covered with vitamin C ;; 169636|Snacks, Fruchtleder, Stücke, mit Vitamin C|Snacks, fruit leather, pieces, with vitamin C ;; 2346414|Apfelmus, ungesüßt, mit Zusatz von Vitamin C|Applesauce, unsweetened, with added vitamin C ;; 170876|Milch, trocken, voll, mit Zusatz von Vitamin D|Milk, dry, whole, with added vitamin D ;; 173454|Milch, trocken, voll, ohne Zusatz von Vitamin D|Milk, dry, whole, without added vitamin D"
680;Dimethyldicarbonat, Dimethylpyrocarbonat,;?;Getränke;SIGHI_FoodList_2024-08-29_p24_r49;
681;Dimeticon, Dimethicone, Dimethylpolysiloxan,;?;Getränke;SIGHI_FoodList_2024-08-29_p24_r51;
682;Dodecylgallat, E312;2;Getränke;SIGHI_FoodList_2024-08-29_p24_r53;
683;E100, Curcumin;0;Getränke;SIGHI_FoodList_2024-08-29_p24_r54;
684;E101a, Riboflavin-5-Phosphat;1;Getränke;SIGHI_FoodList_2024-08-29_p25_r13;172804|Backtriebmittel, Backpulver, doppelt wirkend, reines Phosphat|Leavening agents, baking powder, double-acting, straight phosphate
685;E102, Tartrazin;3;Getränke;SIGHI_FoodList_2024-08-29_p25_r14;
686;E110, Gelborange S;3;Getränke;SIGHI_FoodList_2024-08-29_p25_r15;
687;E1103, Invertase, β-Fructofuranosidase, Saccharase;0;Getränke;SIGHI_FoodList_2024-08-29_p25_r16;
688;E1105, Lysozym, Muramidase;?;Getränke;SIGHI_FoodList_2024-08-29_p25_r17;
689;E120, Karmin, Cochenille;2;Getränke;SIGHI_FoodList_2024-08-29_p25_r18;
690;E1200, Polydextrose;?;Getränke;SIGHI_FoodList_2024-08-29_p25_r19;
691;E1201, Povidon, Polyvinylpyrrolidon, Polyvidone, 1-;1;Getränke;SIGHI_FoodList_2024-08-29_p25_r20;
692;E1202, Polyvinylpolypyrrolidon;1;Getränke;SIGHI_FoodList_2024-08-29_p25_r23;
693;E122, Karmesin, Azorubin;2;Getränke;SIGHI_FoodList_2024-08-29_p25_r24;
694;E123, Amaranth;2;Getränke;SIGHI_FoodList_2024-08-29_p25_r25;"2512371|Mehl, Amaranth|Flour, amaranth ;; 168385|Amaranthblätter, roh|Amaranth leaves, raw ;; 170683|Amaranth-Körner, gekocht|Amaranth grain, cooked ;; 170682|Amaranth-Körner, ungekocht|Amaranth grain, uncooked ;; 168492|Amaranthblätter, gekocht, gekocht, abgetropft, mit Salz|Amaranth leaves, cooked, boiled, drained, with salt"
695;E124, Cochenillerot A, Ponceau 4R;2;Getränke;SIGHI_FoodList_2024-08-29_p25_r29;
696;E127, Erythrosin;3;Getränke;SIGHI_FoodList_2024-08-29_p25_r30;
697;E128, Azophloxin, Rot 2G;2;Getränke;SIGHI_FoodList_2024-08-29_p25_r31;"172673|Brot, Ei|Bread, egg ;; 167944|Brot, Käse|Bread, cheese ;; 171849|Brot, Zimt|Bread, cinnamon ;; 171606|Fischbrühe|Fish broth ;; 172684|Brot, Roggen|Bread, rye"
698;E129, Allurarot AC, Food Red 17, CI 16035;2;Getränke;SIGHI_FoodList_2024-08-29_p25_r32;"172694|Kuchen, Angelfood, kommerziell zubereitet|Cake, angelfood, commercially prepared ;; 172695|Kuchen, Angelfood, Trockenmischung, zubereitet|Cake, angelfood, dry mix, prepared ;; 172299|Babynahrung, Müsli, Reis, zubereitet mit Vollmilch|Babyfood, cereal, rice, prepared with whole milk ;; 172296|Babynahrung, Getreide, Gerste, zubereitet mit Vollmilch|Babyfood, cereal, barley, prepared with whole milk ;; 173529|Babynahrung, Getreide, gemischt, zubereitet mit Vollmilch|Babyfood, cereal, mixed, prepared with whole milk"
699;E131, Patentblau V;2;Getränke;SIGHI_FoodList_2024-08-29_p25_r33;
700;E132, Indigokarmin, Indigocarmin, Indigotin I;2;Getränke;SIGHI_FoodList_2024-08-29_p25_r34;
701;E133, Brillantblau FCF;?;Getränke;SIGHI_FoodList_2024-08-29_p25_r35;
702;E140, Chlorophylle, Chlorophylline;0;Getränke;SIGHI_FoodList_2024-08-29_p25_r36;
703;E141, kupferhaltige Komplexe der Chlorophylle und;0;Getränke;SIGHI_FoodList_2024-08-29_p25_r37;
704;E142, Grün S, Brillantsäuregrün BS, C.I. 44090, C.I. Acid;?;Getränke;SIGHI_FoodList_2024-08-29_p25_r39;"323505|Grünkohl, roh|Kale, raw ;; 168421|Grünkohl, roh|Kale, raw ;; 2346407|Kohl, grün, roh|Cabbage, green, raw ;; 170419|Erbsen, grün, roh|Peas, green, raw ;; 2710823|Spargel, grün, roh|Asparagus, green, raw"
705;E150, E150a: Zuckercouleur;0;Getränke;SIGHI_FoodList_2024-08-29_p25_r42;
706;E150b, Sulfitlaugen-Zuckerkulör;0;Getränke;SIGHI_FoodList_2024-08-29_p25_r43;
707;E150c, Ammoniak-Zuckerkulör;0;Getränke;SIGHI_FoodList_2024-08-29_p25_r44;
708;E150d: Ammoniumsulfit-Zuckerkulör;0;Getränke;SIGHI_FoodList_2024-08-29_p25_r45;
709;E151, Brillantschwarz BN, Brillantschwarz FCF,;3;Getränke;SIGHI_FoodList_2024-08-29_p25_r46;
710;E153, Pflanzenkohle, Holzkohle;0;Getränke;SIGHI_FoodList_2024-08-29_p25_r48;
711;E154, Braun FK;2;Getränke;SIGHI_FoodList_2024-08-29_p25_r49;"168833|Zucker, braun|Sugars, brown ;; 168898|Reismehl, braun|Rice flour, brown ;; 1104812|Mehl, Reis, braun|Flour, rice, brown ;; 171565|Soße, braun, trocken|Gravy, brown, dry ;; 173155|Snacks, Chips aus braunem Reis|Snacks, brown rice chips"
712;E155, Braun HT, Braun HTK, C.I. 20285, C.I. Food;2;Getränke;SIGHI_FoodList_2024-08-29_p25_r50;"169865|Babynahrung, Erbsen und brauner Reis|Babyfood, peas and brown rice ;; 169864|Babynahrung, Gemüse und brauner Reis, abgeseiht|Babyfood, vegetable and brown rice, strained ;; 169048|Babynahrung, Getreide, brauner Reis, trocken, Instant|Babyfood, cereal, brown rice, dry, instant ;; 169703|Reis, braun, langkörnig, roh (einschließlich Lebensmittel für das Food Distribution Program des USDA)|Rice, brown, long-grain, raw (Includes foods for USDA's Food Distribution Program) ;; 169706|Reis, braun, mittelkörnig, roh (einschließlich Lebensmittel für das Food Distribution Program des USDA)|Rice, brown, medium-grain, raw (Includes foods for USDA's Food Distribution Program)"
713;E160a, Carotine, Beta-Carotin, β-Carotin;0;Getränke;SIGHI_FoodList_2024-08-29_p25_r52;
714;E160b, Bixin, Norbixin, Annatto;2;Getränke;SIGHI_FoodList_2024-08-29_p25_r53;172242|Gewürzmischung, trocken, Sazon, Koriander & Annatto|Seasoning mix, dry, sazon, coriander & annatto
715;E160c, Capsanthin, Paprikaextrakt;0;Getränke;SIGHI_FoodList_2024-08-29_p25_r54;
716;E160d, Lycopin, Lycopen, Leukopin, C.I. 75125, C.I.;?;Getränke;SIGHI_FoodList_2024-08-29_p26_r13;
717;E160e, Beta-Apo-8-Carotinal, 8′-Apo-β-caroten-8′-al,;?;Getränke;SIGHI_FoodList_2024-08-29_p26_r15;"167759|Sapodilla, roh|Sapodilla, raw ;; 167760|Sapote, Mamey, roh|Sapote, mamey, raw ;; 174465|Huhn, Kapaun, Innereien, roh|Chicken, capons, giblets, raw ;; 173645|Hühner, Kapaune, Fleisch und Haut, roh|Chicken, capons, meat and skin, raw ;; 174466|Huhn, Kapaun, Innereien, gekocht, geschmort|Chicken, capons, giblets, cooked, simmered"
718;E160f, Apo-carotinsäureethylester, beta-Apo-8′-;?;Getränke;SIGHI_FoodList_2024-08-29_p26_r18;"167759|Sapodilla, roh|Sapodilla, raw ;; 167760|Sapote, Mamey, roh|Sapote, mamey, raw ;; 174465|Huhn, Kapaun, Innereien, roh|Chicken, capons, giblets, raw ;; 173645|Hühner, Kapaune, Fleisch und Haut, roh|Chicken, capons, meat and skin, raw ;; 174466|Huhn, Kapaun, Innereien, gekocht, geschmort|Chicken, capons, giblets, cooked, simmered"
719;E161b, Lutein;?;Getränke;SIGHI_FoodList_2024-08-29_p26_r21;
720;E161g, Canthaxanthin, C.I. 40850, C.I. Food Orange 8;?;Getränke;SIGHI_FoodList_2024-08-29_p26_r22;"171354|Babynahrung, Saft, Orange|Babyfood, juice, orange ;; 169043|Babynahrung, Saft, Orange-Karotte|Babyfood, juice, orange-carrot ;; 171355|Babynahrung, Saft, Orange und Apfel|Babyfood, juice, orange and apple ;; 170962|Babynahrung, Saft, Orange und Banane|Babyfood, juice, orange and banana ;; 170963|Babynahrung, Saft, Orange und Ananas|Babyfood, juice, orange and pineapple"
721;E162, Betanin, Betanoin, Betenrot, Beetenrot;0;Getränke;SIGHI_FoodList_2024-08-29_p26_r23;
722;E163, Anthocyane;0;Getränke;SIGHI_FoodList_2024-08-29_p26_r24;
723;E170, Calciumcarbonat, Kalziumkarbonat, Kalk,;0;Getränke;SIGHI_FoodList_2024-08-29_p26_r25;
724;E171, Titandioxid, Titan(IV)-oxid, Titansäureanhydrid,;0;Getränke;SIGHI_FoodList_2024-08-29_p26_r27;173166|Getränke, Wasser, in Flaschen, Gurke, Granatapfel mit Antioxidantien, kalorienfrei|Beverages, water, bottled, yumberry, pomegranate with anti-oxidants, zero calories
725;E172, Eisenoxide, Eisenhydroxide;0;Getränke;SIGHI_FoodList_2024-08-29_p26_r29;
726;E173, Aluminium;?;Getränke;SIGHI_FoodList_2024-08-29_p26_r30;172803|Backtriebmittel, Backpulver, doppelt wirkend, Natriumaluminiumsulfat|Leavening agents, baking powder, double-acting, sodium aluminum sulfate
727;E174, Silber;?;Getränke;SIGHI_FoodList_2024-08-29_p26_r31;167639|Fisch, Lachs, Coho (Silber), roh (Alaska Native)|Fish, salmon, coho (silver), raw (Alaska Native)
728;E175, Gold;0;Getränke;SIGHI_FoodList_2024-08-29_p26_r32;"2685574|Mangold, roh|Collards, raw ;; 170406|Mangold, roh|Collards, raw ;; 168164|Rosinen, golden, kernlos|Raisins, golden, seedless ;; 168211|Kiwis, ZESPRI SunGold, roh|Kiwifruit, ZESPRI SunGold, raw ;; 169991|Mangold, schweizerisch, roh|Chard, swiss, raw"
729;E180, Litholrubin BK, Rubinpigment BK, 4B-Toner, C.I.;2;Getränke;SIGHI_FoodList_2024-08-29_p26_r33;
730;E200, Sorbinsäure;2;Getränke;SIGHI_FoodList_2024-08-29_p26_r35;
731;E202, Kaliumsorbat;2;Getränke;SIGHI_FoodList_2024-08-29_p26_r36;
732;E203, Calciumsorbat;2;Getränke;SIGHI_FoodList_2024-08-29_p26_r37;
733;E210 bis E213: Benzoesäure und deren Salze =;2;Getränke;SIGHI_FoodList_2024-08-29_p26_r38;"170339|KFC, Kekse|KFC, biscuit ;; 168448|Kürbis, roh|Pumpkin, raw ;; 172086|POPEYES, Kekse|POPEYES, biscuit ;; 170302|Fast Food, Kekse|Fast food, biscuit ;; 171867|Kekse, Marie Keks|Cookies, Marie biscuit"
734;E210, Benzoesäure;2;Getränke;SIGHI_FoodList_2024-08-29_p26_r40;
735;E211, Natriumbenzoat;2;Getränke;SIGHI_FoodList_2024-08-29_p26_r41;
736;E212, Kaliumbenzoat;2;Getränke;SIGHI_FoodList_2024-08-29_p26_r42;
737;E213, Calciumbenzoat;2;Getränke;SIGHI_FoodList_2024-08-29_p26_r43;
738;E214, E215, Ethylparaben;2;Getränke;SIGHI_FoodList_2024-08-29_p26_r44;
739;E218, E219, Methylparaben;2;Getränke;SIGHI_FoodList_2024-08-29_p26_r45;
740;E220 - E228, Sulfite;2;Getränke;SIGHI_FoodList_2024-08-29_p26_r46;
741;E220, Schwefeldioxid;2;Getränke;SIGHI_FoodList_2024-08-29_p26_r47;
742;E221, Natriumsulfit;2;Getränke;SIGHI_FoodList_2024-08-29_p26_r48;
743;E222, Natriumhydrogensulfit, Natriumbisulfit;2;Getränke;SIGHI_FoodList_2024-08-29_p26_r49;
744;E223, Natriumdisulfit, Natriummetabisulfit;2;Getränke;SIGHI_FoodList_2024-08-29_p26_r50;
745;E224, Kaliumdisulfit, Kaliummetabisulfit;2;Getränke;SIGHI_FoodList_2024-08-29_p26_r51;
746;E225, Kaliumsulfit;2;Getränke;SIGHI_FoodList_2024-08-29_p26_r52;
747;E226, Calciumsulfit;2;Getränke;SIGHI_FoodList_2024-08-29_p26_r53;
748;E227, Calciumhydrogensulfit;2;Getränke;SIGHI_FoodList_2024-08-29_p26_r54;
749;E228, Kaliumhydrogensulfit;2;Getränke;SIGHI_FoodList_2024-08-29_p27_r13;
750;E231, Orthophenylphenol;2;Getränke;SIGHI_FoodList_2024-08-29_p27_r14;
751;E232, Natriumorthophenylphenolat;2;Getränke;SIGHI_FoodList_2024-08-29_p27_r15;
752;E234, Nisin;?;Getränke;SIGHI_FoodList_2024-08-29_p27_r16;
753;E235, Natamycin;?;Getränke;SIGHI_FoodList_2024-08-29_p27_r17;
754;E239, Hexamethylentetramin, Urotropin,;2;Getränke;SIGHI_FoodList_2024-08-29_p27_r18;
755;E242, Dimethyldicarbonat, Dimethylpyrocarbonat,;?;Getränke;SIGHI_FoodList_2024-08-29_p27_r20;
756;E249, Kaliumnitrit, Salpetrigsaures Kalium;?;Getränke;SIGHI_FoodList_2024-08-29_p27_r22;"174302|Sojaproteinisolat, Typ Kalium|Soy protein isolate, potassium type ;; 170646|Sirupe, Tafelmischungen, Pfannkuchen, mit 2% Ahorn, mit Kaliumzusatz|Syrups, table blends, pancake, with 2% maple, with added potassium ;; 173661|Whiskey Sour Mix, in Flaschen abgefüllt, mit Zusatz von Kalium und Natrium|Whiskey sour mix, bottled, with added potassium and sodium ;; 170242|Pudding, Zitrone, Trockenmischung, normal, mit Zusatz von Öl, Kalium, Natrium|Puddings, lemon, dry mix, regular, with added oil, potassium, sodium ;; 167800|Apfelsaft, in Dosen oder Flaschen, ungesüßt, mit Zusatz von Ascorbinsäure, Calcium und Kalium|Apple juice, canned or bottled, unsweetened, with added ascorbic acid, calcium, and potassium"
757;E250, Natriumnitrit;0;Getränke;SIGHI_FoodList_2024-08-29_p27_r23;
758;E251, Natriumnitrat, Natronsalpeter, Chilesalpeter,;?;Getränke;SIGHI_FoodList_2024-08-29_p27_r24;
759;E252, Kaliumnitrat, Salpeter, Kalisalpeter,;?;Getränke;SIGHI_FoodList_2024-08-29_p27_r26;
760;E260, Essigsäure, Eisessig;0;Getränke;SIGHI_FoodList_2024-08-29_p27_r28;"168747|Alkoholisches Getränk, Bier, regelmäßig, BUDWEISER|Alcoholic beverage, beer, regular, BUDWEISER ;; 170580|Nüsse, Kokosnusscreme, roh (Flüssigkeit aus geriebenem Fleisch)|Nuts, coconut cream, raw (liquid expressed from grated meat) ;; 169360|Mais, süß, weiß, in Dosen, ganze Kerne, ohne Salzzusatz, fest und flüssig|Corn, sweet, white, canned, whole kernel, no salt added, solids and liquids ;; 168541|Mais, süß, weiß, in Dosen, ganze Kerne, normale Packung, fest und flüssig|Corn, sweet, white, canned, whole kernel, regular pack, solids and liquids ;; 174502|Hühnerfleisch, Haut (Keulen und Schenkel), mit Zusatz von Flüssigkeit, roh|Chicken, skin (drumsticks and thighs), with added solution, raw"
761;E261, Kaliumacetat, Kaliumethanoat;0;Getränke;SIGHI_FoodList_2024-08-29_p27_r29;
762;E262, Natriumacetat, Natriumethanoat;0;Getränke;SIGHI_FoodList_2024-08-29_p27_r30;
763;E263, Calciumacetat, Calciumethanoat,;0;Getränke;SIGHI_FoodList_2024-08-29_p27_r31;
764;E270, Milchsäure, 2-Hydroxypropansäure, 2-;0;Getränke;SIGHI_FoodList_2024-08-29_p27_r33;
765;E280, Propionsäure, Propansäure, Ethancarbonsäure,;?;Getränke;SIGHI_FoodList_2024-08-29_p27_r36;
766;E281, Natriumpropionat;?;Getränke;SIGHI_FoodList_2024-08-29_p27_r39;
767;E282, Calciumpropionat, Calciumdipropionat;?;Getränke;SIGHI_FoodList_2024-08-29_p27_r40;"174899|Bagels, normal, angereichert, mit Calciumpropionat (einschließlich Zwiebel, Mohn, Sesam)|Bagels, plain, enriched, with calcium propionate (includes onion, poppy, sesame) ;; 175049|Bagels, einfach, angereichert, ohne Calciumpropionat (einschließlich Zwiebel, Mohn, Sesam)|Bagels, plain, enriched, without calcium propionate (includes onion, poppy, sesame) ;; 175063|Englische Muffins, einfach, angereichert, ohne Calciumpropionat (einschließlich Sauerteig)|English muffins, plain, enriched, without calcium propionate(includes sourdough) ;; 172828|Englische Muffins, glatt, nicht angereichert, mit Calciumpropionat (einschließlich Sauerteig)|English muffins, plain, unenriched, with calcium propionate (includes sourdough) ;; 175050|Bagels, normal, nicht angereichert, mit Calciumpropionat (einschließlich Zwiebel, Mohn, Sesam)|Bagels, plain, unenriched, with calcium propionate (includes onion, poppy, sesame)"
768;E283, Kaliumpropionat;?;Getränke;SIGHI_FoodList_2024-08-29_p27_r41;
769;E284, Borsäure;?;Getränke;SIGHI_FoodList_2024-08-29_p27_r42;
770;E285, Borax, Tinkal, Natriumborat,;?;Getränke;SIGHI_FoodList_2024-08-29_p27_r44;
771;E290, Kohlendioxid gasförmig, Kohlenstoffdioxid,;0;Getränke;SIGHI_FoodList_2024-08-29_p27_r46;
772;E296, Apfelsäure, Äpfelsäure, 2-Hydroxybutandisäure,;0;Getränke;SIGHI_FoodList_2024-08-29_p27_r48;
773;E297, Fumarsäure, trans-Butendisäure, trans-;?;Getränke;SIGHI_FoodList_2024-08-29_p27_r50;"171033|Öl, pflanzlich, Natreon Raps, hohe Stabilität, nicht trans, hohe Ölsäure (70%)|Oil, vegetable, Natreon canola, high stability, non trans, high oleic (70%) ;; 167549|Snacks, Popcorn, in Öl gepoppt, Mikrowelle, normaler Geschmack, ohne Transfette|Snacks, popcorn, oil-popped, microwave, regular flavor, no trans fat ;; 170992|Kleinkindnahrung, MEAD JOHNSON, ENFAGROW, Toddler Transitions, mit ARA und DHA, Pulver|Toddler formula, MEAD JOHNSON, ENFAGROW, Toddler Transitions, with ARA and DHA, powder ;; 169788|Säuglingsnahrung, MEAD JOHNSON, ENFAMIL, ENFAGROW, Soja, Übergänge für Kleinkinder, mit ARA und DHA, Pulver|Infant formula, MEAD JOHNSON, ENFAMIL, ENFAGROW, Soy, Toddler transitions, with ARA and DHA,  powder ;; 168970|Säuglingsnahrung, MEAD JOHNSON, ENFAMIL, ENFAGROW, GENTLEASE, Übergänge für Kleinkinder, mit ARA und DHA, Pulver|Infant formula, MEAD JOHNSON, ENFAMIL, ENFAGROW, GENTLEASE, Toddler transitions, with ARA and DHA, powder"
774;E300, Ascorbinsäure, Vitamin C;0;Getränke;SIGHI_FoodList_2024-08-29_p27_r52;"174798|Snacks, Bonbons, Joghurt mit Vitamin C|Snacks, candy bits, yogurt covered with vitamin C ;; 169636|Snacks, Fruchtleder, Stücke, mit Vitamin C|Snacks, fruit leather, pieces, with vitamin C ;; 2346414|Apfelmus, ungesüßt, mit Zusatz von Vitamin C|Applesauce, unsweetened, with added vitamin C ;; 170876|Milch, trocken, voll, mit Zusatz von Vitamin D|Milk, dry, whole, with added vitamin D ;; 173454|Milch, trocken, voll, ohne Zusatz von Vitamin D|Milk, dry, whole, without added vitamin D"
775;E301, Natriumascorbat, Sodascorbat, Mononatrium;0;Getränke;SIGHI_FoodList_2024-08-29_p27_r54;
776;E302, Calciumascorbat, Calciumdiascorbat, Calcium-L-;0;Getränke;SIGHI_FoodList_2024-08-29_p27_r56;"170985|Babynahrung, Saft, Apfel, mit Kalzium|Babyfood, juice, apple, with calcium ;; 171273|Milch, trocken, fettfrei, kalziumreduziert|Milk, dry, nonfat, calcium reduced ;; 170984|Babynahrung, Saft, Fruchtpunsch, mit Kalzium|Babyfood, juice, fruit punch, with calcium ;; 174304|Tofu, gebraten, zubereitet mit Calciumsulfat|Tofu, fried, prepared with calcium sulfate ;; 172475|Tofu, roh, fest, zubereitet mit Calciumsulfat|Tofu, raw, firm, prepared with calcium sulfate"
777;E304, Ascorbylpalmitat;0;Getränke;SIGHI_FoodList_2024-08-29_p28_r13;
778;E306, Tocopherol, Vitamin E, tocopherolhaltige;0;Getränke;SIGHI_FoodList_2024-08-29_p28_r14;"174798|Snacks, Bonbons, Joghurt mit Vitamin C|Snacks, candy bits, yogurt covered with vitamin C ;; 169636|Snacks, Fruchtleder, Stücke, mit Vitamin C|Snacks, fruit leather, pieces, with vitamin C ;; 2346414|Apfelmus, ungesüßt, mit Zusatz von Vitamin C|Applesauce, unsweetened, with added vitamin C ;; 170876|Milch, trocken, voll, mit Zusatz von Vitamin D|Milk, dry, whole, with added vitamin D ;; 173454|Milch, trocken, voll, ohne Zusatz von Vitamin D|Milk, dry, whole, without added vitamin D"
779;E307, alpha-Tocopherol, α-Tocopherol, Vitamin E;0;Getränke;SIGHI_FoodList_2024-08-29_p28_r16;"174798|Snacks, Bonbons, Joghurt mit Vitamin C|Snacks, candy bits, yogurt covered with vitamin C ;; 171641|Verzehrfertiges Müsli, POST, ALPHA-BITS|Cereals ready-to-eat, POST, ALPHA-BITS ;; 169636|Snacks, Fruchtleder, Stücke, mit Vitamin C|Snacks, fruit leather, pieces, with vitamin C ;; 2346414|Apfelmus, ungesüßt, mit Zusatz von Vitamin C|Applesauce, unsweetened, with added vitamin C ;; 170876|Milch, trocken, voll, mit Zusatz von Vitamin D|Milk, dry, whole, with added vitamin D"
780;E308, gamma-Tocopherol, γ-Tocopherol, Vitamin E;0;Getränke;SIGHI_FoodList_2024-08-29_p28_r17;"174798|Snacks, Bonbons, Joghurt mit Vitamin C|Snacks, candy bits, yogurt covered with vitamin C ;; 169636|Snacks, Fruchtleder, Stücke, mit Vitamin C|Snacks, fruit leather, pieces, with vitamin C ;; 2346414|Apfelmus, ungesüßt, mit Zusatz von Vitamin C|Applesauce, unsweetened, with added vitamin C ;; 170876|Milch, trocken, voll, mit Zusatz von Vitamin D|Milk, dry, whole, with added vitamin D ;; 173454|Milch, trocken, voll, ohne Zusatz von Vitamin D|Milk, dry, whole, without added vitamin D"
781;E309, delta-Tocopherol, Vitamin E;0;Getränke;SIGHI_FoodList_2024-08-29_p28_r18;"174798|Snacks, Bonbons, Joghurt mit Vitamin C|Snacks, candy bits, yogurt covered with vitamin C ;; 169636|Snacks, Fruchtleder, Stücke, mit Vitamin C|Snacks, fruit leather, pieces, with vitamin C ;; 2346414|Apfelmus, ungesüßt, mit Zusatz von Vitamin C|Applesauce, unsweetened, with added vitamin C ;; 170876|Milch, trocken, voll, mit Zusatz von Vitamin D|Milk, dry, whole, with added vitamin D ;; 173454|Milch, trocken, voll, ohne Zusatz von Vitamin D|Milk, dry, whole, without added vitamin D"
782;E310, Propylgallat, Propylgallat, E310;2;Getränke;SIGHI_FoodList_2024-08-29_p28_r19;
783;E311, Octylgallat;2;Getränke;SIGHI_FoodList_2024-08-29_p28_r20;
784;E312, Dodecylgallat, Laurylgallat,;2;Getränke;SIGHI_FoodList_2024-08-29_p28_r21;
785;E315, Isoascorbinsäure, Erythorbinsäure, Isovitamin C;0;Getränke;SIGHI_FoodList_2024-08-29_p28_r23;
786;E316, Natriumisoascorbat, Natriumerythorbat;0;Getränke;SIGHI_FoodList_2024-08-29_p28_r24;
787;E319, 2-tert-Butylhydrochinon, tert-;?;Getränke;SIGHI_FoodList_2024-08-29_p28_r25;"175293|Bison, gemahlen, grasgefüttert, roh|Bison, ground, grass-fed, raw ;; 173847|Bison, gemahlen, grasgefüttert, gekocht|Bison, ground, grass-fed, cooked ;; 168763|Süßigkeiten, REESE'S Erdnussbuttertassen|Candies, REESE'S Peanut Butter Cups ;; 168608|Rindfleisch, grasgefüttert, gemahlen, roh|Beef, grass-fed, ground, raw ;; 172790|Blätterteig, tiefgekühlt, fertig zum Backen|Puff pastry, frozen, ready-to-bake"
788;E320, Butylhydroxyanisol, BHA;2;Getränke;SIGHI_FoodList_2024-08-29_p28_r27;
789;E321, Butylhydroxytoluol, Butylhydroxytoluen, BHT;2;Getränke;SIGHI_FoodList_2024-08-29_p28_r28;
790;E322, Lecithine, Lezithine;0;Getränke;SIGHI_FoodList_2024-08-29_p28_r29;
791;E325, Natriumlactat;0;Getränke;SIGHI_FoodList_2024-08-29_p28_r30;
792;E326, Kaliumlactat;0;Getränke;SIGHI_FoodList_2024-08-29_p28_r31;
793;E327, Calciumlactat, Kalziumlaktat;0;Getränke;SIGHI_FoodList_2024-08-29_p28_r32;
794;E330, Citronensäure;1;Getränke;SIGHI_FoodList_2024-08-29_p28_r33;
795;E331, Natriumcitrat, Trinatriumcitrat, Natriumzitrat,;1;Getränke;SIGHI_FoodList_2024-08-29_p28_r35;169691|Gelatine-Desserts, Trockenmischung, mit Zusatz von Ascorbinsäure, Natriumcitrat und Salz|Gelatin desserts, dry mix, with added ascorbic acid, sodium-citrate and salt
796;E332, Kaliumcitrat;1;Getränke;SIGHI_FoodList_2024-08-29_p28_r37;
797;E333, Calciumcitrat, Tricalciumcitrat,;1;Getränke;SIGHI_FoodList_2024-08-29_p28_r38;
798;E334, Weinsäure, 2,3-Dihydroxybernsteinsäure, 2,3-;0;Getränke;SIGHI_FoodList_2024-08-29_p28_r40;
799;E335, Natriumtartrat;0;Getränke;SIGHI_FoodList_2024-08-29_p28_r43;
800;E336, Weinsteinbackpulver, Kaliumtartrat;0;Getränke;SIGHI_FoodList_2024-08-29_p28_r44;"167806|Baobab-Pulver|Baobab powder ;; 170461|Tomatenpulver|Tomato powder ;; 173429|Ei-Ersatz, Pulver|Egg substitute, powder ;; 171319|Gewürze, Chilipulver|Spices, chili powder ;; 170924|Gewürze, Currypulver|Spices, curry powder"
801;E340, Kaliumphosphate: Kaliumdihydrogenphosphat;1;Getränke;SIGHI_FoodList_2024-08-29_p28_r45;
802;E341, Calciumphosphate:;1;Getränke;SIGHI_FoodList_2024-08-29_p29_r13;
803;E380, Ammoniumcitrat, Triammoniumcitrat,;1;Getränke;SIGHI_FoodList_2024-08-29_p29_r18;
804;E400, Alginsäure, Algin;1;Getränke;SIGHI_FoodList_2024-08-29_p29_r20;
805;E401, Natriumalginat;1;Getränke;SIGHI_FoodList_2024-08-29_p29_r21;
806;E402, Natriumalginat;1;Getränke;SIGHI_FoodList_2024-08-29_p29_r22;
807;E403, Ammoniumalginat;1;Getränke;SIGHI_FoodList_2024-08-29_p29_r23;
808;E404, Calciumalginat, Kalziumalginat;1;Getränke;SIGHI_FoodList_2024-08-29_p29_r24;
809;E405, Alginat, Algin, Propylenglycolalginat;1;Getränke;SIGHI_FoodList_2024-08-29_p29_r25;
810;E406, Agar-Agar;1;Getränke;SIGHI_FoodList_2024-08-29_p29_r26;"169280|Seetang, Agar, roh|Seaweed, agar, raw ;; 170090|Seetang, Agar, getrocknet|Seaweed, agar, dried"
811;E407, E407a, Carrageen, Karrageen;2;Getränke;SIGHI_FoodList_2024-08-29_p29_r27;
812;E410, Johannisbrotkernmehl, Carubin, Carubenmehl;2;Getränke;SIGHI_FoodList_2024-08-29_p29_r28;"169045|Gummen, Samengummis (einschließlich Johannisbrotkernmehl, Guar)|Gums, seed gums (includes locust bean, guar) ;; 2003586|Mehl, 00|Flour, 00 ;; 172023|Hirsemehl|Millet flour ;; 2512376|Mehl, Gerste|Flour, barley ;; 2512377|Mehl, Maniok|Flour, cassava"
813;E412, Guarkernmehl;1;Getränke;SIGHI_FoodList_2024-08-29_p29_r30;"2003586|Mehl, 00|Flour, 00 ;; 172023|Hirsemehl|Millet flour ;; 2512376|Mehl, Gerste|Flour, barley ;; 2512377|Mehl, Maniok|Flour, cassava ;; 2512372|Mehl, Quinoa|Flour, quinoa"
814;E413, Traganth, Tragant;2;Getränke;SIGHI_FoodList_2024-08-29_p29_r31;
815;E414, Gummi arabicum, Gummiarabikum;1;Getränke;SIGHI_FoodList_2024-08-29_p29_r32;"168771|Kaugummi|Chewing gum ;; 169882|Kaugummi, zuckerfrei|Chewing gum, sugarless ;; 2140298|MERICA MIX GUMMIBONBONS, 'MERICA MIX|'MERICA MIX GUMMI CANDY, 'MERICA MIX ;; 167564|Bonbons, NESTLE, BIT-O'-HONEY Kaugummis|Candies, NESTLE, BIT-O'-HONEY Candy Chews ;; 167989|Bonbons, Gummibonbons, Gelee-Stärke-Stücke|Candies, gumdrops, starch jelly pieces"
816;E415, Xanthan, Xantan, Xanthangummi;0;Getränke;SIGHI_FoodList_2024-08-29_p29_r33;
817;E416, Karaya, Indischer Traganth, Karayagummi,;1;Getränke;SIGHI_FoodList_2024-08-29_p29_r34;171280|Milch, indischer Büffel, flüssig|Milk, indian buffalo, fluid
818;E421, Mannit, Mannitol;0;Getränke;SIGHI_FoodList_2024-08-29_p29_r36;
819;E422, Glycerin, Glycerol, Glyzerin, Propan-1,2,3-triol,;0;Getränke;SIGHI_FoodList_2024-08-29_p29_r37;
820;E440, Pektin;0;Getränke;SIGHI_FoodList_2024-08-29_p29_r39;"167682|Pektin, flüssig|Pectin, liquid ;; 168821|Pektin, ungesüßt, Trockenmischung|Pectin, unsweetened, dry mix"
821;E441, Gelatine;1;Getränke;SIGHI_FoodList_2024-08-29_p29_r40;"169599|Gelatine, Trockenpulver, ungesüßt|Gelatins, dry powder, unsweetened ;; 168775|Gelatine-Desserts, Trockenmischung|Gelatin desserts, dry mix ;; 169596|Gelatine-Desserts, Trockenmischung, mit Wasser zubereitet|Gelatin desserts, dry mix, prepared with water ;; 169597|Gelatine-Desserts, Trockenmischung, kalorienreduziert, mit Aspartam|Gelatin desserts, dry mix, reduced calorie, with aspartame ;; 169693|Gelatine-Desserts, Trockenmischung, kalorienreduziert, mit Aspartam, ohne Natriumzusatz|Gelatin desserts, dry mix, reduced calorie, with aspartame, no added sodium"
822;E452, Polyphosphate: Natrium-, Kalium-,;2;Getränke;SIGHI_FoodList_2024-08-29_p29_r41;"173661|Whiskey Sour Mix, in Flaschen abgefüllt, mit Zusatz von Kalium und Natrium|Whiskey sour mix, bottled, with added potassium and sodium ;; 170242|Pudding, Zitrone, Trockenmischung, normal, mit Zusatz von Öl, Kalium, Natrium|Puddings, lemon, dry mix, regular, with added oil, potassium, sodium ;; 169692|Gelatine-Desserts, Trockenmischung, kalorienreduziert, mit Aspartam, Zusatz von Phosphor, Kalium, Natrium, Vitamin C|Gelatin desserts, dry mix, reduced calorie, with aspartame, added phosphorus, potassium, sodium, vitamin C ;; 169381|Catsup, natriumarm|Catsup, low sodium ;; 175060|Kekse, Käse, natriumarm|Crackers, cheese, low sodium"
823;E460, Cellulose, Zellulose, mikrokristalline Cellulose,;0;Getränke;SIGHI_FoodList_2024-08-29_p29_r43;
824;E461, Methylcellulose, Methylzellulose,;0;Getränke;SIGHI_FoodList_2024-08-29_p29_r45;
825;E462, Ethylcellulose, Ethylzellulose,;0;Getränke;SIGHI_FoodList_2024-08-29_p29_r47;
826;E463, Hydroxypropylcellulose;0;Getränke;SIGHI_FoodList_2024-08-29_p29_r49;
827;E464, Hydroxypropylmethylcellulose, Hypromellose,;0;Getränke;SIGHI_FoodList_2024-08-29_p29_r50;
828;E465, Ethyl Methylcellulose, Ethylmethylcellulose;0;Getränke;SIGHI_FoodList_2024-08-29_p29_r55;
829;E466, Carboxymethylcellulosen, Carmellose;?;Getränke;SIGHI_FoodList_2024-08-29_p30_r13;
830;E500, Natriumcarbonat, Natriumkarbonat, Soda,;0;Getränke;SIGHI_FoodList_2024-08-29_p30_r14;"175040|Backtriebmittel, Backsoda|Leavening agents, baking soda ;; 2040083|""HONOLULU BLUE"" CREME SODA|""""HONOLULU BLUE"""" CREAM SODA ;; 1955382|LITE EXPORT LIMONADEN CRACKER, LITE|LITE EXPORT SODAS CRACKERS, LITE ;; 2622181|KALORIENFREIE LIMONADE, ZITRUSFRÜCHTE|ZERO-CALORIE SODA, CITRUS ;; 174842|Getränke, kohlensäurehaltig, Club Soda|Beverages, carbonated, club soda"
831;E500ii, Natron, Natriumhydrogencarbonat,;0;Getränke;SIGHI_FoodList_2024-08-29_p30_r17;
832;E501, Kaliumcarbonat, Kaliumkarbonat, Pottasche,;0;Getränke;SIGHI_FoodList_2024-08-29_p30_r21;
833;E503, Ammoniumcarbonat, kohlensaures;0;Getränke;SIGHI_FoodList_2024-08-29_p30_r23;
834;E504, Magnesiumcarbonat;0;Getränke;SIGHI_FoodList_2024-08-29_p30_r25;
835;E507, Salzsäure, Chlorwasserstoffsäure, acidum;0;Getränke;SIGHI_FoodList_2024-08-29_p30_r26;
836;E579, Eisengluconat;0;Getränke;SIGHI_FoodList_2024-08-29_p30_r28;
837;E620, Glutaminsäure, (Glutamat);2;Getränke;SIGHI_FoodList_2024-08-29_p30_r29;
838;E620-E625, Glutamate, Geschmacksverstärker;2;Getränke;SIGHI_FoodList_2024-08-29_p30_r30;
839;E621, Mononatriumglutamat, Natriumglutamat;2;Getränke;SIGHI_FoodList_2024-08-29_p30_r31;
840;E622, Monokaliumglutamat, Kaliumglutamat;2;Getränke;SIGHI_FoodList_2024-08-29_p30_r32;
841;E623, Calciumdiglutamat, Calciumglutamat,;2;Getränke;SIGHI_FoodList_2024-08-29_p30_r33;
842;E624, Monoammoniumglutamat,;2;Getränke;SIGHI_FoodList_2024-08-29_p30_r35;
843;E625, Magnesiumdiglutamat, Magnesiumglutamat;2;Getränke;SIGHI_FoodList_2024-08-29_p30_r37;
844;E626, Guanosinmonophosphat, Guanylsäure,;0;Getränke;SIGHI_FoodList_2024-08-29_p30_r38;
845;E650, Zinkacetat;0;Getränke;SIGHI_FoodList_2024-08-29_p30_r40;
846;E900, Polydimethylsiloxan, PDMS, Dimeticon,;?;Getränke;SIGHI_FoodList_2024-08-29_p30_r41;
847;E901, Bienenwachs, cera flava, cera alba;0;Getränke;SIGHI_FoodList_2024-08-29_p30_r43;
848;E955, Sucralose;0;Getränke;SIGHI_FoodList_2024-08-29_p30_r44;"168210|Guavennektar, mit Sucralose, in Dosen|Guava nectar, with sucralose, canned ;; 170257|Süßstoffe, Tabletten, Sucralose, SPLENDA-Pakete|Sweeteners, tabletop, sucralose, SPLENDA packets ;; 170673|Süßungsmittel, zum Backen, enthält Zucker und Sucralose|Sweeteners, for baking, contains sugar and sucralose ;; 170672|Süßungsmittel, zum Backen, braun, enthält Zucker und Sucralose|Sweeteners, for baking, brown, contains sugar and sucralose ;; 169117|Pfirsichnektar, in Dosen, mit Sucralose, ohne Zusatz von Ascorbinsäure|Peach nectar, canned, with sucralose, without added ascorbic acid"
849;E960, Steviosid, Steviol-Glykosid;0;Getränke;SIGHI_FoodList_2024-08-29_p30_r45;
850;Eisengluconat, E579;0;Getränke;SIGHI_FoodList_2024-08-29_p30_r46;
851;Eisenoxide, Eisenhydroxide, E172;0;Getränke;SIGHI_FoodList_2024-08-29_p30_r47;
852;Erythrosin, E127;3;Getränke;SIGHI_FoodList_2024-08-29_p30_r48;
853;Essigsäure, E260;0;Getränke;SIGHI_FoodList_2024-08-29_p30_r49;
854;Ethyl Methylcellulose, E465;0;Getränke;SIGHI_FoodList_2024-08-29_p30_r50;
855;Ethylcellulose, Ethylzellulose, Celluloseethylether,;0;Getränke;SIGHI_FoodList_2024-08-29_p30_r51;
856;Ethylparaben, E214, E215;2;Getränke;SIGHI_FoodList_2024-08-29_p30_r53;
857;Flavinmononukleotid, E101a;1;Getränke;SIGHI_FoodList_2024-08-29_p30_r54;
858;Fumarsäure, trans-Butendisäure, E297;?;Getränke;SIGHI_FoodList_2024-08-29_p30_r55;"171033|Öl, pflanzlich, Natreon Raps, hohe Stabilität, nicht trans, hohe Ölsäure (70%)|Oil, vegetable, Natreon canola, high stability, non trans, high oleic (70%) ;; 167549|Snacks, Popcorn, in Öl gepoppt, Mikrowelle, normaler Geschmack, ohne Transfette|Snacks, popcorn, oil-popped, microwave, regular flavor, no trans fat ;; 170992|Kleinkindnahrung, MEAD JOHNSON, ENFAGROW, Toddler Transitions, mit ARA und DHA, Pulver|Toddler formula, MEAD JOHNSON, ENFAGROW, Toddler Transitions, with ARA and DHA, powder ;; 169788|Säuglingsnahrung, MEAD JOHNSON, ENFAMIL, ENFAGROW, Soja, Übergänge für Kleinkinder, mit ARA und DHA, Pulver|Infant formula, MEAD JOHNSON, ENFAMIL, ENFAGROW, Soy, Toddler transitions, with ARA and DHA,  powder ;; 168970|Säuglingsnahrung, MEAD JOHNSON, ENFAMIL, ENFAGROW, GENTLEASE, Übergänge für Kleinkinder, mit ARA und DHA, Pulver|Infant formula, MEAD JOHNSON, ENFAMIL, ENFAGROW, GENTLEASE, Toddler transitions, with ARA and DHA, powder"
859;gamma-Tocopherol, Vitamin E, E308;0;Getränke;SIGHI_FoodList_2024-08-29_p30_r56;"174798|Snacks, Bonbons, Joghurt mit Vitamin C|Snacks, candy bits, yogurt covered with vitamin C ;; 169636|Snacks, Fruchtleder, Stücke, mit Vitamin C|Snacks, fruit leather, pieces, with vitamin C ;; 2346414|Apfelmus, ungesüßt, mit Zusatz von Vitamin C|Applesauce, unsweetened, with added vitamin C ;; 170876|Milch, trocken, voll, mit Zusatz von Vitamin D|Milk, dry, whole, with added vitamin D ;; 173454|Milch, trocken, voll, ohne Zusatz von Vitamin D|Milk, dry, whole, without added vitamin D"
860;Gelatine E441;1;Getränke;SIGHI_FoodList_2024-08-29_p31_r13;"169599|Gelatine, Trockenpulver, ungesüßt|Gelatins, dry powder, unsweetened ;; 168775|Gelatine-Desserts, Trockenmischung|Gelatin desserts, dry mix ;; 169596|Gelatine-Desserts, Trockenmischung, mit Wasser zubereitet|Gelatin desserts, dry mix, prepared with water ;; 169597|Gelatine-Desserts, Trockenmischung, kalorienreduziert, mit Aspartam|Gelatin desserts, dry mix, reduced calorie, with aspartame ;; 169693|Gelatine-Desserts, Trockenmischung, kalorienreduziert, mit Aspartam, ohne Natriumzusatz|Gelatin desserts, dry mix, reduced calorie, with aspartame, no added sodium"
861;Gelborange S, E110;3;Getränke;SIGHI_FoodList_2024-08-29_p31_r14;
862;Geschmacksverstärker, E620-E625;2;Getränke;SIGHI_FoodList_2024-08-29_p31_r15;
863;Glutamate, E620-E625;2;Getränke;SIGHI_FoodList_2024-08-29_p31_r16;
864;Glutaminsäure, (Glutamat), E620;2;Getränke;SIGHI_FoodList_2024-08-29_p31_r17;
865;Gluten, Weizenkleber;1;Getränke;SIGHI_FoodList_2024-08-29_p31_r18;"168147|Vitales Weizengluten|Vital wheat gluten ;; 174917|Brot, Eiweiß (enthält Gluten)|Bread, protein (includes gluten) ;; 171859|Kekse, glutenfrei, Zitronenwaffel|Cookies, gluten-free, lemon wafer ;; 168900|Nudeln, glutenfrei, Mais, gekocht|Pasta, gluten-free, corn, cooked ;; 168899|Nudeln, glutenfrei, Mais, trocken|Pasta, gluten-free, corn, dry"
866;Glycerin, Glycerol, Glyzerin, Propan-1,2,3-triol, 1,2,3-;0;Getränke;SIGHI_FoodList_2024-08-29_p31_r19;
867;Gold, E175;0;Getränke;SIGHI_FoodList_2024-08-29_p31_r21;"2685574|Mangold, roh|Collards, raw ;; 170406|Mangold, roh|Collards, raw ;; 168164|Rosinen, golden, kernlos|Raisins, golden, seedless ;; 168211|Kiwis, ZESPRI SunGold, roh|Kiwifruit, ZESPRI SunGold, raw ;; 169991|Mangold, schweizerisch, roh|Chard, swiss, raw"
868;Grün S, E142, Brillantsäuregrün BS, C.I. 44090, C.I. Acid;?;Getränke;SIGHI_FoodList_2024-08-29_p31_r22;"323505|Grünkohl, roh|Kale, raw ;; 168421|Grünkohl, roh|Kale, raw ;; 2346407|Kohl, grün, roh|Cabbage, green, raw ;; 170419|Erbsen, grün, roh|Peas, green, raw ;; 2710823|Spargel, grün, roh|Asparagus, green, raw"
869;Guanosinmonophosphat, Guanylsäure, Guanylat, E626;0;Getränke;SIGHI_FoodList_2024-08-29_p31_r25;
870;Guarkernmehl, Guaran, E412;1;Getränke;SIGHI_FoodList_2024-08-29_p31_r26;"2003586|Mehl, 00|Flour, 00 ;; 172023|Hirsemehl|Millet flour ;; 2512376|Mehl, Gerste|Flour, barley ;; 2512377|Mehl, Maniok|Flour, cassava ;; 2512372|Mehl, Quinoa|Flour, quinoa"
871;Gummi arabicum, Gummiarabikum, E414;1;Getränke;SIGHI_FoodList_2024-08-29_p31_r27;"168771|Kaugummi|Chewing gum ;; 169882|Kaugummi, zuckerfrei|Chewing gum, sugarless ;; 2140298|MERICA MIX GUMMIBONBONS, 'MERICA MIX|'MERICA MIX GUMMI CANDY, 'MERICA MIX ;; 167564|Bonbons, NESTLE, BIT-O'-HONEY Kaugummis|Candies, NESTLE, BIT-O'-HONEY Candy Chews ;; 167989|Bonbons, Gummibonbons, Gelee-Stärke-Stücke|Candies, gumdrops, starch jelly pieces"
872;Hexamethylentetramin, Urotropin, Methenamin,;2;Getränke;SIGHI_FoodList_2024-08-29_p31_r28;
873;Holzkohle, Pflanzenkohle, E153;0;Getränke;SIGHI_FoodList_2024-08-29_p31_r30;
874;Hydroxypropylcellulose, E463;0;Getränke;SIGHI_FoodList_2024-08-29_p31_r32;
875;Hydroxypropylmethylcellulose, Hypromellose, E464;0;Getränke;SIGHI_FoodList_2024-08-29_p31_r33;
876;Hypromellose, Hydroxypropylmethylcellulose, E464;0;Getränke;SIGHI_FoodList_2024-08-29_p31_r34;
877;Indigokarmin, Indigocarmin, Indigotin I, E132;2;Getränke;SIGHI_FoodList_2024-08-29_p31_r35;
878;Indischer Traganth, Karayagummi, E416;1;Getränke;SIGHI_FoodList_2024-08-29_p31_r36;171280|Milch, indischer Büffel, flüssig|Milk, indian buffalo, fluid
879;Invertase, E1103;0;Getränke;SIGHI_FoodList_2024-08-29_p31_r37;
880;Isoascorbinsäure, E315;0;Getränke;SIGHI_FoodList_2024-08-29_p31_r38;
881;Johannisbrot, Johannisbrotpulver;2;Getränke;SIGHI_FoodList_2024-08-29_p31_r39;"174114|Getränke, Getränkemischung mit Johannisbrotgeschmack, Pulver|Beverages, Carob-flavor beverage mix, powder ;; 174115|Getränke, Getränkemischung mit Johannisbrotgeschmack, Pulver, zubereitet mit Vollmilch|Beverages, Carob-flavor beverage mix, powder, prepared with whole milk ;; 173755|Johannisbrotmehl|Carob flour ;; 167973|Bonbons, Johannisbrot, ungesüßt|Candies, carob, unsweetened ;; 169045|Gummen, Samengummis (einschließlich Johannisbrotkernmehl, Guar)|Gums, seed gums (includes locust bean, guar)"
882;Johannisbrotkernmehl, E410;2;Getränke;SIGHI_FoodList_2024-08-29_p31_r40;"169045|Gummen, Samengummis (einschließlich Johannisbrotkernmehl, Guar)|Gums, seed gums (includes locust bean, guar) ;; 2003586|Mehl, 00|Flour, 00 ;; 172023|Hirsemehl|Millet flour ;; 2512376|Mehl, Gerste|Flour, barley ;; 2512377|Mehl, Maniok|Flour, cassava"
883;Kaftan;2;Getränke;SIGHI_FoodList_2024-08-29_p31_r42;
884;Kaliumacetat, E261;0;Getränke;SIGHI_FoodList_2024-08-29_p31_r43;
885;Kaliumbenzoat, E212;2;Getränke;SIGHI_FoodList_2024-08-29_p31_r44;
886;Kaliumcarbonat, Kaliumkarbonat, E501;0;Getränke;SIGHI_FoodList_2024-08-29_p31_r45;
887;Kaliumcitrat, E332;1;Getränke;SIGHI_FoodList_2024-08-29_p31_r46;
888;Kaliumdisulfit, E224;2;Getränke;SIGHI_FoodList_2024-08-29_p31_r47;
889;Kaliumhydrogensulfit, E228;2;Getränke;SIGHI_FoodList_2024-08-29_p31_r48;
890;Kaliumlactat, E326;0;Getränke;SIGHI_FoodList_2024-08-29_p31_r49;
891;Kaliummetabisulfit, E224;2;Getränke;SIGHI_FoodList_2024-08-29_p31_r50;
892;Kaliumnitrat, Salpeter, Kalisalpeter, Bengalsalpeter,;?;Getränke;SIGHI_FoodList_2024-08-29_p32_r13;
893;Kaliumnitrit, Salpetrigsaures Kalium, E249;?;Getränke;SIGHI_FoodList_2024-08-29_p32_r15;"174302|Sojaproteinisolat, Typ Kalium|Soy protein isolate, potassium type ;; 170646|Sirupe, Tafelmischungen, Pfannkuchen, mit 2% Ahorn, mit Kaliumzusatz|Syrups, table blends, pancake, with 2% maple, with added potassium ;; 173661|Whiskey Sour Mix, in Flaschen abgefüllt, mit Zusatz von Kalium und Natrium|Whiskey sour mix, bottled, with added potassium and sodium ;; 170242|Pudding, Zitrone, Trockenmischung, normal, mit Zusatz von Öl, Kalium, Natrium|Puddings, lemon, dry mix, regular, with added oil, potassium, sodium ;; 167800|Apfelsaft, in Dosen oder Flaschen, ungesüßt, mit Zusatz von Ascorbinsäure, Calcium und Kalium|Apple juice, canned or bottled, unsweetened, with added ascorbic acid, calcium, and potassium"
894;Kaliumphosphate, E340;1;Getränke;SIGHI_FoodList_2024-08-29_p32_r16;
895;Kaliumpolyphosphat, E452;2;Getränke;SIGHI_FoodList_2024-08-29_p32_r17;
896;Kaliumpropionat, E283;?;Getränke;SIGHI_FoodList_2024-08-29_p32_r18;
897;Kaliumpyrosulfit, E224;2;Getränke;SIGHI_FoodList_2024-08-29_p32_r19;
898;Kaliumsorbat, E202;2;Getränke;SIGHI_FoodList_2024-08-29_p32_r20;
899;Kaliumsulfit, E225;2;Getränke;SIGHI_FoodList_2024-08-29_p32_r21;
900;Kaliumtartrat, E336;0;Getränke;SIGHI_FoodList_2024-08-29_p32_r22;
901;Kalziumacetat, Calciumacetat, Calciumethanoat, E263;0;Getränke;SIGHI_FoodList_2024-08-29_p32_r23;
902;Kalziumalginat, Calciumalginat, E404;1;Getränke;SIGHI_FoodList_2024-08-29_p32_r24;
903;Kalziumglutamat, E623;2;Getränke;SIGHI_FoodList_2024-08-29_p32_r25;
904;Karaya, Karayagummi, Indischer Traganth, E416;1;Getränke;SIGHI_FoodList_2024-08-29_p32_r26;171280|Milch, indischer Büffel, flüssig|Milk, indian buffalo, fluid
905;Karmesin, Azorubin, E122;2;Getränke;SIGHI_FoodList_2024-08-29_p32_r27;
906;Karmin, Cochenille, E120;2;Getränke;SIGHI_FoodList_2024-08-29_p32_r28;
907;Karrageen, Karragheen, E407, E407a;2;Getränke;SIGHI_FoodList_2024-08-29_p32_r29;
908;Karubenmehl, Johannisbrotkernmehl, E410;2;Getränke;SIGHI_FoodList_2024-08-29_p32_r30;"169045|Gummen, Samengummis (einschließlich Johannisbrotkernmehl, Guar)|Gums, seed gums (includes locust bean, guar) ;; 2003586|Mehl, 00|Flour, 00 ;; 172023|Hirsemehl|Millet flour ;; 2512376|Mehl, Gerste|Flour, barley ;; 2512377|Mehl, Maniok|Flour, cassava"
909;Kohle, Pflanzenkohle, Holzkohle, E153;0;Getränke;SIGHI_FoodList_2024-08-29_p32_r32;"174854|Getränke, kohlensäurehaltig, orange|Beverages, carbonated, orange ;; 174842|Getränke, kohlensäurehaltig, Club Soda|Beverages, carbonated, club soda ;; 171871|Getränke, kohlensäurehaltig, Root Beer|Beverages, carbonated, root beer ;; 173199|Kohlensäurehaltiges Getränk, Sahnesoda|Carbonated beverage, cream soda ;; 174846|Getränke, kohlensäurehaltig, Ginger Ale|Beverages, carbonated, ginger ale"
910;Kohlensäure H2CO3, gelöstes CO2 in;1;Getränke;SIGHI_FoodList_2024-08-29_p32_r33;"174854|Getränke, kohlensäurehaltig, orange|Beverages, carbonated, orange ;; 174842|Getränke, kohlensäurehaltig, Club Soda|Beverages, carbonated, club soda ;; 171871|Getränke, kohlensäurehaltig, Root Beer|Beverages, carbonated, root beer ;; 173199|Kohlensäurehaltiges Getränk, Sahnesoda|Carbonated beverage, cream soda ;; 174846|Getränke, kohlensäurehaltig, Ginger Ale|Beverages, carbonated, ginger ale"
911;Kolliphor® EL, Cremophor EL, Macrogolglycerol;?;Getränke;SIGHI_FoodList_2024-08-29_p32_r35;
912;kupferhaltige Komplexe der Chlorophylle und;0;Getränke;SIGHI_FoodList_2024-08-29_p32_r38;
913;Lecithine, Lezithine, E322;0;Getränke;SIGHI_FoodList_2024-08-29_p32_r40;
914;Litholrubin BK, E180;2;Getränke;SIGHI_FoodList_2024-08-29_p32_r41;
915;Lutein, E161b;?;Getränke;SIGHI_FoodList_2024-08-29_p32_r42;
916;Lycopin, Lycopen, Leukopin, E160d, C.I. 75125, C.I.;?;Getränke;SIGHI_FoodList_2024-08-29_p32_r43;
917;Lysozym, Muramidase, E1105;?;Getränke;SIGHI_FoodList_2024-08-29_p32_r45;
918;Magnesiumcarbonat, E504;0;Getränke;SIGHI_FoodList_2024-08-29_p32_r46;
919;Magnesiumdiglutamat, Magnesiumglutamat, E625;2;Getränke;SIGHI_FoodList_2024-08-29_p32_r47;
920;Mannit, Mannitol, E421;0;Getränke;SIGHI_FoodList_2024-08-29_p32_r48;
921;Menthol;1;Getränke;SIGHI_FoodList_2024-08-29_p32_r49;
922;Methylcellulose, Methylzellulose,;0;Getränke;SIGHI_FoodList_2024-08-29_p32_r50;
923;Methylparaben, E218, E219;2;Getränke;SIGHI_FoodList_2024-08-29_p33_r13;
924;mikrokristalline Cellulose, Cellulosepulver, E460;0;Getränke;SIGHI_FoodList_2024-08-29_p33_r14;"167806|Baobab-Pulver|Baobab powder ;; 170461|Tomatenpulver|Tomato powder ;; 173429|Ei-Ersatz, Pulver|Egg substitute, powder ;; 171319|Gewürze, Chilipulver|Spices, chili powder ;; 170924|Gewürze, Currypulver|Spices, curry powder"
925;Milchsäure, 2-Hydroxypropansäure, 2-;0;Getränke;SIGHI_FoodList_2024-08-29_p33_r15;
926;Mineralwasser mit Kohlensäure;1;Getränke;SIGHI_FoodList_2024-08-29_p33_r18;"174854|Getränke, kohlensäurehaltig, orange|Beverages, carbonated, orange ;; 174842|Getränke, kohlensäurehaltig, Club Soda|Beverages, carbonated, club soda ;; 171871|Getränke, kohlensäurehaltig, Root Beer|Beverages, carbonated, root beer ;; 173199|Kohlensäurehaltiges Getränk, Sahnesoda|Carbonated beverage, cream soda ;; 174846|Getränke, kohlensäurehaltig, Ginger Ale|Beverages, carbonated, ginger ale"
927;modifizierte Stärke;0;Getränke;SIGHI_FoodList_2024-08-29_p33_r19;"169698|Speisestärke|Cornstarch ;; 167989|Bonbons, Gummibonbons, Gelee-Stärke-Stücke|Candies, gumdrops, starch jelly pieces ;; 174806|Snacks, Brezeln, glutenfrei mit Maisstärke und Kartoffelmehl hergestellt|Snacks, Pretzels, gluten- free made with cornstarch and potato flour ;; 174101|Brot, glutenfrei, weiß, mit Tapiokastärke und braunem Reismehl hergestellt|Bread, gluten-free, white, made with tapioca starch and brown rice flour ;; 174100|Brot, glutenfrei, weiß, mit Reismehl, Maisstärke und/oder Tapioka hergestellt|Bread, gluten-free, white, made with rice flour, corn starch, and/or tapioca"
928;Monoammoniumglutamat, Ammoniumglutamat,;2;Getränke;SIGHI_FoodList_2024-08-29_p33_r20;
929;Monokaliumglutamat, Kaliumglutamat, E622;2;Getränke;SIGHI_FoodList_2024-08-29_p33_r22;
930;Mononatriumglutamat, Natriumglutamat,;2;Getränke;SIGHI_FoodList_2024-08-29_p33_r23;
931;Natamycin, E235;?;Getränke;SIGHI_FoodList_2024-08-29_p33_r25;
932;Natriumacetat, E262;0;Getränke;SIGHI_FoodList_2024-08-29_p33_r26;
933;Natriumalginat, E401;1;Getränke;SIGHI_FoodList_2024-08-29_p33_r27;
934;Natriumalginat, E402;1;Getränke;SIGHI_FoodList_2024-08-29_p33_r28;
935;Natriumascorbat, E301;0;Getränke;SIGHI_FoodList_2024-08-29_p33_r29;
936;Natriumbenzoat, E211;2;Getränke;SIGHI_FoodList_2024-08-29_p33_r30;
937;Natriumbisulfit, E222;2;Getränke;SIGHI_FoodList_2024-08-29_p33_r31;
938;Natriumcalciumpolyphosphat, E452;2;Getränke;SIGHI_FoodList_2024-08-29_p33_r32;
939;Natriumcarbonat, Natriumkarbonat, Soda, E500;0;Getränke;SIGHI_FoodList_2024-08-29_p33_r33;"175040|Backtriebmittel, Backsoda|Leavening agents, baking soda ;; 2040083|""HONOLULU BLUE"" CREME SODA|""""HONOLULU BLUE"""" CREAM SODA ;; 1955382|LITE EXPORT LIMONADEN CRACKER, LITE|LITE EXPORT SODAS CRACKERS, LITE ;; 2622181|KALORIENFREIE LIMONADE, ZITRUSFRÜCHTE|ZERO-CALORIE SODA, CITRUS ;; 174842|Getränke, kohlensäurehaltig, Club Soda|Beverages, carbonated, club soda"
940;Natriumdisulfit, E223;2;Getränke;SIGHI_FoodList_2024-08-29_p33_r34;
941;Natriumhydrogensulfit, E222;2;Getränke;SIGHI_FoodList_2024-08-29_p33_r35;
942;Natriumisoascorbat, Natriumerythorbat, E316;0;Getränke;SIGHI_FoodList_2024-08-29_p33_r36;
943;Natriumlactat, E325;0;Getränke;SIGHI_FoodList_2024-08-29_p33_r37;
944;Natriummetabisulfit, E223;2;Getränke;SIGHI_FoodList_2024-08-29_p33_r38;
945;Natriumnitrat, Natronsalpeter, Chilesalpeter,;?;Getränke;SIGHI_FoodList_2024-08-29_p33_r39;
946;Natriumnitrit, E250;0;Getränke;SIGHI_FoodList_2024-08-29_p33_r41;
947;Natriumorthophenylphenolat, E232;2;Getränke;SIGHI_FoodList_2024-08-29_p33_r42;
948;Natriumpolyphosphat, E452;2;Getränke;SIGHI_FoodList_2024-08-29_p33_r43;
949;Natriumpropionat, E281;?;Getränke;SIGHI_FoodList_2024-08-29_p33_r44;
950;Natriumpyrosulfit, E223;2;Getränke;SIGHI_FoodList_2024-08-29_p33_r45;
951;Natriumsulfit, E221;2;Getränke;SIGHI_FoodList_2024-08-29_p33_r46;
952;Natriumtartrat, E335;0;Getränke;SIGHI_FoodList_2024-08-29_p33_r47;
953;Natron, Natriumhydrogencarbonat,;0;Getränke;SIGHI_FoodList_2024-08-29_p33_r48;
954;Nisin, E234;?;Getränke;SIGHI_FoodList_2024-08-29_p33_r51;
955;Octylgallat, E311;2;Getränke;SIGHI_FoodList_2024-08-29_p33_r52;
956;Orthophenylphenol, E231;2;Getränke;SIGHI_FoodList_2024-08-29_p33_r53;
957;Parabene = PHB-Ester, E214-E219, Methyl-, Ethyl-,;2;Getränke;SIGHI_FoodList_2024-08-29_p34_r13;"171610|Sauce, Worcestershire|Sauce, worcestershire ;; 173433|Käse, Ziege, halbfester Typ|Cheese, goat, semisoft type ;; 175236|Vitasoy USA Azumaya, fester Tofu|Vitasoy USA Azumaya, Firm Tofu ;; 167736|Mayonnaise-Dressing, ohne Cholesterin|Mayonnaise dressing, no cholesterol ;; 175235|Vitasoy USA Azumaya, Extra fester Tofu|Vitasoy USA Azumaya, Extra Firm Tofu"
958;Patentblau V, E131;2;Getränke;SIGHI_FoodList_2024-08-29_p34_r15;
959;Pektin, Pektine, amidiertes Pektin, E440;0;Getränke;SIGHI_FoodList_2024-08-29_p34_r16;"167682|Pektin, flüssig|Pectin, liquid ;; 168821|Pektin, ungesüßt, Trockenmischung|Pectin, unsweetened, dry mix"
960;Pflanzenkohle, Holzkohle, E153;0;Getränke;SIGHI_FoodList_2024-08-29_p34_r17;
961;Polydextrose, E1200;?;Getränke;SIGHI_FoodList_2024-08-29_p34_r18;
962;Polydimethylsiloxan, Dimeticon, Dimethicone,;?;Getränke;SIGHI_FoodList_2024-08-29_p34_r19;
963;Polyvinylpolypyrrolidon, E1202;1;Getränke;SIGHI_FoodList_2024-08-29_p34_r21;
964;Polyvinylpyrrolidon, Povidon, Polyvidone, E1201;1;Getränke;SIGHI_FoodList_2024-08-29_p34_r22;
965;Povidon, Polyvinylpyrrolidon, Polyvidone, E1201;1;Getränke;SIGHI_FoodList_2024-08-29_p34_r23;
966;Propionsäure, Propansäure, Ethancarbonsäure,;?;Getränke;SIGHI_FoodList_2024-08-29_p34_r24;
967;Propylenglycolalginat, Alginat, E405;1;Getränke;SIGHI_FoodList_2024-08-29_p34_r27;
968;Riboflavin-5-Phosphat, E101a;1;Getränke;SIGHI_FoodList_2024-08-29_p34_r28;172804|Backtriebmittel, Backpulver, doppelt wirkend, reines Phosphat|Leavening agents, baking powder, double-acting, straight phosphate
969;Rot 2G, E128;2;Getränke;SIGHI_FoodList_2024-08-29_p34_r29;"172673|Brot, Ei|Bread, egg ;; 167944|Brot, Käse|Bread, cheese ;; 171849|Brot, Zimt|Bread, cinnamon ;; 171606|Fischbrühe|Fish broth ;; 172684|Brot, Roggen|Bread, rye"
970;Salicylat, Salicylsäure;2;Getränke;SIGHI_FoodList_2024-08-29_p34_r30;
971;Salzsäure, Chlorwasserstoffsäure, acidum;0;Getränke;SIGHI_FoodList_2024-08-29_p34_r31;
972;Schwefeldioxid E220;2;Getränke;SIGHI_FoodList_2024-08-29_p34_r33;
973;Seifenkrautextrakt (als Zutat in Halva);0;Getränke;SIGHI_FoodList_2024-08-29_p34_r34;"172241|Essig, Balsamico|Vinegar, balsamic ;; 2616495|MITTELGROBKÖRNIGE SALSA|MEDIUM CHUNKY SALSA ;; 171665|Getreide, WHEATENA, trocken|Cereals, WHEATENA, dry ;; 174524|Sauce, Salsa, servierfertig|Sauce, salsa, ready-to-serve ;; 169075|Verzehrfertiges Müsli, ALPEN|Cereals ready-to-eat, ALPEN"
974;Silber, E174;?;Getränke;SIGHI_FoodList_2024-08-29_p34_r35;167639|Fisch, Lachs, Coho (Silber), roh (Alaska Native)|Fish, salmon, coho (silver), raw (Alaska Native)
975;Sorbate (=Salze der Sorbinsäure): Kaliumsorbat, E202,;2;Getränke;SIGHI_FoodList_2024-08-29_p34_r36;"169891|Kraut, Senf, gesalzen|Cabbage, mustard, salted ;; 168149|Fisch, Makrele, gesalzen|Fish, mackerel, salted ;; 174790|Brezeln, weich, ungesalzen|Pretzels, soft, unsalted ;; 173147|Snacks, Fladenbrot, gesalzen|Snacks, pita chips, salted ;; 168129|Quallen, getrocknet, gesalzen|Jellyfish, dried, salted"
976;Sorbinsäure, E200;2;Getränke;SIGHI_FoodList_2024-08-29_p34_r38;
977;Stärke (Kartoffelstärke, Maisstärke, Reisstärke,;0;Getränke;SIGHI_FoodList_2024-08-29_p34_r39;"171862|Brötchen, glutenfrei, weiß, hergestellt aus Reismehl, Reisstärke und Maisstärke|Rolls, gluten-free, white, made with rice flour, rice starch, and corn starch ;; 174806|Snacks, Brezeln, glutenfrei mit Maisstärke und Kartoffelmehl hergestellt|Snacks, Pretzels, gluten- free made with cornstarch and potato flour ;; 174100|Brot, glutenfrei, weiß, mit Reismehl, Maisstärke und/oder Tapioka hergestellt|Bread, gluten-free, white, made with rice flour, corn starch, and/or tapioca ;; 174099|Brot, glutenfrei, weiß, hergestellt mit Kartoffelextrakt, Reisstärke und Reismehl|Bread, gluten-free, white, made with potato extract, rice starch, and rice flour ;; 174103|Cracker, glutenfrei, Mehrkorn und Gemüse, hergestellt mit Maisstärke und weißem Reismehl|Crackers, gluten-free, multigrain and vegetable, made with corn starch and white rice flour"
978;Sterculia-Gummi, Karayagummi, E416;1;Getränke;SIGHI_FoodList_2024-08-29_p34_r41;"168771|Kaugummi|Chewing gum ;; 169882|Kaugummi, zuckerfrei|Chewing gum, sugarless ;; 2140298|MERICA MIX GUMMIBONBONS, 'MERICA MIX|'MERICA MIX GUMMI CANDY, 'MERICA MIX ;; 167564|Bonbons, NESTLE, BIT-O'-HONEY Kaugummis|Candies, NESTLE, BIT-O'-HONEY Candy Chews ;; 167989|Bonbons, Gummibonbons, Gelee-Stärke-Stücke|Candies, gumdrops, starch jelly pieces"
979;Steviosid, Steviol-Glykosid, E960;0;Getränke;SIGHI_FoodList_2024-08-29_p34_r42;
980;Sucralose, E955;0;Getränke;SIGHI_FoodList_2024-08-29_p34_r43;"168210|Guavennektar, mit Sucralose, in Dosen|Guava nectar, with sucralose, canned ;; 170257|Süßstoffe, Tabletten, Sucralose, SPLENDA-Pakete|Sweeteners, tabletop, sucralose, SPLENDA packets ;; 170673|Süßungsmittel, zum Backen, enthält Zucker und Sucralose|Sweeteners, for baking, contains sugar and sucralose ;; 170672|Süßungsmittel, zum Backen, braun, enthält Zucker und Sucralose|Sweeteners, for baking, brown, contains sugar and sucralose ;; 169117|Pfirsichnektar, in Dosen, mit Sucralose, ohne Zusatz von Ascorbinsäure|Peach nectar, canned, with sucralose, without added ascorbic acid"
981;Sulfite, E220 - E228;2;Getränke;SIGHI_FoodList_2024-08-29_p34_r44;
982;Tartrazin, E102;3;Getränke;SIGHI_FoodList_2024-08-29_p34_r45;
983;tert-Butylhydrochinon, 2-tert-Butylhydrochinon,;?;Getränke;SIGHI_FoodList_2024-08-29_p34_r46;"175293|Bison, gemahlen, grasgefüttert, roh|Bison, ground, grass-fed, raw ;; 173847|Bison, gemahlen, grasgefüttert, gekocht|Bison, ground, grass-fed, cooked ;; 168763|Süßigkeiten, REESE'S Erdnussbuttertassen|Candies, REESE'S Peanut Butter Cups ;; 168608|Rindfleisch, grasgefüttert, gemahlen, roh|Beef, grass-fed, ground, raw ;; 172790|Blätterteig, tiefgekühlt, fertig zum Backen|Puff pastry, frozen, ready-to-bake"
984;Titandioxid, Titan(IV)-oxid, E171;0;Getränke;SIGHI_FoodList_2024-08-29_p34_r48;173166|Getränke, Wasser, in Flaschen, Gurke, Granatapfel mit Antioxidantien, kalorienfrei|Beverages, water, bottled, yumberry, pomegranate with anti-oxidants, zero calories
985;Tocopherol, Vitamin E, E306;0;Getränke;SIGHI_FoodList_2024-08-29_p34_r50;"174798|Snacks, Bonbons, Joghurt mit Vitamin C|Snacks, candy bits, yogurt covered with vitamin C ;; 169636|Snacks, Fruchtleder, Stücke, mit Vitamin C|Snacks, fruit leather, pieces, with vitamin C ;; 2346414|Apfelmus, ungesüßt, mit Zusatz von Vitamin C|Applesauce, unsweetened, with added vitamin C ;; 170876|Milch, trocken, voll, mit Zusatz von Vitamin D|Milk, dry, whole, with added vitamin D ;; 173454|Milch, trocken, voll, ohne Zusatz von Vitamin D|Milk, dry, whole, without added vitamin D"
986;Traganth, Tragant, E413;2;Getränke;SIGHI_FoodList_2024-08-29_p34_r51;
987;Triammoniumcitrat, Ammoniumcitrat, E380;1;Getränke;SIGHI_FoodList_2024-08-29_p34_r52;
988;Urotropin, Hexamethylentetramin, Methenamin,;2;Getränke;SIGHI_FoodList_2024-08-29_p34_r53;
989;Vanillin (synthetisch), Vanillinzucker;0;Getränke;SIGHI_FoodList_2024-08-29_p34_r55;"168833|Zucker, braun|Sugars, brown ;; 169658|Zucker, Ahorn|Sugars, maple ;; 170674|Zucker, Turbinado|Sugar, turbinado ;; 167743|Sirup, Zuckerrohr|Syrup, Cane ;; 746784|Zucker, granuliert|Sugars, granulated"
990;Vitamin C, E300;0;Getränke;SIGHI_FoodList_2024-08-29_p35_r13;"174798|Snacks, Bonbons, Joghurt mit Vitamin C|Snacks, candy bits, yogurt covered with vitamin C ;; 169636|Snacks, Fruchtleder, Stücke, mit Vitamin C|Snacks, fruit leather, pieces, with vitamin C ;; 2346414|Apfelmus, ungesüßt, mit Zusatz von Vitamin C|Applesauce, unsweetened, with added vitamin C ;; 170876|Milch, trocken, voll, mit Zusatz von Vitamin D|Milk, dry, whole, with added vitamin D ;; 173454|Milch, trocken, voll, ohne Zusatz von Vitamin D|Milk, dry, whole, without added vitamin D"
991;Vitamin E, alpha-Tocopherol, E307;0;Getränke;SIGHI_FoodList_2024-08-29_p35_r15;"174798|Snacks, Bonbons, Joghurt mit Vitamin C|Snacks, candy bits, yogurt covered with vitamin C ;; 171641|Verzehrfertiges Müsli, POST, ALPHA-BITS|Cereals ready-to-eat, POST, ALPHA-BITS ;; 169636|Snacks, Fruchtleder, Stücke, mit Vitamin C|Snacks, fruit leather, pieces, with vitamin C ;; 2346414|Apfelmus, ungesüßt, mit Zusatz von Vitamin C|Applesauce, unsweetened, with added vitamin C ;; 170876|Milch, trocken, voll, mit Zusatz von Vitamin D|Milk, dry, whole, with added vitamin D"
992;Vitamin E, delta-Tocopherol, E309;0;Getränke;SIGHI_FoodList_2024-08-29_p35_r16;"174798|Snacks, Bonbons, Joghurt mit Vitamin C|Snacks, candy bits, yogurt covered with vitamin C ;; 169636|Snacks, Fruchtleder, Stücke, mit Vitamin C|Snacks, fruit leather, pieces, with vitamin C ;; 2346414|Apfelmus, ungesüßt, mit Zusatz von Vitamin C|Applesauce, unsweetened, with added vitamin C ;; 170876|Milch, trocken, voll, mit Zusatz von Vitamin D|Milk, dry, whole, with added vitamin D ;; 173454|Milch, trocken, voll, ohne Zusatz von Vitamin D|Milk, dry, whole, without added vitamin D"
993;Vitamin E, gamma-Tocopherol, E308;0;Getränke;SIGHI_FoodList_2024-08-29_p35_r17;"174798|Snacks, Bonbons, Joghurt mit Vitamin C|Snacks, candy bits, yogurt covered with vitamin C ;; 169636|Snacks, Fruchtleder, Stücke, mit Vitamin C|Snacks, fruit leather, pieces, with vitamin C ;; 2346414|Apfelmus, ungesüßt, mit Zusatz von Vitamin C|Applesauce, unsweetened, with added vitamin C ;; 170876|Milch, trocken, voll, mit Zusatz von Vitamin D|Milk, dry, whole, with added vitamin D ;; 173454|Milch, trocken, voll, ohne Zusatz von Vitamin D|Milk, dry, whole, without added vitamin D"
994;Vitamin E, Tocopherol, E306;0;Getränke;SIGHI_FoodList_2024-08-29_p35_r18;"174798|Snacks, Bonbons, Joghurt mit Vitamin C|Snacks, candy bits, yogurt covered with vitamin C ;; 169636|Snacks, Fruchtleder, Stücke, mit Vitamin C|Snacks, fruit leather, pieces, with vitamin C ;; 2346414|Apfelmus, ungesüßt, mit Zusatz von Vitamin C|Applesauce, unsweetened, with added vitamin C ;; 170876|Milch, trocken, voll, mit Zusatz von Vitamin D|Milk, dry, whole, with added vitamin D ;; 173454|Milch, trocken, voll, ohne Zusatz von Vitamin D|Milk, dry, whole, without added vitamin D"
995;Weinsäure, E334;0;Getränke;SIGHI_FoodList_2024-08-29_p35_r19;
996;Weinsteinbackpulver, E336;0;Getränke;SIGHI_FoodList_2024-08-29_p35_r20;"167806|Baobab-Pulver|Baobab powder ;; 170461|Tomatenpulver|Tomato powder ;; 173429|Ei-Ersatz, Pulver|Egg substitute, powder ;; 171319|Gewürze, Chilipulver|Spices, chili powder ;; 170924|Gewürze, Currypulver|Spices, curry powder"
997;Weizenkleber, Gluten;1;Getränke;SIGHI_FoodList_2024-08-29_p35_r21;"168147|Vitales Weizengluten|Vital wheat gluten ;; 174917|Brot, Eiweiß (enthält Gluten)|Bread, protein (includes gluten) ;; 171859|Kekse, glutenfrei, Zitronenwaffel|Cookies, gluten-free, lemon wafer ;; 168900|Nudeln, glutenfrei, Mais, gekocht|Pasta, gluten-free, corn, cooked ;; 168899|Nudeln, glutenfrei, Mais, trocken|Pasta, gluten-free, corn, dry"
998;Xanthan, Xantan, E415;0;Getränke;SIGHI_FoodList_2024-08-29_p35_r22;
999;Zellulose, Cellulose, mikrokristalline Cellulose,;0;Getränke;SIGHI_FoodList_2024-08-29_p35_r23;
1000;Zinkacetat, E650;0;Getränke;SIGHI_FoodList_2024-08-29_p35_r25;
1001;Zitronensäure E330;1;Getränke;SIGHI_FoodList_2024-08-29_p35_r26;
1002;Zuckercouleur, Zuckerkulör, E150, E150a;0;Getränke;SIGHI_FoodList_2024-08-29_p35_r28;
1003;Zuckercouleur: Ammoniak-Zuckerkulör, E150c;0;Getränke;SIGHI_FoodList_2024-08-29_p35_r29;
1004;Zuckercouleur: Ammoniumsulfit-Zuckerkulör, E150d;0;Getränke;SIGHI_FoodList_2024-08-29_p35_r30;
1005;Zuckercouleur: Sulfitlaugen-Zuckerkulör, E150b;0;Getränke;SIGHI_FoodList_2024-08-29_p35_r31;
1006;Calcium;1;Getränke;SIGHI_FoodList_2024-08-29_p35_r33;"170985|Babynahrung, Saft, Apfel, mit Kalzium|Babyfood, juice, apple, with calcium ;; 171273|Milch, trocken, fettfrei, kalziumreduziert|Milk, dry, nonfat, calcium reduced ;; 170984|Babynahrung, Saft, Fruchtpunsch, mit Kalzium|Babyfood, juice, fruit punch, with calcium ;; 174304|Tofu, gebraten, zubereitet mit Calciumsulfat|Tofu, fried, prepared with calcium sulfate ;; 172475|Tofu, roh, fest, zubereitet mit Calciumsulfat|Tofu, raw, firm, prepared with calcium sulfate"
1007;Calcium, Kalzium;1;Getränke;SIGHI_FoodList_2024-08-29_p35_r35;"170985|Babynahrung, Saft, Apfel, mit Kalzium|Babyfood, juice, apple, with calcium ;; 171273|Milch, trocken, fettfrei, kalziumreduziert|Milk, dry, nonfat, calcium reduced ;; 170984|Babynahrung, Saft, Fruchtpunsch, mit Kalzium|Babyfood, juice, fruit punch, with calcium ;; 173038|Grapefruitsaft, rosa oder rot, mit Kalziumzusatz|Grapefruit juice, pink or red, with added calcium ;; 174094|Brötchen, Hamburger, Vollkornweiß, mit Kalzium angereichert|Rolls, hamburger, whole grain white, calcium-fortified"
1008;Folsäure, Folat, Vitamin B9;2;Getränke;SIGHI_FoodList_2024-08-29_p35_r37;"174798|Snacks, Bonbons, Joghurt mit Vitamin C|Snacks, candy bits, yogurt covered with vitamin C ;; 169636|Snacks, Fruchtleder, Stücke, mit Vitamin C|Snacks, fruit leather, pieces, with vitamin C ;; 2346414|Apfelmus, ungesüßt, mit Zusatz von Vitamin C|Applesauce, unsweetened, with added vitamin C ;; 170876|Milch, trocken, voll, mit Zusatz von Vitamin D|Milk, dry, whole, with added vitamin D ;; 173454|Milch, trocken, voll, ohne Zusatz von Vitamin D|Milk, dry, whole, without added vitamin D"
1009;Guaraná (Paullinia cupana);2;Getränke;SIGHI_FoodList_2024-08-29_p35_r39;
1010;Iod, Jod;3;Getränke;SIGHI_FoodList_2024-08-29_p35_r40;
1011;Jodsalz, Iodsalz (Jodzusatz in Form von Kaliumiodid,;2;Getränke;SIGHI_FoodList_2024-08-29_p35_r41;"170180|Nüsse, formuliert, auf Weizenbasis, nicht aromatisiert, mit Zusatz von Salz|Nuts, formulated, wheat-based, unflavored, with salt added ;; 169411|Nüsse, formuliert, auf Weizenbasis, alle Geschmacksrichtungen außer Macadamia, ohne Salz|Nuts, formulated, wheat-based, all flavors except macadamia, without salt ;; 173468|Salz, Tafelsalz|Salt, table ;; 173430|Butter, ohne Salz|Butter, without salt ;; 169891|Kraut, Senf, gesalzen|Cabbage, mustard, salted"
1012;Jodtabletten für den atomaren Störfall;3;Getränke;SIGHI_FoodList_2024-08-29_p35_r43;"168606|Rindfleisch, Teilstücke für den Einzelhandel, Fett abgetrennt, gekocht|Beef, retail cuts, separable fat, cooked ;; 172733|Kekse, Schokoladen-Sandwich, mit Cremefüllung, für besondere Ernährungszwecke|Cookies, chocolate sandwich, with creme filling, special dietary ;; 172732|Kekse, Schokoladenchips, gewerbsmäßig zubereitet, für besondere Ernährungszwecke|Cookies, chocolate chip, commercially prepared, special dietary ;; 175266|Kalbfleisch, zusammengesetzt aus zugerichteten Teilen für den Einzelhandel, Fett abgetrennt, roh|Veal, composite of trimmed retail cuts, separable fat, raw ;; 174159|Getränke, Getränkemischung mit Schokoladengeschmack für Milch, Pulver, mit Zusatz von Nährstoffen|Beverages, chocolate-flavor beverage mix for milk, powder, with added nutrients"
1013;Kaliumiodat, Kaliumjodat;3;Getränke;SIGHI_FoodList_2024-08-29_p35_r44;
1014;Kaliumiodid, Kaliumjodid;3;Getränke;SIGHI_FoodList_2024-08-29_p35_r45;
1015;Kalzium, Calcium;1;Getränke;SIGHI_FoodList_2024-08-29_p35_r46;"170985|Babynahrung, Saft, Apfel, mit Kalzium|Babyfood, juice, apple, with calcium ;; 171273|Milch, trocken, fettfrei, kalziumreduziert|Milk, dry, nonfat, calcium reduced ;; 170984|Babynahrung, Saft, Fruchtpunsch, mit Kalzium|Babyfood, juice, fruit punch, with calcium ;; 173038|Grapefruitsaft, rosa oder rot, mit Kalziumzusatz|Grapefruit juice, pink or red, with added calcium ;; 174094|Brötchen, Hamburger, Vollkornweiß, mit Kalzium angereichert|Rolls, hamburger, whole grain white, calcium-fortified"
1016;Kochsalz iodiert / jodiert;2;Getränke;SIGHI_FoodList_2024-08-29_p35_r48;"170543|Taro, gekocht, mit Salz|Taro, cooked, with salt ;; 168486|Taro, gekocht, ohne Salz|Taro, cooked, without salt ;; 169388|Nopales, gekocht, ohne Salz|Nopales, cooked, without salt ;; 168553|Baumfarn, gekocht, mit Salz|Tree fern, cooked, with salt ;; 170464|Baumfarn, gekocht, ohne Salz|Tree fern, cooked, without salt"
1017;Tannenschoss, Tannenknospen;0;Getränke;SIGHI_FoodList_2024-08-29_p35_r49;
1018;Theobromin;2;Getränke;SIGHI_FoodList_2024-08-29_p35_r50;
1019;Gerstenmalzmehl, Malzmehl;0;Getränke;SIGHI_FoodList_2024-08-29_p36_r13;"169740|Gerstenmalzmehl|Barley malt flour ;; 171401|Schmalz|Lard ;; 2003586|Mehl, 00|Flour, 00 ;; 172023|Hirsemehl|Millet flour ;; 2512376|Mehl, Gerste|Flour, barley"
1020;Kimchi;2;Getränke;SIGHI_FoodList_2024-08-29_p36_r15;170392|Kohl, Kimchi|Cabbage, kimchi
1021;"Lakritze, ""Bärendreck""";2;Getränke;SIGHI_FoodList_2024-08-29_p36_r17;
1022;Malzmehl, Gerstenmalzmehl;0;Getränke;SIGHI_FoodList_2024-08-29_p36_r18;"169740|Gerstenmalzmehl|Barley malt flour ;; 171401|Schmalz|Lard ;; 2003586|Mehl, 00|Flour, 00 ;; 172023|Hirsemehl|Millet flour ;; 2512376|Mehl, Gerste|Flour, barley"
1023;Marzipan;1;Getränke;SIGHI_FoodList_2024-08-29_p36_r20;
1024;Schokolade, braun / schwarz / dunkel;2;Getränke;SIGHI_FoodList_2024-08-29_p36_r22;"170272|Schokolade, dunkel, 60-69% Kakaoanteil|Chocolate, dark, 60-69% cacao solids ;; 170273|Schokolade, dunkel, 70-85% Kakaoanteil|Chocolate, dark, 70-85% cacao solids ;; 170271|Schokolade, dunkel, 45- 59% Kakaoanteil|Chocolate, dark, 45- 59% cacao solids ;; 170274|Süßwaren, Schokolade, dunkel, NFS (45-59% Kakaoanteil 90%; 60-69% Kakaoanteil 5%; 70-85% Kakaoanteil 5%)|Candies, chocolate, dark, NFS (45-59% cacao solids 90%; 60-69% cacao solids 5%; 70-85% cacao solids 5%) ;; 168833|Zucker, braun|Sugars, brown"
1025;Schokolade, weiss;1;Getränke;SIGHI_FoodList_2024-08-29_p36_r23;"167571|Bonbons, weiße Schokolade|Candies, white chocolate ;; 167532|Brot, Weißweizen|Bread, white wheat ;; 168920|Maiskörner, weiß|Corn grain, white ;; 1104962|Zwiebeln, weiß, roh|Onions, white, raw ;; 169720|Weizen, weich, weiß|Wheat, soft white"
1026;Seitan;1;Getränke;SIGHI_FoodList_2024-08-29_p36_r24;
1027;Senf (Zubereitung);2;Getränke;SIGHI_FoodList_2024-08-29_p36_r25;"172337|Öl, Senf|Oil, mustard ;; 169256|Senfkörner, roh|Mustard greens, raw ;; 2578319|SENF AUS STEINMEHL|STONE GROUND  MUSTARD ;; 169891|Kraut, Senf, gesalzen|Cabbage, mustard, salted ;; 172234|Senf, zubereitet, gelb|Mustard, prepared, yellow"
1028;Tofu;2;Getränke;SIGHI_FoodList_2024-08-29_p36_r26;"167722|Tofu-Joghurt|Tofu yogurt ;; 172451|Tofu, gebraten|Tofu, fried ;; 174292|MORI-NU, Tofu, seidig, weich|MORI-NU, Tofu, silken, soft ;; 173788|HOUSE FOODS Premium Tofu fest|HOUSE FOODS Premium Firm Tofu ;; 173787|HOUSE FOODS Premium-Weich-Tofu|HOUSE FOODS Premium Soft Tofu"
1029;weiße Schokolade;1;Getränke;SIGHI_FoodList_2024-08-29_p36_r27;"167571|Bonbons, weiße Schokolade|Candies, white chocolate ;; 168809|Speiseeis, Schokolade|Ice creams, chocolate ;; 167587|Bonbons, Milchschokolade|Candies, milk chocolate ;; 167977|Bonbons, süße Schokolade|Candies, sweet chocolate ;; 1999629|Champignons, weißer Knopf|Mushrooms, white button"
