fdc_id;name_de;name_en;brand;ingredients_en;kcal;protein;carbs;sugar;fat;satfat;fiber;salt;micronutrients_json
171689;Apfel;Apples, raw, without skin;;;48;0.27;12.76;10.1;0.13;0.021;1.3;0;"{""calcium"":5.0,""eisen"":0.07,""kalium"":90.0,""kupfer"":0.031,""magnesium"":4.0,""mangan"":0.038,""natrium"":0.0,""phosphor"":11.0,""selen"":0.0,""vitamin_a"":2.0,""vitamin_b1"":0.019,""vitamin_b12"":0.0,""vitamin_b2"":0.028,""vitamin_b3"":0.091,""vitamin_b5"":0.071,""vitamin_b6"":0.037,""vitamin_b9"":0.0,""vitamin_c"":4.0,""vitamin_d"":0.0,""vitamin_e"":0.05,""vitamin_k"":0.6,""zink"":0.05}"
173928;Apfel geschält;Apples, raw, without skin, cooked, boiled;;;53;0.26;13.64;11.01;0.36;0.058;2.4;0.003;"{""calcium"":5.0,""eisen"":0.19,""kalium"":88.0,""kupfer"":0.035,""magnesium"":3.0,""mangan"":0.118,""natrium"":1.0,""phosphor"":8.0,""selen"":0.3,""vitamin_a"":2.0,""vitamin_b1"":0.016,""vitamin_b12"":0.0,""vitamin_b2"":0.012,""vitamin_b3"":0.095,""vitamin_b5"":0.046,""vitamin_b6"":0.044,""vitamin_b9"":1.0,""vitamin_c"":0.2,""vitamin_d"":0.0,""vitamin_e"":0.05,""vitamin_k"":0.6,""zink"":0.04}"
169118;Birne;Pears, raw;;;57;0.36;15.23;9.75;0.14;0.022;3.1;0.003;"{""calcium"":9.0,""eisen"":0.18,""kalium"":116.0,""kupfer"":0.082,""magnesium"":7.0,""mangan"":0.048,""natrium"":1.0,""phosphor"":12.0,""selen"":0.1,""vitamin_a"":1.0,""vitamin_b1"":0.012,""vitamin_b12"":0.0,""vitamin_b2"":0.026,""vitamin_b3"":0.161,""vitamin_b5"":0.049,""vitamin_b6"":0.029,""vitamin_b9"":7.0,""vitamin_c"":4.3,""vitamin_d"":0.0,""vitamin_e"":0.12,""vitamin_k"":4.4,""zink"":0.1}"
173944;Banane;Bananas, raw;;;89;1.09;22.84;12.23;0.33;0.112;2.6;0.003;"{""calcium"":5.0,""eisen"":0.26,""kalium"":358.0,""kupfer"":0.078,""magnesium"":27.0,""mangan"":0.27,""natrium"":1.0,""phosphor"":22.0,""selen"":1.0,""vitamin_a"":3.0,""vitamin_b1"":0.031,""vitamin_b12"":0.0,""vitamin_b2"":0.073,""vitamin_b3"":0.665,""vitamin_b5"":0.334,""vitamin_b6"":0.367,""vitamin_b9"":20.0,""vitamin_c"":8.7,""vitamin_d"":0.0,""vitamin_e"":0.1,""vitamin_k"":0.5,""zink"":0.15}"
169918;Orange;Oranges, raw, Florida;;;46;0.7;11.54;9.14;0.21;0.025;2.4;0;"{""calcium"":43.0,""eisen"":0.09,""kalium"":169.0,""kupfer"":0.039,""magnesium"":10.0,""mangan"":0.024,""natrium"":0.0,""phosphor"":12.0,""selen"":0.5,""vitamin_a"":11.0,""vitamin_b1"":0.1,""vitamin_b12"":0.0,""vitamin_b2"":0.04,""vitamin_b3"":0.4,""vitamin_b5"":0.25,""vitamin_b6"":0.051,""vitamin_b9"":17.0,""vitamin_c"":45.0,""vitamin_d"":0.0,""vitamin_e"":0.18,""vitamin_k"":0.0,""zink"":0.08}"
169105;Mandarine;Tangerines, (mandarin oranges), raw;;;53;0.81;13.34;10.58;0.31;0.039;1.8;0.005;"{""calcium"":37.0,""eisen"":0.15,""kalium"":166.0,""kupfer"":0.042,""magnesium"":12.0,""mangan"":0.039,""natrium"":2.0,""phosphor"":20.0,""selen"":0.1,""vitamin_a"":34.0,""vitamin_b1"":0.058,""vitamin_b12"":0.0,""vitamin_b2"":0.036,""vitamin_b3"":0.376,""vitamin_b5"":0.216,""vitamin_b6"":0.078,""vitamin_b9"":16.0,""vitamin_c"":26.7,""vitamin_d"":0.0,""vitamin_e"":0.2,""vitamin_k"":0.0,""zink"":0.07}"
168195;Clementine;Clementines, raw;;;47;0.85;12.02;9.18;0.15;0;1.7;0.003;"{""calcium"":30.0,""eisen"":0.14,""kalium"":177.0,""kupfer"":0.043,""magnesium"":10.0,""mangan"":0.023,""natrium"":1.0,""phosphor"":21.0,""selen"":0.1,""vitamin_b1"":0.086,""vitamin_b2"":0.03,""vitamin_b3"":0.636,""vitamin_b5"":0.151,""vitamin_b6"":0.075,""vitamin_b9"":24.0,""vitamin_c"":48.8,""vitamin_d"":0.0,""vitamin_e"":0.2,""vitamin_k"":0.0,""zink"":0.06}"
174675;Grapefruit;Grapefruit, raw, pink and red, Florida;;;30;0.55;7.5;0;0.1;0.014;1.1;0;"{""calcium"":15.0,""eisen"":0.12,""kalium"":127.0,""kupfer"":0.044,""magnesium"":8.0,""mangan"":0.01,""natrium"":0.0,""phosphor"":9.0,""selen"":1.4,""vitamin_a"":13.0,""vitamin_b1"":0.04,""vitamin_b12"":0.0,""vitamin_b2"":0.02,""vitamin_b3"":0.2,""vitamin_b5"":0.283,""vitamin_b6"":0.042,""vitamin_b9"":9.0,""vitamin_c"":37.0,""vitamin_d"":0.0,""zink"":0.07}"
168573;Zitrone;Lemon grass (citronella), raw;;;99;1.82;25.31;0;0.49;0.119;0;0.015;"{""calcium"":65.0,""eisen"":8.17,""kalium"":723.0,""kupfer"":0.266,""magnesium"":60.0,""mangan"":5.224,""natrium"":6.0,""phosphor"":101.0,""selen"":0.7,""vitamin_a"":0.0,""vitamin_b1"":0.065,""vitamin_b12"":0.0,""vitamin_b2"":0.135,""vitamin_b3"":1.101,""vitamin_b5"":0.05,""vitamin_b6"":0.08,""vitamin_b9"":75.0,""vitamin_c"":2.6,""vitamin_d"":0.0,""zink"":2.23}"
168155;Limette;Limes, raw;;;30;0.7;10.54;1.69;0.2;0.022;2.8;0.005;"{""calcium"":33.0,""eisen"":0.6,""kalium"":102.0,""kupfer"":0.065,""magnesium"":6.0,""mangan"":0.008,""natrium"":2.0,""phosphor"":18.0,""selen"":0.4,""vitamin_a"":2.0,""vitamin_b1"":0.03,""vitamin_b12"":0.0,""vitamin_b2"":0.02,""vitamin_b3"":0.2,""vitamin_b5"":0.217,""vitamin_b6"":0.043,""vitamin_b9"":8.0,""vitamin_c"":29.1,""vitamin_d"":0.0,""vitamin_e"":0.22,""vitamin_k"":0.6,""zink"":0.11}"
167762;Erdbeere;Strawberries, raw;;;32;0.67;7.68;4.89;0.3;0.015;2;0.003;"{""calcium"":16.0,""eisen"":0.41,""kalium"":153.0,""kupfer"":0.048,""magnesium"":13.0,""mangan"":0.386,""natrium"":1.0,""phosphor"":24.0,""selen"":0.4,""vitamin_a"":1.0,""vitamin_b1"":0.024,""vitamin_b12"":0.0,""vitamin_b2"":0.022,""vitamin_b3"":0.386,""vitamin_b5"":0.125,""vitamin_b6"":0.047,""vitamin_b9"":24.0,""vitamin_c"":58.8,""vitamin_d"":0.0,""vitamin_e"":0.29,""vitamin_k"":2.2,""zink"":0.14}"
167755;Himbeere;Raspberries, raw;;;52;1.2;11.94;4.42;0.65;0.019;6.5;0.003;"{""calcium"":25.0,""eisen"":0.69,""kalium"":151.0,""kupfer"":0.09,""magnesium"":22.0,""mangan"":0.67,""natrium"":1.0,""phosphor"":29.0,""selen"":0.2,""vitamin_a"":2.0,""vitamin_b1"":0.032,""vitamin_b12"":0.0,""vitamin_b2"":0.038,""vitamin_b3"":0.598,""vitamin_b5"":0.329,""vitamin_b6"":0.055,""vitamin_b9"":21.0,""vitamin_c"":26.2,""vitamin_d"":0.0,""vitamin_e"":0.87,""vitamin_k"":7.8,""zink"":0.42}"
171711;Blaubeere;Blueberries, raw;;;57;0.74;14.49;9.96;0.33;0.028;2.4;0.003;"{""calcium"":6.0,""eisen"":0.28,""kalium"":77.0,""kupfer"":0.057,""magnesium"":6.0,""mangan"":0.336,""natrium"":1.0,""phosphor"":12.0,""selen"":0.1,""vitamin_a"":3.0,""vitamin_b1"":0.037,""vitamin_b12"":0.0,""vitamin_b2"":0.041,""vitamin_b3"":0.418,""vitamin_b5"":0.124,""vitamin_b6"":0.052,""vitamin_b9"":6.0,""vitamin_c"":9.7,""vitamin_d"":0.0,""vitamin_e"":0.57,""vitamin_k"":19.3,""zink"":0.16}"
173946;Brombeere;Blackberries, raw;;;43;1.39;9.61;4.88;0.49;0.014;5.3;0.003;"{""calcium"":29.0,""eisen"":0.62,""kalium"":162.0,""kupfer"":0.165,""magnesium"":20.0,""mangan"":0.646,""natrium"":1.0,""phosphor"":22.0,""selen"":0.4,""vitamin_a"":11.0,""vitamin_b1"":0.02,""vitamin_b12"":0.0,""vitamin_b2"":0.026,""vitamin_b3"":0.646,""vitamin_b5"":0.276,""vitamin_b6"":0.03,""vitamin_b9"":25.0,""vitamin_c"":21.0,""vitamin_d"":0.0,""vitamin_e"":1.17,""vitamin_k"":19.8,""zink"":0.53}"
173964;Johannisbeere rot;Currants, red and white, raw;;;56;1.4;13.8;7.37;0.2;0.017;4.3;0.003;"{""calcium"":33.0,""eisen"":1.0,""kalium"":275.0,""kupfer"":0.107,""magnesium"":13.0,""mangan"":0.186,""natrium"":1.0,""phosphor"":44.0,""selen"":0.6,""vitamin_a"":2.0,""vitamin_b1"":0.04,""vitamin_b12"":0.0,""vitamin_b2"":0.05,""vitamin_b3"":0.1,""vitamin_b5"":0.064,""vitamin_b6"":0.07,""vitamin_b9"":8.0,""vitamin_c"":41.0,""vitamin_d"":0.0,""vitamin_e"":0.1,""vitamin_k"":11.0,""zink"":0.23}"
173963;Johannisbeere schwarz;Currants, european black, raw;;;63;1.4;15.38;0;0.41;0.034;0;0.005;"{""calcium"":55.0,""eisen"":1.54,""kalium"":322.0,""kupfer"":0.086,""magnesium"":24.0,""mangan"":0.256,""natrium"":2.0,""phosphor"":59.0,""vitamin_a"":12.0,""vitamin_b1"":0.05,""vitamin_b12"":0.0,""vitamin_b2"":0.05,""vitamin_b3"":0.3,""vitamin_b5"":0.398,""vitamin_b6"":0.066,""vitamin_c"":181.0,""vitamin_e"":1.0,""zink"":0.27}"
171719;Kirsche süß;Cherries, sweet, raw;;;63;1.06;16.01;12.82;0.2;0.038;2.1;0;"{""calcium"":13.0,""eisen"":0.36,""kalium"":222.0,""kupfer"":0.06,""magnesium"":11.0,""mangan"":0.07,""natrium"":0.0,""phosphor"":21.0,""selen"":0.0,""vitamin_a"":3.0,""vitamin_b1"":0.027,""vitamin_b12"":0.0,""vitamin_b2"":0.033,""vitamin_b3"":0.154,""vitamin_b5"":0.199,""vitamin_b6"":0.049,""vitamin_b9"":4.0,""vitamin_c"":7.0,""vitamin_d"":0.0,""vitamin_e"":0.07,""vitamin_k"":2.1,""zink"":0.07}"
173954;Kirsche sauer;Cherries, sour, red, raw;;;50;1;12.18;8.49;0.3;0.068;1.6;0.008;"{""calcium"":16.0,""eisen"":0.32,""kalium"":173.0,""kupfer"":0.104,""magnesium"":9.0,""mangan"":0.112,""natrium"":3.0,""phosphor"":15.0,""selen"":0.0,""vitamin_a"":64.0,""vitamin_b1"":0.03,""vitamin_b12"":0.0,""vitamin_b2"":0.04,""vitamin_b3"":0.4,""vitamin_b5"":0.143,""vitamin_b6"":0.044,""vitamin_b9"":8.0,""vitamin_c"":10.0,""vitamin_d"":0.0,""vitamin_e"":0.07,""vitamin_k"":2.1,""zink"":0.1}"
169949;Pflaume;Plums, raw;;;46;0.7;11.42;9.92;0.28;0.017;1.4;0;"{""calcium"":6.0,""eisen"":0.17,""kalium"":157.0,""kupfer"":0.057,""magnesium"":7.0,""mangan"":0.052,""natrium"":0.0,""phosphor"":16.0,""selen"":0.0,""vitamin_a"":17.0,""vitamin_b1"":0.028,""vitamin_b12"":0.0,""vitamin_b2"":0.026,""vitamin_b3"":0.417,""vitamin_b5"":0.135,""vitamin_b6"":0.029,""vitamin_b9"":5.0,""vitamin_c"":9.5,""vitamin_d"":0.0,""vitamin_e"":0.26,""vitamin_k"":6.4,""zink"":0.1}"
171697;Aprikose;Apricots, raw;;;48;1.4;11.12;9.24;0.39;0.027;2;0.003;"{""calcium"":13.0,""eisen"":0.39,""kalium"":259.0,""kupfer"":0.078,""magnesium"":10.0,""mangan"":0.077,""natrium"":1.0,""phosphor"":23.0,""selen"":0.1,""vitamin_a"":96.0,""vitamin_b1"":0.03,""vitamin_b12"":0.0,""vitamin_b2"":0.04,""vitamin_b3"":0.6,""vitamin_b5"":0.24,""vitamin_b6"":0.054,""vitamin_b9"":9.0,""vitamin_c"":10.0,""vitamin_d"":0.0,""vitamin_e"":0.89,""vitamin_k"":3.3,""zink"":0.2}"
169928;Pfirsich;Peaches, yellow, raw;;;39;0.91;9.54;8.39;0.25;0.019;1.5;0;"{""calcium"":6.0,""eisen"":0.25,""kalium"":190.0,""kupfer"":0.068,""magnesium"":9.0,""mangan"":0.061,""natrium"":0.0,""phosphor"":20.0,""selen"":0.1,""vitamin_a"":16.0,""vitamin_b1"":0.024,""vitamin_b12"":0.0,""vitamin_b2"":0.031,""vitamin_b3"":0.806,""vitamin_b5"":0.153,""vitamin_b6"":0.025,""vitamin_b9"":4.0,""vitamin_c"":6.6,""vitamin_d"":0.0,""vitamin_e"":0.73,""vitamin_k"":2.6,""zink"":0.17}"
169914;Nektarine;Nectarines, raw;;;44;1.06;10.55;7.89;0.32;0.025;1.7;0;"{""calcium"":6.0,""eisen"":0.28,""kalium"":201.0,""kupfer"":0.086,""magnesium"":9.0,""mangan"":0.054,""natrium"":0.0,""phosphor"":26.0,""selen"":0.0,""vitamin_a"":17.0,""vitamin_b1"":0.034,""vitamin_b12"":0.0,""vitamin_b2"":0.027,""vitamin_b3"":1.125,""vitamin_b5"":0.185,""vitamin_b6"":0.025,""vitamin_b9"":5.0,""vitamin_c"":5.4,""vitamin_d"":0.0,""vitamin_e"":0.77,""vitamin_k"":2.2,""zink"":0.17}"
174683;Weintraube grün;Grapes, red or green (European type, such as Thompson seedless), raw;;;69;0.72;18.1;15.48;0.16;0.054;0.9;0.005;"{""calcium"":10.0,""eisen"":0.36,""kalium"":191.0,""kupfer"":0.127,""magnesium"":7.0,""mangan"":0.071,""natrium"":2.0,""phosphor"":20.0,""selen"":0.1,""vitamin_a"":3.0,""vitamin_b1"":0.069,""vitamin_b12"":0.0,""vitamin_b2"":0.07,""vitamin_b3"":0.188,""vitamin_b5"":0.05,""vitamin_b6"":0.086,""vitamin_b9"":2.0,""vitamin_c"":3.2,""vitamin_d"":0.0,""vitamin_e"":0.19,""vitamin_k"":14.6,""zink"":0.07}"
2346412;Weintraube rot;Grapes, red, seedless, raw;;;77.152;0.914;20.197;0;0.164;0;0;0.017;"{""calcium"":10.17,""eisen"":0.1615,""kalium"":229.4,""kupfer"":0.08081,""magnesium"":8.556,""mangan"":0.09758,""natrium"":6.999,""phosphor"":24.86,""vitamin_b7"":0.1222,""vitamin_c"":3.308,""zink"":0.03603}"
167765;Wassermelone;Watermelon, raw;;;30;0.61;7.55;6.2;0.15;0.016;0.4;0.003;"{""calcium"":7.0,""eisen"":0.24,""kalium"":112.0,""kupfer"":0.042,""magnesium"":10.0,""mangan"":0.038,""natrium"":1.0,""phosphor"":11.0,""selen"":0.4,""vitamin_a"":28.0,""vitamin_b1"":0.033,""vitamin_b12"":0.0,""vitamin_b2"":0.021,""vitamin_b3"":0.178,""vitamin_b5"":0.221,""vitamin_b6"":0.045,""vitamin_b9"":3.0,""vitamin_c"":8.1,""vitamin_d"":0.0,""vitamin_e"":0.05,""vitamin_k"":0.1,""zink"":0.1}"
169911;Honigmelone;Melons, honeydew, raw;;;36;0.54;9.09;8.12;0.14;0.038;0.8;0.045;"{""calcium"":6.0,""eisen"":0.17,""kalium"":228.0,""kupfer"":0.024,""magnesium"":10.0,""mangan"":0.027,""natrium"":18.0,""phosphor"":11.0,""selen"":0.7,""vitamin_a"":3.0,""vitamin_b1"":0.038,""vitamin_b12"":0.0,""vitamin_b2"":0.012,""vitamin_b3"":0.418,""vitamin_b5"":0.155,""vitamin_b6"":0.088,""vitamin_b9"":19.0,""vitamin_c"":18.0,""vitamin_d"":0.0,""vitamin_e"":0.02,""vitamin_k"":2.9,""zink"":0.09}"
169092;Cantaloupe;Melons, cantaloupe, raw;;;34;0.84;8.16;7.86;0.19;0.051;0.9;0.04;"{""calcium"":9.0,""eisen"":0.21,""kalium"":267.0,""kupfer"":0.041,""magnesium"":12.0,""mangan"":0.041,""natrium"":16.0,""phosphor"":15.0,""selen"":0.4,""vitamin_a"":169.0,""vitamin_b1"":0.041,""vitamin_b12"":0.0,""vitamin_b2"":0.019,""vitamin_b3"":0.734,""vitamin_b5"":0.105,""vitamin_b6"":0.072,""vitamin_b9"":21.0,""vitamin_c"":36.7,""vitamin_d"":0.0,""vitamin_e"":0.05,""vitamin_k"":2.5,""zink"":0.18}"
169124;Ananas;Pineapple, raw, all varieties;;;50;0.54;13.12;9.85;0.12;0.009;1.4;0.003;"{""calcium"":13.0,""eisen"":0.29,""kalium"":109.0,""kupfer"":0.11,""magnesium"":12.0,""mangan"":0.927,""natrium"":1.0,""phosphor"":8.0,""selen"":0.1,""vitamin_a"":3.0,""vitamin_b1"":0.079,""vitamin_b12"":0.0,""vitamin_b2"":0.032,""vitamin_b3"":0.5,""vitamin_b5"":0.213,""vitamin_b6"":0.112,""vitamin_b9"":18.0,""vitamin_c"":47.8,""vitamin_d"":0.0,""vitamin_e"":0.02,""vitamin_k"":0.7,""zink"":0.12}"
169910;Mango;Mangos, raw;;;60;0.82;14.98;13.66;0.38;0.092;1.6;0.003;"{""calcium"":11.0,""eisen"":0.16,""kalium"":168.0,""kupfer"":0.111,""magnesium"":10.0,""mangan"":0.063,""natrium"":1.0,""phosphor"":14.0,""selen"":0.6,""vitamin_a"":54.0,""vitamin_b1"":0.028,""vitamin_b12"":0.0,""vitamin_b2"":0.038,""vitamin_b3"":0.669,""vitamin_b5"":0.197,""vitamin_b6"":0.119,""vitamin_b9"":43.0,""vitamin_c"":36.4,""vitamin_d"":0.0,""vitamin_e"":0.9,""vitamin_k"":4.2,""zink"":0.09}"
169926;Papaya;Papayas, raw;;;43;0.47;10.82;7.82;0.26;0.081;1.7;0.02;"{""calcium"":20.0,""eisen"":0.25,""kalium"":182.0,""kupfer"":0.045,""magnesium"":21.0,""mangan"":0.04,""natrium"":8.0,""phosphor"":10.0,""selen"":0.6,""vitamin_a"":47.0,""vitamin_b1"":0.023,""vitamin_b12"":0.0,""vitamin_b2"":0.027,""vitamin_b3"":0.357,""vitamin_b5"":0.191,""vitamin_b6"":0.038,""vitamin_b9"":37.0,""vitamin_c"":60.9,""vitamin_d"":0.0,""vitamin_e"":0.3,""vitamin_k"":2.6,""zink"":0.08}"
327046;Kiwi;Kiwifruit, green, raw;;;58;1.06;14;0;0.44;0;3;0.013;"{""calcium"":35.0,""eisen"":0.24,""kalium"":198.0,""kupfer"":0.134,""magnesium"":15.7,""mangan"":0.064,""natrium"":5.0,""phosphor"":34.0,""selen"":0.2,""vitamin_a"":4.0,""vitamin_b1"":0.027,""vitamin_b2"":0.025,""vitamin_b3"":0.37,""vitamin_b5"":0.206,""vitamin_b6"":0.061,""vitamin_b9"":26.0,""vitamin_c"":74.7,""vitamin_e"":1.3,""vitamin_k"":40.3,""zink"":0.14}"
169134;Granatapfel;Pomegranates, raw;;;83;1.67;18.7;13.67;1.17;0.12;4;0.008;"{""calcium"":10.0,""eisen"":0.3,""kalium"":236.0,""kupfer"":0.158,""magnesium"":12.0,""mangan"":0.119,""natrium"":3.0,""phosphor"":36.0,""selen"":0.5,""vitamin_a"":0.0,""vitamin_b1"":0.067,""vitamin_b12"":0.0,""vitamin_b2"":0.053,""vitamin_b3"":0.293,""vitamin_b5"":0.377,""vitamin_b6"":0.075,""vitamin_b9"":38.0,""vitamin_c"":10.2,""vitamin_d"":0.0,""vitamin_e"":0.6,""vitamin_k"":16.4,""zink"":0.35}"
173021;Feige frisch;Figs, raw;;;74;0.75;19.18;16.26;0.3;0.06;2.9;0.003;"{""calcium"":35.0,""eisen"":0.37,""kalium"":232.0,""kupfer"":0.07,""magnesium"":17.0,""mangan"":0.128,""natrium"":1.0,""phosphor"":14.0,""selen"":0.2,""vitamin_a"":7.0,""vitamin_b1"":0.06,""vitamin_b12"":0.0,""vitamin_b2"":0.05,""vitamin_b3"":0.4,""vitamin_b5"":0.3,""vitamin_b6"":0.113,""vitamin_b9"":6.0,""vitamin_c"":2.0,""vitamin_d"":0.0,""vitamin_e"":0.11,""vitamin_k"":4.7,""zink"":0.15}"
168191;Dattel;Dates, medjool;;;277;1.81;74.97;66.47;0.15;0;6.7;0.003;"{""calcium"":64.0,""eisen"":0.9,""kalium"":696.0,""kupfer"":0.362,""magnesium"":54.0,""mangan"":0.296,""natrium"":1.0,""phosphor"":62.0,""vitamin_a"":7.0,""vitamin_b1"":0.05,""vitamin_b2"":0.06,""vitamin_b3"":1.61,""vitamin_b5"":0.805,""vitamin_b6"":0.249,""vitamin_b9"":15.0,""vitamin_c"":0.0,""vitamin_d"":0.0,""vitamin_k"":2.7,""zink"":0.44}"
171706;Avocado;Avocados, raw, California;;;167;1.96;8.64;0.3;15.41;2.126;6.8;0.02;"{""calcium"":13.0,""eisen"":0.61,""kalium"":507.0,""kupfer"":0.17,""magnesium"":29.0,""mangan"":0.149,""natrium"":8.0,""phosphor"":54.0,""selen"":0.4,""vitamin_a"":7.0,""vitamin_b1"":0.075,""vitamin_b12"":0.0,""vitamin_b2"":0.143,""vitamin_b3"":1.912,""vitamin_b5"":1.463,""vitamin_b6"":0.287,""vitamin_b9"":89.0,""vitamin_c"":8.8,""vitamin_d"":0.0,""vitamin_e"":1.97,""vitamin_k"":21.0,""zink"":0.68}"
169941;Kaki;Persimmons, japanese, raw;;;70;0.58;18.59;12.53;0.19;0.02;3.6;0.003;"{""calcium"":8.0,""eisen"":0.15,""kalium"":161.0,""kupfer"":0.113,""magnesium"":9.0,""mangan"":0.355,""natrium"":1.0,""phosphor"":17.0,""selen"":0.6,""vitamin_a"":81.0,""vitamin_b1"":0.03,""vitamin_b12"":0.0,""vitamin_b2"":0.02,""vitamin_b3"":0.1,""vitamin_b6"":0.1,""vitamin_b9"":8.0,""vitamin_c"":7.5,""vitamin_d"":0.0,""vitamin_e"":0.73,""vitamin_k"":2.6,""zink"":0.11}"
169087;Litschi;Litchis, dried;;;277;3.8;70.7;66.1;1.2;0.27;4.6;0.008;"{""calcium"":33.0,""eisen"":1.7,""kalium"":1110.0,""kupfer"":0.631,""magnesium"":42.0,""mangan"":0.234,""natrium"":3.0,""phosphor"":181.0,""selen"":1.3,""vitamin_a"":0.0,""vitamin_b1"":0.01,""vitamin_b12"":0.0,""vitamin_b2"":0.57,""vitamin_b3"":3.1,""vitamin_b6"":0.09,""vitamin_b9"":12.0,""vitamin_c"":183.0,""vitamin_d"":0.0,""vitamin_e"":0.31,""vitamin_k"":1.6,""zink"":0.28}"
173030;Stachelbeere;Gooseberries, raw;;;44;0.88;10.18;0;0.58;0.038;4.3;0.003;"{""calcium"":25.0,""eisen"":0.31,""kalium"":198.0,""kupfer"":0.07,""magnesium"":10.0,""mangan"":0.144,""natrium"":1.0,""phosphor"":27.0,""selen"":0.6,""vitamin_a"":15.0,""vitamin_b1"":0.04,""vitamin_b12"":0.0,""vitamin_b2"":0.03,""vitamin_b3"":0.3,""vitamin_b5"":0.286,""vitamin_b6"":0.08,""vitamin_b9"":6.0,""vitamin_c"":27.7,""vitamin_e"":0.37,""zink"":0.12}"
171727;Holunderbeere;Elderberries, raw;;;73;0.66;18.4;0;0.5;0.023;7;0.015;"{""calcium"":38.0,""eisen"":1.6,""kalium"":280.0,""kupfer"":0.061,""magnesium"":5.0,""natrium"":6.0,""phosphor"":39.0,""selen"":0.6,""vitamin_a"":30.0,""vitamin_b1"":0.07,""vitamin_b12"":0.0,""vitamin_b2"":0.06,""vitamin_b3"":0.5,""vitamin_b5"":0.14,""vitamin_b6"":0.23,""vitamin_b9"":6.0,""vitamin_c"":36.0,""zink"":0.11}"
167640;Heidelbeere;Blueberries, wild, raw (Alaska Native);;;61;1.22;12.31;6.46;0.76;0;2.6;0.015;"{""calcium"":13.0,""eisen"":0.37,""kalium"":75.0,""kupfer"":0.03,""magnesium"":7.0,""mangan"":2.0,""natrium"":6.0,""phosphor"":29.0,""vitamin_a"":6.0,""vitamin_b1"":0.067,""vitamin_b12"":0.0,""vitamin_b2"":0.414,""vitamin_b3"":0.597,""vitamin_b5"":0.265,""vitamin_b6"":0.026,""vitamin_b9"":33.0,""vitamin_c"":18.3,""vitamin_d"":0.0,""vitamin_e"":1.69,""vitamin_k"":17.2,""zink"":0.2}"
171722;Preiselbeere;Cranberries, raw;;;46;0.46;11.97;4.27;0.13;0.008;3.6;0.005;"{""calcium"":8.0,""eisen"":0.23,""kalium"":80.0,""kupfer"":0.056,""magnesium"":6.0,""mangan"":0.267,""natrium"":2.0,""phosphor"":11.0,""selen"":0.1,""vitamin_a"":3.0,""vitamin_b1"":0.012,""vitamin_b12"":0.0,""vitamin_b2"":0.02,""vitamin_b3"":0.101,""vitamin_b5"":0.295,""vitamin_b6"":0.057,""vitamin_b9"":1.0,""vitamin_c"":14.0,""vitamin_d"":0.0,""vitamin_e"":1.32,""vitamin_k"":5.0,""zink"":0.09}"
170090;Sanddorn;Seaweed, agar, dried;;;306;6.21;80.88;2.97;0.3;0.061;7.7;0.255;"{""calcium"":625.0,""eisen"":21.4,""kalium"":1125.0,""kupfer"":0.61,""magnesium"":770.0,""mangan"":4.3,""natrium"":102.0,""phosphor"":52.0,""selen"":7.4,""vitamin_a"":0.0,""vitamin_b1"":0.01,""vitamin_b12"":0.0,""vitamin_b2"":0.222,""vitamin_b3"":0.202,""vitamin_b5"":3.018,""vitamin_b6"":0.303,""vitamin_b9"":580.0,""vitamin_c"":0.0,""vitamin_d"":0.0,""vitamin_e"":5.0,""vitamin_k"":24.4,""zink"":5.8}"
168163;Quitte;Quinces, raw;;;57;0.4;15.3;0;0.1;0.01;1.9;0.01;"{""calcium"":11.0,""eisen"":0.7,""kalium"":197.0,""kupfer"":0.13,""magnesium"":8.0,""natrium"":4.0,""phosphor"":17.0,""selen"":0.6,""vitamin_a"":2.0,""vitamin_b1"":0.02,""vitamin_b12"":0.0,""vitamin_b2"":0.03,""vitamin_b3"":0.2,""vitamin_b5"":0.081,""vitamin_b6"":0.04,""vitamin_b9"":3.0,""vitamin_c"":15.0,""zink"":0.04}"
167758;Rhabarber;Rhubarb, raw;;;21;0.9;4.54;1.1;0.2;0.053;1.8;0.01;"{""calcium"":86.0,""eisen"":0.22,""kalium"":288.0,""kupfer"":0.021,""magnesium"":12.0,""mangan"":0.196,""natrium"":4.0,""phosphor"":14.0,""selen"":1.1,""vitamin_a"":5.0,""vitamin_b1"":0.02,""vitamin_b12"":0.0,""vitamin_b2"":0.03,""vitamin_b3"":0.3,""vitamin_b5"":0.085,""vitamin_b6"":0.024,""vitamin_b9"":7.0,""vitamin_c"":8.0,""vitamin_d"":0.0,""vitamin_e"":0.27,""vitamin_k"":29.3,""zink"":0.1}"
168164;Rosine;Raisins, golden, seedless;;;301;3.28;80.02;65.7;0.2;0.065;3.3;0.06;"{""calcium"":64.0,""eisen"":0.98,""kalium"":746.0,""kupfer"":0.228,""magnesium"":35.0,""mangan"":0.226,""natrium"":24.0,""phosphor"":101.0,""selen"":0.7,""vitamin_a"":0.0,""vitamin_b1"":0.008,""vitamin_b12"":0.0,""vitamin_b2"":0.191,""vitamin_b3"":1.142,""vitamin_b6"":0.323,""vitamin_b9"":3.0,""vitamin_c"":3.2,""vitamin_d"":0.0,""vitamin_e"":0.12,""vitamin_k"":3.5,""zink"":0.37}"
170050;Tomate;Tomatoes, red, ripe, cooked;;;18;0.95;4.01;2.49;0.11;0.015;0.7;0.028;"{""calcium"":11.0,""eisen"":0.68,""kalium"":218.0,""kupfer"":0.075,""magnesium"":9.0,""mangan"":0.105,""natrium"":11.0,""phosphor"":28.0,""selen"":0.5,""vitamin_a"":24.0,""vitamin_b1"":0.036,""vitamin_b12"":0.0,""vitamin_b2"":0.022,""vitamin_b3"":0.532,""vitamin_b5"":0.129,""vitamin_b6"":0.079,""vitamin_b9"":13.0,""vitamin_c"":22.8,""vitamin_d"":0.0,""vitamin_e"":0.56,""vitamin_k"":2.8,""zink"":0.14}"
170089;Cherrytomate;Tomatoes, red, ripe, cooked, stewed;;;79;1.96;13.05;0;2.68;0.521;1.7;1.138;"{""calcium"":26.0,""eisen"":1.06,""kalium"":247.0,""kupfer"":0.095,""magnesium"":15.0,""mangan"":0.193,""natrium"":455.0,""phosphor"":38.0,""selen"":1.2,""vitamin_a"":33.0,""vitamin_b1"":0.108,""vitamin_b12"":0.0,""vitamin_b2"":0.08,""vitamin_b3"":1.11,""vitamin_b5"":0.256,""vitamin_b6"":0.086,""vitamin_b9"":11.0,""vitamin_c"":18.2,""vitamin_d"":0.0,""zink"":0.18}"
168409;Gurke;Cucumber, with peel, raw;;;15;0.65;3.63;1.67;0.11;0.037;0.5;0.005;"{""calcium"":16.0,""eisen"":0.28,""kalium"":147.0,""kupfer"":0.041,""magnesium"":13.0,""mangan"":0.079,""natrium"":2.0,""phosphor"":24.0,""selen"":0.3,""vitamin_a"":5.0,""vitamin_b1"":0.027,""vitamin_b12"":0.0,""vitamin_b2"":0.033,""vitamin_b3"":0.098,""vitamin_b5"":0.259,""vitamin_b6"":0.04,""vitamin_b9"":7.0,""vitamin_c"":2.8,""vitamin_d"":0.0,""vitamin_e"":0.03,""vitamin_k"":16.4,""zink"":0.2}"
169225;Salatgurke;Cucumber, peeled, raw;;;10;0.59;2.16;1.38;0.16;0.078;0.7;0.005;"{""calcium"":14.0,""eisen"":0.22,""kalium"":136.0,""kupfer"":0.071,""magnesium"":12.0,""mangan"":0.073,""natrium"":2.0,""phosphor"":21.0,""selen"":0.1,""vitamin_a"":4.0,""vitamin_b1"":0.031,""vitamin_b12"":0.0,""vitamin_b2"":0.025,""vitamin_b3"":0.037,""vitamin_b5"":0.24,""vitamin_b6"":0.051,""vitamin_b9"":14.0,""vitamin_c"":3.2,""vitamin_d"":0.0,""vitamin_e"":0.03,""vitamin_k"":7.2,""zink"":0.17}"
170108;Paprika rot;Peppers, sweet, red, raw;;;26;0.99;6.03;4.2;0.3;0.059;2.1;0.01;"{""calcium"":7.0,""eisen"":0.43,""kalium"":211.0,""kupfer"":0.017,""magnesium"":12.0,""mangan"":0.112,""natrium"":4.0,""phosphor"":26.0,""selen"":0.1,""vitamin_a"":157.0,""vitamin_b1"":0.054,""vitamin_b12"":0.0,""vitamin_b2"":0.085,""vitamin_b3"":0.979,""vitamin_b5"":0.317,""vitamin_b6"":0.291,""vitamin_b9"":46.0,""vitamin_c"":127.7,""vitamin_d"":0.0,""vitamin_e"":1.58,""vitamin_k"":4.9,""zink"":0.25}"
169383;Paprika gelb;Peppers, sweet, yellow, raw;;;27;1;6.32;0;0.21;0.031;0.9;0.005;"{""calcium"":11.0,""eisen"":0.46,""kalium"":212.0,""kupfer"":0.107,""magnesium"":12.0,""mangan"":0.117,""natrium"":2.0,""phosphor"":24.0,""selen"":0.3,""vitamin_a"":10.0,""vitamin_b1"":0.028,""vitamin_b12"":0.0,""vitamin_b2"":0.025,""vitamin_b3"":0.89,""vitamin_b5"":0.168,""vitamin_b6"":0.168,""vitamin_b9"":26.0,""vitamin_c"":183.5,""vitamin_d"":0.0,""zink"":0.17}"
170427;Paprika grün;Peppers, sweet, green, raw;;;20;0.86;4.64;2.4;0.17;0.058;1.7;0.008;"{""calcium"":10.0,""eisen"":0.34,""kalium"":175.0,""kupfer"":0.066,""magnesium"":10.0,""mangan"":0.122,""natrium"":3.0,""phosphor"":20.0,""selen"":0.0,""vitamin_a"":18.0,""vitamin_b1"":0.057,""vitamin_b12"":0.0,""vitamin_b2"":0.028,""vitamin_b3"":0.48,""vitamin_b5"":0.099,""vitamin_b6"":0.224,""vitamin_b9"":10.0,""vitamin_c"":80.4,""vitamin_d"":0.0,""vitamin_e"":0.37,""vitamin_k"":7.4,""zink"":0.13}"
170393;Karotte;Carrots, raw;;;41;0.93;9.58;4.74;0.24;0.032;2.8;0.173;"{""calcium"":33.0,""eisen"":0.3,""kalium"":320.0,""kupfer"":0.045,""magnesium"":12.0,""mangan"":0.143,""natrium"":69.0,""phosphor"":35.0,""selen"":0.1,""vitamin_a"":835.0,""vitamin_b1"":0.066,""vitamin_b12"":0.0,""vitamin_b2"":0.058,""vitamin_b3"":0.983,""vitamin_b5"":0.273,""vitamin_b6"":0.138,""vitamin_b9"":19.0,""vitamin_c"":5.9,""vitamin_d"":0.0,""vitamin_e"":0.66,""vitamin_k"":13.2,""zink"":0.24}"
170000;Zwiebel;Onions, raw;;;40;1.1;9.34;4.24;0.1;0.042;1.7;0.01;"{""calcium"":23.0,""eisen"":0.21,""kalium"":146.0,""kupfer"":0.039,""magnesium"":10.0,""mangan"":0.129,""natrium"":4.0,""phosphor"":29.0,""selen"":0.5,""vitamin_a"":0.0,""vitamin_b1"":0.046,""vitamin_b12"":0.0,""vitamin_b2"":0.027,""vitamin_b3"":0.116,""vitamin_b5"":0.123,""vitamin_b6"":0.12,""vitamin_b9"":19.0,""vitamin_c"":7.4,""vitamin_d"":0.0,""vitamin_e"":0.02,""vitamin_k"":0.4,""zink"":0.17}"
790577;Rote Zwiebel;Onions, red, raw;;;44;0.94;9.93;0;0.1;0;2.2;0.003;"{""calcium"":17.0,""eisen"":0.24,""jod"":0.0,""kalium"":197.0,""kupfer"":0.058,""magnesium"":11.4,""mangan"":0.119,""natrium"":1.0,""phosphor"":41.0,""selen"":0.5,""vitamin_b7"":0.0,""vitamin_c"":8.1,""zink"":0.17}"
170005;Frühlingszwiebel;Onions, spring or scallions (includes tops and bulb), raw;;;32;1.83;7.34;2.33;0.19;0.032;2.6;0.04;"{""calcium"":72.0,""eisen"":1.48,""kalium"":276.0,""kupfer"":0.083,""magnesium"":20.0,""mangan"":0.16,""natrium"":16.0,""phosphor"":37.0,""selen"":0.6,""vitamin_a"":50.0,""vitamin_b1"":0.055,""vitamin_b12"":0.0,""vitamin_b2"":0.08,""vitamin_b3"":0.525,""vitamin_b5"":0.075,""vitamin_b6"":0.061,""vitamin_b9"":64.0,""vitamin_c"":18.8,""vitamin_d"":0.0,""vitamin_e"":0.55,""vitamin_k"":207.0,""zink"":0.39}"
169230;Knoblauch;Garlic, raw;;;149;6.36;33.06;1;0.5;0.089;2.1;0.043;"{""calcium"":181.0,""eisen"":1.7,""kalium"":401.0,""kupfer"":0.299,""magnesium"":25.0,""mangan"":1.672,""natrium"":17.0,""phosphor"":153.0,""selen"":14.2,""vitamin_a"":0.0,""vitamin_b1"":0.2,""vitamin_b12"":0.0,""vitamin_b2"":0.11,""vitamin_b3"":0.7,""vitamin_b5"":0.596,""vitamin_b6"":1.235,""vitamin_b9"":3.0,""vitamin_c"":31.2,""vitamin_d"":0.0,""vitamin_e"":0.08,""vitamin_k"":1.7,""zink"":1.16}"
169246;Lauch;Leeks, (bulb and lower leaf-portion), raw;;;61;1.5;14.15;3.9;0.3;0.04;1.8;0.05;"{""calcium"":59.0,""eisen"":2.1,""kalium"":180.0,""kupfer"":0.12,""magnesium"":28.0,""mangan"":0.481,""natrium"":20.0,""phosphor"":35.0,""selen"":1.0,""vitamin_a"":83.0,""vitamin_b1"":0.06,""vitamin_b12"":0.0,""vitamin_b2"":0.03,""vitamin_b3"":0.4,""vitamin_b5"":0.14,""vitamin_b6"":0.233,""vitamin_b9"":64.0,""vitamin_c"":12.0,""vitamin_d"":0.0,""vitamin_e"":0.92,""vitamin_k"":47.0,""zink"":0.12}"
170499;Schalotte;Shallots, raw;;;72;2.5;16.8;7.87;0.1;0.017;3.2;0.03;"{""calcium"":37.0,""eisen"":1.2,""kalium"":334.0,""kupfer"":0.088,""magnesium"":21.0,""mangan"":0.292,""natrium"":12.0,""phosphor"":60.0,""selen"":1.2,""vitamin_a"":0.0,""vitamin_b1"":0.06,""vitamin_b12"":0.0,""vitamin_b2"":0.02,""vitamin_b3"":0.2,""vitamin_b5"":0.29,""vitamin_b6"":0.345,""vitamin_b9"":34.0,""vitamin_c"":8.0,""vitamin_d"":0.0,""vitamin_e"":0.04,""vitamin_k"":0.8,""zink"":0.4}"
170379;Brokkoli;Broccoli, raw;;;34;2.82;6.64;1.7;0.37;0.114;2.6;0.083;"{""calcium"":47.0,""eisen"":0.73,""kalium"":316.0,""kupfer"":0.049,""magnesium"":21.0,""mangan"":0.21,""natrium"":33.0,""phosphor"":66.0,""selen"":2.5,""vitamin_a"":31.0,""vitamin_b1"":0.071,""vitamin_b12"":0.0,""vitamin_b2"":0.117,""vitamin_b3"":0.639,""vitamin_b5"":0.573,""vitamin_b6"":0.175,""vitamin_b9"":63.0,""vitamin_c"":89.2,""vitamin_d"":0.0,""vitamin_e"":0.78,""vitamin_k"":101.6,""zink"":0.41}"
169986;Blumenkohl;Cauliflower, raw;;;25;1.92;4.97;1.91;0.28;0.13;2;0.075;"{""calcium"":22.0,""eisen"":0.42,""kalium"":299.0,""kupfer"":0.039,""magnesium"":15.0,""mangan"":0.155,""natrium"":30.0,""phosphor"":44.0,""selen"":0.6,""vitamin_a"":0.0,""vitamin_b1"":0.05,""vitamin_b12"":0.0,""vitamin_b2"":0.06,""vitamin_b3"":0.507,""vitamin_b5"":0.667,""vitamin_b6"":0.184,""vitamin_b9"":57.0,""vitamin_c"":48.2,""vitamin_d"":0.0,""vitamin_e"":0.08,""vitamin_k"":15.5,""zink"":0.27}"
170382;Romanesco;Broccoli raab, cooked;;;25;3.83;3.12;0.62;0.52;0.089;2.8;0.14;"{""calcium"":118.0,""eisen"":1.27,""kalium"":343.0,""kupfer"":0.075,""magnesium"":27.0,""mangan"":0.38,""natrium"":56.0,""phosphor"":82.0,""selen"":1.3,""vitamin_a"":227.0,""vitamin_b1"":0.169,""vitamin_b12"":0.0,""vitamin_b2"":0.14,""vitamin_b3"":2.015,""vitamin_b5"":0.448,""vitamin_b6"":0.22,""vitamin_b9"":71.0,""vitamin_c"":37.0,""vitamin_d"":0.0,""vitamin_e"":2.53,""vitamin_k"":256.0,""zink"":0.54}"
170383;Rosenkohl;Brussels sprouts, raw;;;43;3.38;8.95;2.2;0.3;0.062;3.8;0.063;"{""calcium"":42.0,""eisen"":1.4,""kalium"":389.0,""kupfer"":0.07,""magnesium"":23.0,""mangan"":0.337,""natrium"":25.0,""phosphor"":69.0,""selen"":1.6,""vitamin_a"":38.0,""vitamin_b1"":0.139,""vitamin_b12"":0.0,""vitamin_b2"":0.09,""vitamin_b3"":0.745,""vitamin_b5"":0.309,""vitamin_b6"":0.219,""vitamin_b9"":61.0,""vitamin_c"":85.0,""vitamin_d"":0.0,""vitamin_e"":0.88,""vitamin_k"":177.0,""zink"":0.42}"
169975;Weißkohl;Cabbage, raw;;;25;1.28;5.8;3.2;0.1;0.034;2.5;0.045;"{""calcium"":40.0,""eisen"":0.47,""kalium"":170.0,""kupfer"":0.019,""magnesium"":12.0,""mangan"":0.16,""natrium"":18.0,""phosphor"":26.0,""selen"":0.3,""vitamin_a"":5.0,""vitamin_b1"":0.061,""vitamin_b12"":0.0,""vitamin_b2"":0.04,""vitamin_b3"":0.234,""vitamin_b5"":0.212,""vitamin_b6"":0.124,""vitamin_b9"":43.0,""vitamin_c"":36.6,""vitamin_d"":0.0,""vitamin_e"":0.15,""vitamin_k"":76.0,""zink"":0.18}"
169977;Rotkohl;Cabbage, red, raw;;;31;1.43;7.37;3.83;0.16;0.021;2.1;0.068;"{""calcium"":45.0,""eisen"":0.8,""kalium"":243.0,""kupfer"":0.017,""magnesium"":16.0,""mangan"":0.243,""natrium"":27.0,""phosphor"":30.0,""selen"":0.6,""vitamin_a"":56.0,""vitamin_b1"":0.064,""vitamin_b12"":0.0,""vitamin_b2"":0.069,""vitamin_b3"":0.418,""vitamin_b5"":0.147,""vitamin_b6"":0.209,""vitamin_b9"":18.0,""vitamin_c"":57.0,""vitamin_d"":0.0,""vitamin_e"":0.11,""vitamin_k"":38.2,""zink"":0.22}"
170388;Spitzkohl;Cabbage, savoy, raw;;;27;2;6.1;2.27;0.1;0.013;3.1;0.07;"{""calcium"":35.0,""eisen"":0.4,""kalium"":230.0,""kupfer"":0.062,""magnesium"":28.0,""mangan"":0.18,""natrium"":28.0,""phosphor"":42.0,""selen"":0.9,""vitamin_a"":50.0,""vitamin_b1"":0.07,""vitamin_b12"":0.0,""vitamin_b2"":0.03,""vitamin_b3"":0.3,""vitamin_b5"":0.187,""vitamin_b6"":0.19,""vitamin_b9"":80.0,""vitamin_c"":31.0,""vitamin_d"":0.0,""vitamin_e"":0.17,""vitamin_k"":68.8,""zink"":0.27}"
168516;Wirsing;Cabbage, savoy, cooked, boiled, drained, with salt;;;24;1.8;5.41;0;0.09;0.012;2.8;0.65;"{""calcium"":30.0,""eisen"":0.38,""kalium"":184.0,""kupfer"":0.052,""magnesium"":24.0,""mangan"":0.152,""natrium"":260.0,""phosphor"":33.0,""selen"":0.7,""vitamin_a"":44.0,""vitamin_b1"":0.051,""vitamin_b12"":0.0,""vitamin_b2"":0.02,""vitamin_b3"":0.024,""vitamin_b5"":0.159,""vitamin_b6"":0.152,""vitamin_b9"":46.0,""vitamin_c"":17.0,""vitamin_d"":0.0,""zink"":0.23}"
169979;Chinakohl;Cabbage, chinese (pe-tsai), raw;;;16;1.2;3.23;1.41;0.2;0.043;1.2;0.023;"{""calcium"":77.0,""eisen"":0.31,""kalium"":238.0,""kupfer"":0.036,""magnesium"":13.0,""mangan"":0.19,""natrium"":9.0,""phosphor"":29.0,""selen"":0.6,""vitamin_a"":16.0,""vitamin_b1"":0.04,""vitamin_b12"":0.0,""vitamin_b2"":0.05,""vitamin_b3"":0.4,""vitamin_b5"":0.105,""vitamin_b6"":0.232,""vitamin_b9"":79.0,""vitamin_c"":27.0,""vitamin_d"":0.0,""vitamin_e"":0.12,""vitamin_k"":42.9,""zink"":0.23}"
170390;Pak Choi;Cabbage, chinese (pak-choi), raw;;;13;1.5;2.18;1.18;0.2;0.027;1;0.163;"{""calcium"":105.0,""eisen"":0.8,""kalium"":252.0,""kupfer"":0.021,""magnesium"":19.0,""mangan"":0.159,""natrium"":65.0,""phosphor"":37.0,""selen"":0.5,""vitamin_a"":223.0,""vitamin_b1"":0.04,""vitamin_b12"":0.0,""vitamin_b2"":0.07,""vitamin_b3"":0.5,""vitamin_b5"":0.088,""vitamin_b6"":0.194,""vitamin_b9"":66.0,""vitamin_c"":45.0,""vitamin_d"":0.0,""vitamin_e"":0.09,""vitamin_k"":45.5,""zink"":0.19}"
168424;Kohlrabi;Kohlrabi, raw;;;27;1.7;6.2;2.6;0.1;0.013;3.6;0.05;"{""calcium"":24.0,""eisen"":0.4,""kalium"":350.0,""kupfer"":0.129,""magnesium"":19.0,""mangan"":0.139,""natrium"":20.0,""phosphor"":46.0,""selen"":0.7,""vitamin_a"":2.0,""vitamin_b1"":0.05,""vitamin_b12"":0.0,""vitamin_b2"":0.02,""vitamin_b3"":0.4,""vitamin_b5"":0.165,""vitamin_b6"":0.15,""vitamin_b9"":16.0,""vitamin_c"":62.0,""vitamin_d"":0.0,""vitamin_e"":0.48,""vitamin_k"":0.1,""zink"":0.03}"
168421;Grünkohl;Kale, raw;;;35;2.92;4.42;0.99;1.49;0.178;4.1;0.133;"{""calcium"":254.0,""eisen"":1.6,""kalium"":348.0,""kupfer"":0.053,""magnesium"":33.0,""mangan"":0.92,""natrium"":53.0,""phosphor"":55.0,""selen"":0.9,""vitamin_a"":241.0,""vitamin_b1"":0.113,""vitamin_b12"":0.0,""vitamin_b2"":0.347,""vitamin_b3"":1.18,""vitamin_b5"":0.37,""vitamin_b6"":0.147,""vitamin_b9"":62.0,""vitamin_c"":93.4,""vitamin_d"":0.0,""vitamin_e"":0.66,""vitamin_k"":389.6,""zink"":0.39}"
169991;Mangold;Chard, swiss, raw;;;19;1.8;3.74;1.1;0.2;0.03;1.6;0.533;"{""calcium"":51.0,""eisen"":1.8,""kalium"":379.0,""kupfer"":0.179,""magnesium"":81.0,""mangan"":0.366,""natrium"":213.0,""phosphor"":46.0,""selen"":0.9,""vitamin_a"":306.0,""vitamin_b1"":0.04,""vitamin_b12"":0.0,""vitamin_b2"":0.09,""vitamin_b3"":0.4,""vitamin_b5"":0.172,""vitamin_b6"":0.099,""vitamin_b9"":14.0,""vitamin_c"":30.0,""vitamin_d"":0.0,""vitamin_e"":1.89,""vitamin_k"":830.0,""zink"":0.36}"
168462;Spinat;Spinach, raw;;;23;2.86;3.63;0.42;0.39;0.063;2.2;0.198;"{""calcium"":99.0,""eisen"":2.71,""kalium"":558.0,""kupfer"":0.13,""magnesium"":79.0,""mangan"":0.897,""natrium"":79.0,""phosphor"":49.0,""selen"":1.0,""vitamin_a"":469.0,""vitamin_b1"":0.078,""vitamin_b12"":0.0,""vitamin_b2"":0.189,""vitamin_b3"":0.724,""vitamin_b5"":0.065,""vitamin_b6"":0.195,""vitamin_b9"":194.0,""vitamin_c"":28.1,""vitamin_d"":0.0,""vitamin_e"":2.03,""vitamin_k"":482.9,""zink"":0.53}"
169228;Aubergine;Eggplant, raw;;;25;0.98;5.88;3.53;0.18;0.034;3;0.005;"{""calcium"":9.0,""eisen"":0.23,""kalium"":229.0,""kupfer"":0.081,""magnesium"":14.0,""mangan"":0.232,""natrium"":2.0,""phosphor"":24.0,""selen"":0.3,""vitamin_a"":1.0,""vitamin_b1"":0.039,""vitamin_b12"":0.0,""vitamin_b2"":0.037,""vitamin_b3"":0.649,""vitamin_b5"":0.281,""vitamin_b6"":0.084,""vitamin_b9"":22.0,""vitamin_c"":2.2,""vitamin_d"":0.0,""vitamin_e"":0.3,""vitamin_k"":3.5,""zink"":0.16}"
168471;Zucchini;Squash, summer, zucchini, italian style, canned;;;29;1.03;6.85;0;0.11;0.023;0;0.935;"{""calcium"":17.0,""eisen"":0.68,""kalium"":274.0,""kupfer"":0.098,""magnesium"":14.0,""mangan"":0.24,""natrium"":374.0,""phosphor"":29.0,""selen"":0.4,""vitamin_a"":27.0,""vitamin_b1"":0.042,""vitamin_b12"":0.0,""vitamin_b2"":0.04,""vitamin_b3"":0.528,""vitamin_b5"":0.274,""vitamin_b6"":0.152,""vitamin_b9"":30.0,""vitamin_c"":2.3,""vitamin_d"":0.0,""zink"":0.26}"
168464;Gurkenkürbis;Squash, summer, crookneck and straightneck, raw;;;19;1.01;3.88;2.88;0.27;0.093;1;0.005;"{""calcium"":21.0,""eisen"":0.44,""kalium"":222.0,""kupfer"":0.092,""magnesium"":20.0,""mangan"":0.172,""natrium"":2.0,""phosphor"":32.0,""selen"":0.2,""vitamin_a"":8.0,""vitamin_b1"":0.051,""vitamin_b12"":0.0,""vitamin_b2"":0.041,""vitamin_b3"":0.448,""vitamin_b5"":0.16,""vitamin_b6"":0.104,""vitamin_b9"":19.0,""vitamin_c"":19.3,""vitamin_d"":0.0,""vitamin_e"":0.13,""vitamin_k"":3.2,""zink"":0.29}"
168475;Kürbis Hokkaido;Squash, winter, hubbard, raw;;;40;2;8.7;3.95;0.5;0.103;3.9;0.018;"{""calcium"":14.0,""eisen"":0.4,""kalium"":320.0,""kupfer"":0.064,""magnesium"":19.0,""mangan"":0.179,""natrium"":7.0,""phosphor"":21.0,""selen"":0.5,""vitamin_a"":68.0,""vitamin_b1"":0.07,""vitamin_b12"":0.0,""vitamin_b2"":0.04,""vitamin_b3"":0.5,""vitamin_b5"":0.4,""vitamin_b6"":0.154,""vitamin_b9"":16.0,""vitamin_c"":11.0,""vitamin_d"":0.0,""vitamin_e"":0.16,""vitamin_k"":1.3,""zink"":0.13}"
169295;Kürbis Butternut;Squash, winter, butternut, raw;;;45;1;11.69;2.2;0.1;0.021;2;0.01;"{""calcium"":48.0,""eisen"":0.7,""kalium"":352.0,""kupfer"":0.072,""magnesium"":34.0,""mangan"":0.202,""natrium"":4.0,""phosphor"":33.0,""selen"":0.5,""vitamin_a"":532.0,""vitamin_b1"":0.1,""vitamin_b12"":0.0,""vitamin_b2"":0.02,""vitamin_b3"":1.2,""vitamin_b5"":0.4,""vitamin_b6"":0.154,""vitamin_b9"":27.0,""vitamin_c"":21.0,""vitamin_d"":0.0,""vitamin_e"":1.44,""vitamin_k"":1.1,""zink"":0.15}"
168482;Süßkartoffel;Sweet potato, raw, unprepared (Includes foods for USDA's Food Distribution Program);;;86;1.57;20.12;4.18;0.05;0.018;3;0.138;"{""calcium"":30.0,""eisen"":0.61,""kalium"":337.0,""kupfer"":0.151,""magnesium"":25.0,""mangan"":0.258,""natrium"":55.0,""phosphor"":47.0,""selen"":0.6,""vitamin_a"":709.0,""vitamin_b1"":0.078,""vitamin_b12"":0.0,""vitamin_b2"":0.061,""vitamin_b3"":0.557,""vitamin_b5"":0.8,""vitamin_b6"":0.209,""vitamin_b9"":11.0,""vitamin_c"":2.4,""vitamin_d"":0.0,""vitamin_e"":0.26,""vitamin_k"":1.8,""zink"":0.3}"
170032;Kartoffel;Potatoes, raw, skin;;;58;2.57;12.44;0;0.1;0.026;2.5;0.025;"{""calcium"":30.0,""eisen"":3.24,""kalium"":413.0,""kupfer"":0.423,""magnesium"":23.0,""mangan"":0.602,""natrium"":10.0,""phosphor"":38.0,""selen"":0.3,""vitamin_a"":0.0,""vitamin_b1"":0.021,""vitamin_b12"":0.0,""vitamin_b2"":0.038,""vitamin_b3"":1.033,""vitamin_b5"":0.302,""vitamin_b6"":0.239,""vitamin_b9"":17.0,""vitamin_c"":11.4,""vitamin_d"":0.0,""zink"":0.35}"
170036;Kartoffel festkochend;Potatoes, hash brown, home-prepared;;;265;3;35.11;1.49;12.52;1.883;3.2;0.855;"{""calcium"":14.0,""eisen"":0.55,""kalium"":576.0,""kupfer"":0.293,""magnesium"":35.0,""mangan"":0.247,""natrium"":342.0,""phosphor"":70.0,""selen"":0.5,""vitamin_a"":0.0,""vitamin_b1"":0.172,""vitamin_b12"":0.0,""vitamin_b2"":0.033,""vitamin_b3"":2.302,""vitamin_b5"":0.893,""vitamin_b6"":0.472,""vitamin_b9"":16.0,""vitamin_c"":13.0,""vitamin_d"":0.0,""vitamin_e"":0.01,""vitamin_k"":3.7,""zink"":0.47}"
170417;Pastinake;Parsnips, raw;;;75;1.2;17.99;4.8;0.3;0.05;4.9;0.025;"{""calcium"":36.0,""eisen"":0.59,""kalium"":375.0,""kupfer"":0.12,""magnesium"":29.0,""mangan"":0.56,""natrium"":10.0,""phosphor"":71.0,""selen"":1.8,""vitamin_a"":0.0,""vitamin_b1"":0.09,""vitamin_b12"":0.0,""vitamin_b2"":0.05,""vitamin_b3"":0.7,""vitamin_b5"":0.6,""vitamin_b6"":0.09,""vitamin_b9"":67.0,""vitamin_c"":17.0,""vitamin_d"":0.0,""vitamin_e"":1.49,""vitamin_k"":22.5,""zink"":0.59}"
169145;Rote Bete;Beets, raw;;;43;1.61;9.56;6.76;0.17;0.027;2.8;0.195;"{""calcium"":16.0,""eisen"":0.8,""kalium"":325.0,""kupfer"":0.075,""magnesium"":23.0,""mangan"":0.329,""natrium"":78.0,""phosphor"":40.0,""selen"":0.7,""vitamin_a"":2.0,""vitamin_b1"":0.031,""vitamin_b12"":0.0,""vitamin_b2"":0.04,""vitamin_b3"":0.334,""vitamin_b5"":0.155,""vitamin_b6"":0.067,""vitamin_b9"":109.0,""vitamin_c"":4.9,""vitamin_d"":0.0,""vitamin_e"":0.04,""vitamin_k"":0.2,""zink"":0.35}"
170400;Sellerieknolle;Celeriac, raw;;;42;1.5;9.2;1.6;0.3;0.079;1.8;0.25;"{""calcium"":43.0,""eisen"":0.7,""kalium"":300.0,""kupfer"":0.07,""magnesium"":20.0,""mangan"":0.158,""natrium"":100.0,""phosphor"":115.0,""selen"":0.7,""vitamin_a"":0.0,""vitamin_b1"":0.05,""vitamin_b12"":0.0,""vitamin_b2"":0.06,""vitamin_b3"":0.7,""vitamin_b5"":0.352,""vitamin_b6"":0.165,""vitamin_b9"":8.0,""vitamin_c"":8.0,""vitamin_d"":0.0,""vitamin_e"":0.36,""vitamin_k"":41.0,""zink"":0.33}"
169988;Staudensellerie;Celery, raw;;;14;0.69;2.97;1.34;0.17;0.042;1.6;0.2;"{""calcium"":40.0,""eisen"":0.2,""kalium"":260.0,""kupfer"":0.035,""magnesium"":11.0,""mangan"":0.103,""natrium"":80.0,""phosphor"":24.0,""selen"":0.4,""vitamin_a"":22.0,""vitamin_b1"":0.021,""vitamin_b12"":0.0,""vitamin_b2"":0.057,""vitamin_b3"":0.32,""vitamin_b5"":0.246,""vitamin_b6"":0.074,""vitamin_b9"":36.0,""vitamin_c"":3.1,""vitamin_d"":0.0,""vitamin_e"":0.27,""vitamin_k"":29.3,""zink"":0.13}"
168389;Spargel grün;Asparagus, raw;;;20;2.2;3.88;1.88;0.12;0.04;2.1;0.005;"{""calcium"":24.0,""eisen"":2.14,""kalium"":202.0,""kupfer"":0.189,""magnesium"":14.0,""mangan"":0.158,""natrium"":2.0,""phosphor"":52.0,""selen"":2.3,""vitamin_a"":38.0,""vitamin_b1"":0.143,""vitamin_b12"":0.0,""vitamin_b2"":0.141,""vitamin_b3"":0.978,""vitamin_b5"":0.274,""vitamin_b6"":0.091,""vitamin_b9"":52.0,""vitamin_c"":5.6,""vitamin_d"":0.0,""vitamin_e"":1.13,""vitamin_k"":41.6,""zink"":0.54}"
168390;Spargel weiß;Asparagus, cooked, boiled, drained;;;22;2.4;4.11;1.3;0.22;0.048;2;0.035;"{""calcium"":23.0,""eisen"":0.91,""kalium"":224.0,""kupfer"":0.165,""magnesium"":14.0,""mangan"":0.154,""natrium"":14.0,""phosphor"":54.0,""selen"":6.1,""vitamin_a"":50.0,""vitamin_b1"":0.162,""vitamin_b12"":0.0,""vitamin_b2"":0.139,""vitamin_b3"":1.084,""vitamin_b5"":0.225,""vitamin_b6"":0.079,""vitamin_b9"":149.0,""vitamin_c"":7.7,""vitamin_d"":0.0,""vitamin_e"":1.5,""vitamin_k"":50.6,""zink"":0.6}"
169205;Artischocke;Artichokes, (globe or french), raw;;;47;3.27;10.51;0.99;0.15;0.036;5.4;0.235;"{""calcium"":44.0,""eisen"":1.28,""kalium"":370.0,""kupfer"":0.231,""magnesium"":60.0,""mangan"":0.256,""natrium"":94.0,""phosphor"":90.0,""selen"":0.2,""vitamin_a"":1.0,""vitamin_b1"":0.072,""vitamin_b12"":0.0,""vitamin_b2"":0.066,""vitamin_b3"":1.046,""vitamin_b5"":0.338,""vitamin_b6"":0.116,""vitamin_b9"":68.0,""vitamin_c"":11.7,""vitamin_d"":0.0,""vitamin_e"":0.19,""vitamin_k"":14.8,""zink"":0.49}"
169385;Fenchel;Fennel, bulb, raw;;;31;1.24;7.3;3.93;0.2;0.09;3.1;0.13;"{""calcium"":49.0,""eisen"":0.73,""kalium"":414.0,""kupfer"":0.066,""magnesium"":17.0,""mangan"":0.191,""natrium"":52.0,""phosphor"":50.0,""selen"":0.7,""vitamin_a"":48.0,""vitamin_b1"":0.01,""vitamin_b12"":0.0,""vitamin_b2"":0.032,""vitamin_b3"":0.64,""vitamin_b5"":0.232,""vitamin_b6"":0.047,""vitamin_b9"":27.0,""vitamin_c"":12.0,""vitamin_d"":0.0,""vitamin_e"":0.58,""vitamin_k"":62.8,""zink"":0.2}"
169998;Mais;Corn, sweet, yellow, raw;;;86;3.27;18.7;6.26;1.35;0.325;2;0.038;"{""calcium"":2.0,""eisen"":0.52,""kalium"":270.0,""kupfer"":0.054,""magnesium"":37.0,""mangan"":0.163,""natrium"":15.0,""phosphor"":89.0,""selen"":0.6,""vitamin_a"":9.0,""vitamin_b1"":0.155,""vitamin_b12"":0.0,""vitamin_b2"":0.055,""vitamin_b3"":1.77,""vitamin_b5"":0.717,""vitamin_b6"":0.093,""vitamin_b9"":42.0,""vitamin_c"":6.8,""vitamin_d"":0.0,""vitamin_e"":0.07,""vitamin_k"":0.3,""zink"":0.46}"
170419;Erbsen grün;Peas, green, raw;;;81;5.42;14.45;5.67;0.4;0.071;5.7;0.013;"{""calcium"":25.0,""eisen"":1.47,""kalium"":244.0,""kupfer"":0.176,""magnesium"":33.0,""mangan"":0.41,""natrium"":5.0,""phosphor"":108.0,""selen"":1.8,""vitamin_a"":38.0,""vitamin_b1"":0.266,""vitamin_b12"":0.0,""vitamin_b2"":0.132,""vitamin_b3"":2.09,""vitamin_b5"":0.104,""vitamin_b6"":0.169,""vitamin_b9"":65.0,""vitamin_c"":40.0,""vitamin_d"":0.0,""vitamin_e"":0.13,""vitamin_k"":24.8,""zink"":1.24}"
170010;Zuckerschote;Peas, edible-podded, raw;;;42;2.8;7.55;4;0.2;0.039;2.6;0.01;"{""calcium"":43.0,""eisen"":2.08,""kalium"":200.0,""kupfer"":0.079,""magnesium"":24.0,""mangan"":0.244,""natrium"":4.0,""phosphor"":53.0,""selen"":0.7,""vitamin_a"":54.0,""vitamin_b1"":0.15,""vitamin_b12"":0.0,""vitamin_b2"":0.08,""vitamin_b3"":0.6,""vitamin_b5"":0.75,""vitamin_b6"":0.16,""vitamin_b9"":42.0,""vitamin_c"":60.0,""vitamin_d"":0.0,""vitamin_e"":0.39,""vitamin_k"":25.0,""zink"":0.27}"
169961;Grüne Bohne;Beans, snap, green, raw;;;31;1.83;6.97;3.26;0.22;0.05;2.7;0.015;"{""calcium"":37.0,""eisen"":1.03,""kalium"":211.0,""kupfer"":0.069,""magnesium"":25.0,""mangan"":0.216,""natrium"":6.0,""phosphor"":38.0,""selen"":0.6,""vitamin_a"":35.0,""vitamin_b1"":0.082,""vitamin_b12"":0.0,""vitamin_b2"":0.104,""vitamin_b3"":0.734,""vitamin_b5"":0.225,""vitamin_b6"":0.141,""vitamin_b9"":33.0,""vitamin_c"":12.2,""vitamin_d"":0.0,""vitamin_e"":0.41,""vitamin_k"":43.0,""zink"":0.24}"
169320;Wachsbohne;Beans, snap, yellow, raw;;;31;1.82;7.13;3.27;0.12;0.026;3.4;0.015;"{""calcium"":37.0,""eisen"":1.04,""kalium"":209.0,""kupfer"":0.069,""magnesium"":25.0,""mangan"":0.214,""natrium"":6.0,""phosphor"":38.0,""selen"":0.6,""vitamin_b1"":0.084,""vitamin_b12"":0.0,""vitamin_b2"":0.105,""vitamin_b3"":0.752,""vitamin_b5"":0.094,""vitamin_b6"":0.074,""vitamin_b9"":37.0,""vitamin_c"":16.3,""vitamin_d"":0.0,""vitamin_e"":0.41,""vitamin_k"":43.2,""zink"":0.24}"
170377;Saubohne;Broadbeans, immature seeds, raw;;;72;5.6;11.7;0;0.6;0.138;4.2;0.125;"{""calcium"":22.0,""eisen"":1.9,""kalium"":250.0,""kupfer"":0.074,""magnesium"":38.0,""mangan"":0.32,""natrium"":50.0,""phosphor"":95.0,""selen"":1.2,""vitamin_a"":18.0,""vitamin_b1"":0.17,""vitamin_b12"":0.0,""vitamin_b2"":0.11,""vitamin_b3"":1.5,""vitamin_b5"":0.086,""vitamin_b6"":0.038,""vitamin_b9"":96.0,""vitamin_c"":33.0,""vitamin_d"":0.0,""zink"":0.58}"
169260;Okra;Okra, raw;;;33;1.93;7.45;1.48;0.19;0.026;3.2;0.018;"{""calcium"":82.0,""eisen"":0.62,""kalium"":299.0,""kupfer"":0.109,""magnesium"":57.0,""mangan"":0.788,""natrium"":7.0,""phosphor"":61.0,""selen"":0.7,""vitamin_a"":36.0,""vitamin_b1"":0.2,""vitamin_b12"":0.0,""vitamin_b2"":0.06,""vitamin_b3"":1.0,""vitamin_b5"":0.245,""vitamin_b6"":0.215,""vitamin_b9"":60.0,""vitamin_c"":23.0,""vitamin_d"":0.0,""vitamin_e"":0.27,""vitamin_k"":31.3,""zink"":0.58}"
169276;Radieschen;Radishes, raw;;;16;0.68;3.4;1.86;0.1;0.032;1.6;0.098;"{""calcium"":25.0,""eisen"":0.34,""kalium"":233.0,""kupfer"":0.05,""magnesium"":10.0,""mangan"":0.069,""natrium"":39.0,""phosphor"":20.0,""selen"":0.6,""vitamin_a"":0.0,""vitamin_b1"":0.012,""vitamin_b12"":0.0,""vitamin_b2"":0.039,""vitamin_b3"":0.254,""vitamin_b5"":0.165,""vitamin_b6"":0.071,""vitamin_b9"":25.0,""vitamin_c"":14.8,""vitamin_d"":0.0,""vitamin_e"":0.0,""vitamin_k"":1.3,""zink"":0.28}"
168453;Rettich;Radishes, oriental, dried;;;271;7.9;63.37;37.32;0.72;0.218;23.9;0.695;"{""calcium"":629.0,""eisen"":6.73,""kalium"":3494.0,""kupfer"":1.631,""magnesium"":170.0,""mangan"":0.539,""natrium"":278.0,""phosphor"":204.0,""selen"":0.7,""vitamin_a"":0.0,""vitamin_b1"":0.27,""vitamin_b12"":0.0,""vitamin_b2"":0.68,""vitamin_b3"":3.4,""vitamin_b5"":1.854,""vitamin_b6"":0.618,""vitamin_b9"":295.0,""vitamin_c"":0.0,""vitamin_d"":0.0,""vitamin_e"":0.01,""vitamin_k"":4.5,""zink"":2.13}"
168454;Steckrübe;Rutabagas, raw;;;37;1.08;8.62;4.46;0.16;0.027;2.3;0.03;"{""calcium"":43.0,""eisen"":0.44,""kalium"":305.0,""kupfer"":0.032,""magnesium"":20.0,""mangan"":0.131,""natrium"":12.0,""phosphor"":53.0,""selen"":0.7,""vitamin_a"":0.0,""vitamin_b1"":0.09,""vitamin_b12"":0.0,""vitamin_b2"":0.04,""vitamin_b3"":0.7,""vitamin_b5"":0.16,""vitamin_b6"":0.1,""vitamin_b9"":21.0,""vitamin_c"":25.0,""vitamin_d"":0.0,""vitamin_e"":0.3,""vitamin_k"":0.3,""zink"":0.24}"
169236;Topinambur;Jerusalem-artichokes, raw;;;73;2;17.44;9.6;0.01;0;1.6;0.01;"{""calcium"":14.0,""eisen"":3.4,""kalium"":429.0,""kupfer"":0.14,""magnesium"":17.0,""mangan"":0.06,""natrium"":4.0,""phosphor"":78.0,""selen"":0.7,""vitamin_a"":1.0,""vitamin_b1"":0.2,""vitamin_b12"":0.0,""vitamin_b2"":0.06,""vitamin_b3"":1.3,""vitamin_b5"":0.397,""vitamin_b6"":0.077,""vitamin_b9"":13.0,""vitamin_c"":4.0,""vitamin_d"":0.0,""vitamin_e"":0.19,""vitamin_k"":0.1,""zink"":0.12}"
170465;Rote Rübe;Turnips, raw;;;28;0.9;6.43;3.8;0.1;0.011;1.8;0.168;"{""calcium"":30.0,""eisen"":0.3,""kalium"":191.0,""kupfer"":0.085,""magnesium"":11.0,""mangan"":0.134,""natrium"":67.0,""phosphor"":27.0,""selen"":0.7,""vitamin_a"":0.0,""vitamin_b1"":0.04,""vitamin_b12"":0.0,""vitamin_b2"":0.03,""vitamin_b3"":0.4,""vitamin_b5"":0.2,""vitamin_b6"":0.09,""vitamin_b9"":15.0,""vitamin_c"":21.0,""vitamin_d"":0.0,""vitamin_e"":0.03,""vitamin_k"":0.1,""zink"":0.27}"
169231;Ingwer;Ginger root, raw;;;80;1.82;17.77;1.7;0.75;0.203;2;0.033;"{""calcium"":16.0,""eisen"":0.6,""kalium"":415.0,""kupfer"":0.226,""magnesium"":43.0,""mangan"":0.229,""natrium"":13.0,""phosphor"":34.0,""selen"":0.7,""vitamin_a"":0.0,""vitamin_b1"":0.025,""vitamin_b12"":0.0,""vitamin_b2"":0.034,""vitamin_b3"":0.75,""vitamin_b5"":0.203,""vitamin_b6"":0.16,""vitamin_b9"":11.0,""vitamin_c"":5.0,""vitamin_d"":0.0,""vitamin_e"":0.26,""vitamin_k"":0.1,""zink"":0.34}"
169203;Kurkuma Wurzel;Arrowhead, raw;;;99;5.33;20.23;0;0.29;0;0;0.055;"{""calcium"":10.0,""eisen"":2.57,""kalium"":922.0,""kupfer"":0.171,""magnesium"":51.0,""mangan"":0.36,""natrium"":22.0,""phosphor"":174.0,""selen"":0.7,""vitamin_a"":0.0,""vitamin_b1"":0.17,""vitamin_b12"":0.0,""vitamin_b2"":0.073,""vitamin_b3"":1.65,""vitamin_b5"":0.599,""vitamin_b6"":0.26,""vitamin_b9"":14.0,""vitamin_c"":1.1,""vitamin_d"":0.0,""zink"":0.28}"
173472;Meerrettich;Horseradish, prepared;;;48;1.18;11.29;7.99;0.69;0.09;3.3;1.05;"{""calcium"":56.0,""eisen"":0.42,""kalium"":246.0,""kupfer"":0.058,""magnesium"":27.0,""mangan"":0.126,""natrium"":420.0,""phosphor"":31.0,""selen"":2.8,""vitamin_a"":0.0,""vitamin_b1"":0.008,""vitamin_b12"":0.0,""vitamin_b2"":0.024,""vitamin_b3"":0.386,""vitamin_b5"":0.093,""vitamin_b6"":0.073,""vitamin_b9"":57.0,""vitamin_c"":24.9,""vitamin_d"":0.0,""vitamin_e"":0.01,""vitamin_k"":1.3,""zink"":0.83}"
169985;Maniok;Cassava, raw;;;160;1.36;38.06;1.7;0.28;0.074;1.8;0.035;"{""calcium"":16.0,""eisen"":0.27,""kalium"":271.0,""kupfer"":0.1,""magnesium"":21.0,""mangan"":0.384,""natrium"":14.0,""phosphor"":27.0,""selen"":0.7,""vitamin_a"":1.0,""vitamin_b1"":0.087,""vitamin_b12"":0.0,""vitamin_b2"":0.048,""vitamin_b3"":0.854,""vitamin_b5"":0.107,""vitamin_b6"":0.088,""vitamin_b9"":27.0,""vitamin_c"":20.6,""vitamin_d"":0.0,""vitamin_e"":0.19,""vitamin_k"":1.9,""zink"":0.34}"
170071;Yamswurzel;Yam, raw;;;118;1.53;27.88;0.5;0.17;0.037;4.1;0.023;"{""calcium"":17.0,""eisen"":0.54,""kalium"":816.0,""kupfer"":0.178,""magnesium"":21.0,""mangan"":0.397,""natrium"":9.0,""phosphor"":55.0,""selen"":0.7,""vitamin_a"":7.0,""vitamin_b1"":0.112,""vitamin_b12"":0.0,""vitamin_b2"":0.032,""vitamin_b3"":0.552,""vitamin_b5"":0.314,""vitamin_b6"":0.293,""vitamin_b9"":23.0,""vitamin_c"":17.1,""vitamin_d"":0.0,""vitamin_e"":0.35,""vitamin_k"":2.3,""zink"":0.24}"
170068;Wasserkresse;Watercress, raw;;;11;2.3;1.29;0.2;0.1;0.027;0.5;0.103;"{""calcium"":120.0,""eisen"":0.2,""kalium"":330.0,""kupfer"":0.077,""magnesium"":21.0,""mangan"":0.244,""natrium"":41.0,""phosphor"":60.0,""selen"":0.9,""vitamin_a"":160.0,""vitamin_b1"":0.09,""vitamin_b12"":0.0,""vitamin_b2"":0.12,""vitamin_b3"":0.2,""vitamin_b5"":0.31,""vitamin_b6"":0.129,""vitamin_b9"":9.0,""vitamin_c"":43.0,""vitamin_d"":0.0,""vitamin_e"":1.0,""vitamin_k"":250.0,""zink"":0.11}"
169210;Bambussprossen;Bamboo shoots, raw;;;27;2.6;5.2;3;0.3;0.069;2.2;0.01;"{""calcium"":13.0,""eisen"":0.5,""kalium"":533.0,""kupfer"":0.19,""magnesium"":3.0,""mangan"":0.262,""natrium"":4.0,""phosphor"":59.0,""selen"":0.8,""vitamin_a"":1.0,""vitamin_b1"":0.15,""vitamin_b12"":0.0,""vitamin_b2"":0.07,""vitamin_b3"":0.6,""vitamin_b5"":0.161,""vitamin_b6"":0.24,""vitamin_b9"":7.0,""vitamin_c"":4.0,""vitamin_d"":0.0,""vitamin_e"":1.0,""vitamin_k"":0.0,""zink"":1.1}"
169279;Sauerkraut;Sauerkraut, canned, solids and liquids;;;19;0.91;4.28;1.78;0.14;0.034;2.9;1.653;"{""calcium"":30.0,""eisen"":1.47,""kalium"":170.0,""kupfer"":0.096,""magnesium"":13.0,""mangan"":0.151,""natrium"":661.0,""phosphor"":20.0,""selen"":0.6,""vitamin_a"":1.0,""vitamin_b1"":0.021,""vitamin_b12"":0.0,""vitamin_b2"":0.022,""vitamin_b3"":0.143,""vitamin_b5"":0.093,""vitamin_b6"":0.13,""vitamin_b9"":24.0,""vitamin_c"":14.7,""vitamin_d"":0.0,""vitamin_e"":0.14,""vitamin_k"":13.0,""zink"":0.19}"
169096;Oliven grün;Olives, pickled, canned or bottled, green;;;145;1.03;3.84;0.54;15.32;2.029;3.3;3.89;"{""calcium"":52.0,""eisen"":0.49,""kalium"":42.0,""kupfer"":0.12,""magnesium"":11.0,""natrium"":1556.0,""phosphor"":4.0,""selen"":0.9,""vitamin_a"":20.0,""vitamin_b1"":0.021,""vitamin_b12"":0.0,""vitamin_b2"":0.007,""vitamin_b3"":0.237,""vitamin_b5"":0.023,""vitamin_b6"":0.031,""vitamin_b9"":3.0,""vitamin_c"":0.0,""vitamin_d"":0.0,""vitamin_e"":3.81,""vitamin_k"":1.4,""zink"":0.04}"
169095;Oliven schwarz;Olives, ripe, canned (jumbo-super colossal);;;81;0.97;5.61;0;6.87;0.909;2.5;1.838;"{""calcium"":94.0,""eisen"":3.32,""kalium"":9.0,""kupfer"":0.226,""magnesium"":4.0,""mangan"":0.02,""natrium"":735.0,""phosphor"":3.0,""selen"":0.9,""vitamin_a"":17.0,""vitamin_b1"":0.003,""vitamin_b12"":0.0,""vitamin_b2"":0.0,""vitamin_b3"":0.022,""vitamin_b5"":0.015,""vitamin_b6"":0.012,""vitamin_b9"":0.0,""vitamin_c"":1.5,""vitamin_d"":0.0,""vitamin_e"":1.65,""vitamin_k"":1.4,""zink"":0.22}"
169280;Algen Nori;Seaweed, agar, raw;;;26;0.54;6.75;0.28;0.03;0.006;0.5;0.023;"{""calcium"":54.0,""eisen"":1.86,""kalium"":226.0,""kupfer"":0.061,""magnesium"":67.0,""mangan"":0.373,""natrium"":9.0,""phosphor"":5.0,""selen"":0.7,""vitamin_a"":0.0,""vitamin_b1"":0.005,""vitamin_b12"":0.0,""vitamin_b2"":0.022,""vitamin_b3"":0.055,""vitamin_b5"":0.302,""vitamin_b6"":0.032,""vitamin_b9"":85.0,""vitamin_c"":0.0,""vitamin_d"":0.0,""vitamin_e"":0.87,""vitamin_k"":2.3,""zink"":0.58}"
170496;Algen Wakame;Seaweed, wakame, raw;;;45;3.03;9.14;0.65;0.64;0.13;0.5;2.18;"{""calcium"":150.0,""eisen"":2.18,""kalium"":50.0,""kupfer"":0.284,""magnesium"":107.0,""mangan"":1.4,""natrium"":872.0,""phosphor"":80.0,""selen"":0.7,""vitamin_a"":18.0,""vitamin_b1"":0.06,""vitamin_b12"":0.0,""vitamin_b2"":0.23,""vitamin_b3"":1.6,""vitamin_b5"":0.697,""vitamin_b6"":0.002,""vitamin_b9"":196.0,""vitamin_c"":3.0,""vitamin_d"":0.0,""vitamin_e"":1.0,""vitamin_k"":5.3,""zink"":0.38}"
169251;Champignon weiß;Mushrooms, white, raw;;;22;3.09;3.26;1.98;0.34;0.05;1;0.013;"{""calcium"":3.0,""eisen"":0.5,""kalium"":318.0,""kupfer"":0.318,""magnesium"":9.0,""mangan"":0.047,""natrium"":5.0,""phosphor"":86.0,""selen"":9.3,""vitamin_a"":0.0,""vitamin_b1"":0.081,""vitamin_b12"":0.04,""vitamin_b2"":0.402,""vitamin_b3"":3.607,""vitamin_b5"":1.497,""vitamin_b6"":0.104,""vitamin_b9"":17.0,""vitamin_c"":2.1,""vitamin_d"":0.2,""vitamin_e"":0.01,""vitamin_k"":0.0,""zink"":0.52}"
168434;Champignon braun;Mushrooms, brown, italian, or crimini, raw;;;22;2.5;4.3;1.72;0.1;0.014;0.6;0.015;"{""calcium"":18.0,""eisen"":0.4,""kalium"":448.0,""kupfer"":0.5,""magnesium"":9.0,""mangan"":0.142,""natrium"":6.0,""phosphor"":120.0,""selen"":26.0,""vitamin_a"":0.0,""vitamin_b1"":0.095,""vitamin_b12"":0.1,""vitamin_b2"":0.49,""vitamin_b3"":3.8,""vitamin_b5"":1.5,""vitamin_b6"":0.11,""vitamin_b9"":25.0,""vitamin_c"":0.0,""vitamin_d"":0.1,""vitamin_e"":0.01,""vitamin_k"":0.0,""zink"":1.1}"
169255;Portobello;Mushrooms, portabella, raw;;;22;2.11;3.87;2.5;0.35;0.01;1.3;0.023;"{""calcium"":3.0,""eisen"":0.31,""kalium"":364.0,""kupfer"":0.286,""mangan"":0.069,""natrium"":9.0,""phosphor"":108.0,""selen"":18.6,""vitamin_a"":0.0,""vitamin_b1"":0.059,""vitamin_b12"":0.05,""vitamin_b2"":0.13,""vitamin_b3"":4.494,""vitamin_b5"":1.14,""vitamin_b6"":0.148,""vitamin_b9"":28.0,""vitamin_c"":0.0,""vitamin_d"":0.3,""vitamin_e"":0.02,""vitamin_k"":0.0,""zink"":0.53}"
168436;Shiitake;Mushrooms, shiitake, dried;;;296;9.58;75.37;2.21;0.99;0.225;11.5;0.033;"{""calcium"":11.0,""eisen"":1.72,""kalium"":1534.0,""kupfer"":5.165,""magnesium"":132.0,""mangan"":1.176,""natrium"":13.0,""phosphor"":294.0,""selen"":46.1,""vitamin_a"":0.0,""vitamin_b1"":0.3,""vitamin_b12"":0.0,""vitamin_b2"":1.27,""vitamin_b3"":14.1,""vitamin_b5"":21.879,""vitamin_b6"":0.965,""vitamin_b9"":163.0,""vitamin_c"":3.5,""vitamin_d"":3.9,""vitamin_e"":0.0,""vitamin_k"":0.0,""zink"":7.66}"
168580;Austernpilz;Mushrooms, oyster, raw;;;33;3.31;6.09;1.11;0.41;0.062;2.3;0.045;"{""calcium"":3.0,""eisen"":1.33,""kalium"":420.0,""kupfer"":0.244,""magnesium"":18.0,""mangan"":0.113,""natrium"":18.0,""phosphor"":120.0,""selen"":2.6,""vitamin_a"":2.0,""vitamin_b1"":0.125,""vitamin_b12"":0.0,""vitamin_b2"":0.349,""vitamin_b3"":4.956,""vitamin_b5"":1.294,""vitamin_b6"":0.11,""vitamin_b9"":38.0,""vitamin_c"":0.0,""vitamin_d"":0.7,""vitamin_e"":0.0,""vitamin_k"":0.0,""zink"":0.77}"
168422;Pfifferling;Mushrooms, Chanterelle, raw;;;32;1.49;6.86;1.16;0.53;0;3.8;0.023;"{""calcium"":15.0,""eisen"":3.47,""kalium"":506.0,""kupfer"":0.353,""magnesium"":13.0,""mangan"":0.286,""natrium"":9.0,""phosphor"":57.0,""selen"":2.2,""vitamin_b1"":0.015,""vitamin_b2"":0.215,""vitamin_b3"":4.085,""vitamin_b5"":1.075,""vitamin_b6"":0.044,""vitamin_b9"":2.0,""vitamin_d"":5.3,""zink"":0.71}"
169382;Steinpilz;Mushrooms, enoki, raw;;;37;2.66;7.81;0.22;0.29;0.027;2.7;0.008;"{""calcium"":0.0,""eisen"":1.15,""kalium"":359.0,""kupfer"":0.107,""magnesium"":16.0,""mangan"":0.075,""natrium"":3.0,""phosphor"":105.0,""selen"":2.2,""vitamin_b1"":0.225,""vitamin_b12"":0.0,""vitamin_b2"":0.2,""vitamin_b3"":7.032,""vitamin_b5"":1.35,""vitamin_b6"":0.1,""vitamin_b9"":48.0,""vitamin_c"":0.0,""vitamin_d"":0.1,""vitamin_e"":0.01,""vitamin_k"":0.0,""zink"":0.65}"
168423;Morchel;Mushrooms, morel, raw;;;31;3.12;5.1;0.6;0.57;0.065;2.8;0.053;"{""calcium"":43.0,""eisen"":12.18,""kalium"":411.0,""kupfer"":0.625,""magnesium"":19.0,""mangan"":0.587,""natrium"":21.0,""phosphor"":194.0,""selen"":2.2,""vitamin_a"":0.0,""vitamin_b1"":0.069,""vitamin_b2"":0.205,""vitamin_b3"":2.252,""vitamin_b5"":0.44,""vitamin_b6"":0.136,""vitamin_b9"":9.0,""vitamin_d"":5.1,""zink"":2.03}"
169403;Maitake-Pilze roh;Mushrooms, maitake, raw;;;31;1.94;6.97;2.07;0.19;0.03;2.7;0.003;"{""calcium"":1.0,""eisen"":0.3,""kalium"":204.0,""kupfer"":0.252,""magnesium"":10.0,""mangan"":0.059,""natrium"":1.0,""phosphor"":74.0,""selen"":2.2,""vitamin_a"":0.0,""vitamin_b1"":0.146,""vitamin_b12"":0.0,""vitamin_b2"":0.242,""vitamin_b3"":6.585,""vitamin_b5"":0.27,""vitamin_b6"":0.056,""vitamin_b9"":21.0,""vitamin_c"":0.0,""vitamin_d"":28.1,""vitamin_e"":0.01,""vitamin_k"":0.0,""zink"":0.75}"
169243;Portobello-Pilze gegrillt;Mushrooms, portabella, grilled;;;29;3.28;4.44;2.26;0.58;0.064;2.2;0.028;"{""calcium"":3.0,""eisen"":0.4,""kalium"":437.0,""kupfer"":0.389,""magnesium"":13.0,""mangan"":0.067,""natrium"":11.0,""phosphor"":135.0,""selen"":21.9,""vitamin_a"":0.0,""vitamin_b1"":0.072,""vitamin_b12"":0.0,""vitamin_b2"":0.403,""vitamin_b3"":6.255,""vitamin_b5"":1.262,""vitamin_b6"":0.122,""vitamin_b9"":19.0,""vitamin_c"":0.0,""vitamin_d"":0.3,""vitamin_e"":0.0,""vitamin_k"":0.0,""zink"":0.65}"
169580;Trüffel;Candies, truffles, prepared-from-recipe;;;510;6.21;44.88;38.31;33.76;18.488;2.5;0.17;"{""calcium"":157.0,""eisen"":1.75,""kalium"":297.0,""kupfer"":0.366,""magnesium"":48.0,""mangan"":0.351,""natrium"":68.0,""phosphor"":171.0,""selen"":3.4,""vitamin_a"":144.0,""vitamin_b1"":0.087,""vitamin_b12"":0.49,""vitamin_b2"":0.25,""vitamin_b3"":0.299,""vitamin_b5"":0.417,""vitamin_b6"":0.032,""vitamin_b9"":9.0,""vitamin_c"":0.1,""vitamin_e"":1.82,""vitamin_k"":6.0,""zink"":1.55}"
168582;Pilze gemischt;Mushrooms, straw, canned, drained solids;;;32;3.83;4.64;0;0.68;0.089;2.5;0.96;"{""calcium"":10.0,""eisen"":1.43,""kalium"":78.0,""kupfer"":0.133,""magnesium"":7.0,""mangan"":0.098,""natrium"":384.0,""phosphor"":61.0,""selen"":15.2,""vitamin_a"":0.0,""vitamin_b1"":0.013,""vitamin_b12"":0.0,""vitamin_b2"":0.07,""vitamin_b3"":0.224,""vitamin_b5"":0.412,""vitamin_b6"":0.014,""vitamin_b9"":38.0,""vitamin_c"":0.0,""zink"":0.67}"
169248;Eisbergsalat;Lettuce, iceberg (includes crisphead types), raw;;;14;0.9;2.97;1.97;0.14;0.018;1.2;0.025;"{""calcium"":18.0,""eisen"":0.41,""kalium"":141.0,""kupfer"":0.025,""magnesium"":7.0,""mangan"":0.125,""natrium"":10.0,""phosphor"":20.0,""selen"":0.1,""vitamin_a"":25.0,""vitamin_b1"":0.041,""vitamin_b12"":0.0,""vitamin_b2"":0.025,""vitamin_b3"":0.123,""vitamin_b5"":0.091,""vitamin_b6"":0.042,""vitamin_b9"":29.0,""vitamin_c"":2.8,""vitamin_d"":0.0,""vitamin_e"":0.18,""vitamin_k"":24.1,""zink"":0.15}"
168429;Kopfsalat;Lettuce, butterhead (includes boston and bibb types), raw;;;13;1.35;2.23;0.94;0.22;0.029;1.1;0.013;"{""calcium"":35.0,""eisen"":1.24,""kalium"":238.0,""kupfer"":0.016,""magnesium"":13.0,""mangan"":0.179,""natrium"":5.0,""phosphor"":33.0,""selen"":0.6,""vitamin_a"":166.0,""vitamin_b1"":0.057,""vitamin_b12"":0.0,""vitamin_b2"":0.062,""vitamin_b3"":0.357,""vitamin_b5"":0.15,""vitamin_b6"":0.082,""vitamin_b9"":73.0,""vitamin_c"":3.7,""vitamin_d"":0.0,""vitamin_e"":0.18,""vitamin_k"":102.3,""zink"":0.2}"
169247;Römersalat;Lettuce, cos or romaine, raw;;;17;1.23;3.29;1.19;0.3;0.039;2.1;0.02;"{""calcium"":33.0,""eisen"":0.97,""kalium"":247.0,""kupfer"":0.048,""magnesium"":14.0,""mangan"":0.155,""natrium"":8.0,""phosphor"":30.0,""selen"":0.4,""vitamin_a"":436.0,""vitamin_b1"":0.072,""vitamin_b12"":0.0,""vitamin_b2"":0.067,""vitamin_b3"":0.313,""vitamin_b5"":0.142,""vitamin_b6"":0.074,""vitamin_b9"":136.0,""vitamin_c"":4.0,""vitamin_d"":0.0,""vitamin_e"":0.13,""vitamin_k"":102.5,""zink"":0.23}"
2346388;Feldsalat;Lettuce, iceberg, raw;;;14.455;0.743;3.369;0;0.074;0;0;0.04;"{""calcium"":14.24,""eisen"":0.03325,""kalium"":139.3,""kupfer"":0.03335,""magnesium"":6.311,""mangan"":0.08164,""natrium"":16.11,""phosphor"":19.18,""vitamin_b1"":0.05638,""vitamin_b3"":0.2175,""vitamin_b6"":0.04013,""vitamin_k"":20.5,""zink"":0.1728}"
169387;Rucola;Arugula, raw;;;25;2.58;3.65;2.05;0.66;0.086;1.6;0.068;"{""calcium"":160.0,""eisen"":1.46,""kalium"":369.0,""kupfer"":0.076,""magnesium"":47.0,""mangan"":0.321,""natrium"":27.0,""phosphor"":52.0,""selen"":0.3,""vitamin_a"":119.0,""vitamin_b1"":0.044,""vitamin_b12"":0.0,""vitamin_b2"":0.086,""vitamin_b3"":0.305,""vitamin_b5"":0.437,""vitamin_b6"":0.073,""vitamin_b9"":97.0,""vitamin_c"":15.0,""vitamin_d"":0.0,""vitamin_e"":0.43,""vitamin_k"":108.6,""zink"":0.47}"
168412;Endivie;Endive, raw;;;17;1.25;3.35;0.25;0.2;0.048;3.1;0.055;"{""calcium"":52.0,""eisen"":0.83,""kalium"":314.0,""kupfer"":0.099,""magnesium"":15.0,""mangan"":0.42,""natrium"":22.0,""phosphor"":28.0,""selen"":0.2,""vitamin_a"":108.0,""vitamin_b1"":0.08,""vitamin_b12"":0.0,""vitamin_b2"":0.075,""vitamin_b3"":0.4,""vitamin_b5"":0.9,""vitamin_b6"":0.02,""vitamin_b9"":142.0,""vitamin_c"":6.5,""vitamin_d"":0.0,""vitamin_e"":0.44,""vitamin_k"":231.0,""zink"":0.79}"
169992;Chicorée;Chicory greens, raw;;;23;1.7;4.7;0.7;0.3;0.073;4;0.113;"{""calcium"":100.0,""eisen"":0.9,""kalium"":420.0,""kupfer"":0.295,""magnesium"":30.0,""mangan"":0.429,""natrium"":45.0,""phosphor"":47.0,""selen"":0.3,""vitamin_a"":286.0,""vitamin_b1"":0.06,""vitamin_b12"":0.0,""vitamin_b2"":0.1,""vitamin_b3"":0.5,""vitamin_b5"":1.159,""vitamin_b6"":0.105,""vitamin_b9"":110.0,""vitamin_c"":24.0,""vitamin_d"":0.0,""vitamin_e"":2.26,""vitamin_k"":297.6,""zink"":0.42}"
168564;Radicchio;Radicchio, raw;;;23;1.43;4.48;0.6;0.25;0.06;0.9;0.055;"{""calcium"":19.0,""eisen"":0.57,""kalium"":302.0,""kupfer"":0.341,""magnesium"":13.0,""mangan"":0.138,""natrium"":22.0,""phosphor"":40.0,""selen"":0.9,""vitamin_a"":1.0,""vitamin_b1"":0.016,""vitamin_b12"":0.0,""vitamin_b2"":0.028,""vitamin_b3"":0.255,""vitamin_b5"":0.269,""vitamin_b6"":0.057,""vitamin_b9"":60.0,""vitamin_c"":8.0,""vitamin_d"":0.0,""vitamin_e"":2.26,""vitamin_k"":255.2,""zink"":0.62}"
168431;Lollo Rosso;Lettuce, red leaf, raw;;;13;1.33;2.26;0.48;0.22;0.028;0.9;0.063;"{""calcium"":33.0,""eisen"":1.2,""kalium"":187.0,""kupfer"":0.028,""magnesium"":12.0,""mangan"":0.203,""natrium"":25.0,""phosphor"":28.0,""selen"":1.5,""vitamin_a"":375.0,""vitamin_b1"":0.064,""vitamin_b12"":0.0,""vitamin_b2"":0.077,""vitamin_b3"":0.321,""vitamin_b5"":0.144,""vitamin_b6"":0.1,""vitamin_b9"":36.0,""vitamin_c"":3.7,""vitamin_d"":0.0,""vitamin_e"":0.15,""vitamin_k"":140.3,""zink"":0.2}"
169249;Eichblattsalat;Lettuce, green leaf, raw;;;15;1.36;2.87;0.78;0.15;0.02;1.3;0.07;"{""calcium"":36.0,""eisen"":0.86,""kalium"":194.0,""kupfer"":0.029,""magnesium"":13.0,""mangan"":0.25,""natrium"":28.0,""phosphor"":29.0,""selen"":0.6,""vitamin_a"":370.0,""vitamin_b1"":0.07,""vitamin_b12"":0.0,""vitamin_b2"":0.08,""vitamin_b3"":0.375,""vitamin_b5"":0.134,""vitamin_b6"":0.09,""vitamin_b9"":38.0,""vitamin_c"":9.2,""vitamin_d"":0.0,""vitamin_e"":0.22,""vitamin_k"":126.3,""zink"":0.18}"
169993;Frisée;Chicory roots, raw;;;72;1.4;17.51;8.73;0.2;0.048;1.5;0.125;"{""calcium"":41.0,""eisen"":0.8,""kalium"":290.0,""kupfer"":0.077,""magnesium"":22.0,""mangan"":0.233,""natrium"":50.0,""phosphor"":61.0,""selen"":0.7,""vitamin_a"":0.0,""vitamin_b1"":0.04,""vitamin_b12"":0.0,""vitamin_b2"":0.03,""vitamin_b3"":0.4,""vitamin_b5"":0.323,""vitamin_b6"":0.241,""vitamin_b9"":23.0,""vitamin_c"":5.0,""vitamin_d"":0.0,""zink"":0.33}"
168490;Brunnenkresse;Arrowroot, raw;;;65;4.24;13.39;0;0.2;0.039;1.3;0.065;"{""calcium"":6.0,""eisen"":2.22,""kalium"":454.0,""kupfer"":0.121,""magnesium"":25.0,""mangan"":0.174,""natrium"":26.0,""phosphor"":98.0,""selen"":0.7,""vitamin_a"":1.0,""vitamin_b1"":0.143,""vitamin_b12"":0.0,""vitamin_b2"":0.059,""vitamin_b3"":1.693,""vitamin_b5"":0.292,""vitamin_b6"":0.266,""vitamin_b9"":338.0,""vitamin_c"":1.9,""vitamin_d"":0.0,""zink"":0.63}"
170481;Mizuna;Borage, raw;;;21;1.8;3.06;0;0.7;0.17;0;0.2;"{""calcium"":93.0,""eisen"":3.3,""kalium"":470.0,""kupfer"":0.13,""magnesium"":52.0,""mangan"":0.349,""natrium"":80.0,""phosphor"":53.0,""selen"":0.9,""vitamin_a"":210.0,""vitamin_b1"":0.06,""vitamin_b12"":0.0,""vitamin_b2"":0.15,""vitamin_b3"":0.9,""vitamin_b5"":0.041,""vitamin_b6"":0.084,""vitamin_b9"":13.0,""vitamin_c"":35.0,""vitamin_d"":0.0,""zink"":0.2}"
2346389;Mesclun;Lettuce, romaine, green, raw;;;17.458;0.977;4.056;0;0.071;0;0;0.058;"{""calcium"":27.56,""eisen"":0.267,""kalium"":260.4,""kupfer"":0.04865,""magnesium"":12.05,""mangan"":0.2271,""natrium"":23.0,""phosphor"":23.41,""vitamin_b1"":0.06288,""vitamin_b3"":0.3713,""vitamin_b6"":0.06325,""vitamin_k"":83.4,""zink"":0.2516}"
169226;Löwenzahn;Dandelion greens, raw;;;45;2.7;9.2;0.71;0.7;0.17;3.5;0.19;"{""calcium"":187.0,""eisen"":3.1,""kalium"":397.0,""kupfer"":0.171,""magnesium"":36.0,""mangan"":0.342,""natrium"":76.0,""phosphor"":66.0,""selen"":0.5,""vitamin_a"":508.0,""vitamin_b1"":0.19,""vitamin_b12"":0.0,""vitamin_b2"":0.26,""vitamin_b3"":0.806,""vitamin_b5"":0.084,""vitamin_b6"":0.251,""vitamin_b9"":27.0,""vitamin_c"":35.0,""vitamin_d"":0.0,""vitamin_e"":3.44,""vitamin_k"":778.4,""zink"":0.41}"
174030;Rinderhack mager;Beef, ground, 90% lean meat / 10% fat, raw;;;176;20;0;0;10;3.927;0;0.165;"{""calcium"":12.0,""eisen"":2.24,""kalium"":321.0,""kupfer"":0.072,""magnesium"":20.0,""mangan"":0.01,""natrium"":66.0,""phosphor"":184.0,""selen"":16.6,""vitamin_a"":4.0,""vitamin_b1"":0.042,""vitamin_b12"":2.21,""vitamin_b2"":0.151,""vitamin_b3"":5.072,""vitamin_b5"":0.601,""vitamin_b6"":0.369,""vitamin_b9"":6.0,""vitamin_c"":0.0,""vitamin_d"":0.1,""vitamin_e"":0.17,""vitamin_k"":0.8,""zink"":4.79}"
174036;Rinderhack;Beef, ground, 80% lean meat / 20% fat, raw;;;254;17.17;0;0;20;7.581;0;0.165;"{""calcium"":18.0,""eisen"":1.94,""kalium"":270.0,""kupfer"":0.061,""magnesium"":17.0,""mangan"":0.01,""natrium"":66.0,""phosphor"":158.0,""selen"":15.0,""vitamin_a"":4.0,""vitamin_b1"":0.043,""vitamin_b12"":2.14,""vitamin_b2"":0.151,""vitamin_b3"":4.227,""vitamin_b5"":0.498,""vitamin_b6"":0.323,""vitamin_b9"":7.0,""vitamin_c"":0.0,""vitamin_d"":0.1,""vitamin_e"":0.17,""vitamin_k"":1.8,""zink"":4.18}"
168728;Rindfleisch Roastbeef;Beef, top sirloin, steak, separable lean and fat, trimmed to 1/8" fat, choice, raw;;;214;19.92;0;0;14.28;5.763;0;0.128;"{""calcium"":25.0,""eisen"":1.46,""kalium"":309.0,""kupfer"":0.066,""magnesium"":20.0,""mangan"":0.013,""natrium"":51.0,""phosphor"":181.0,""selen"":21.8,""vitamin_a"":0.0,""vitamin_b1"":0.053,""vitamin_b12"":1.11,""vitamin_b2"":0.084,""vitamin_b3"":6.425,""vitamin_b5"":0.582,""vitamin_b6"":0.536,""vitamin_b9"":11.0,""vitamin_c"":0.0,""vitamin_e"":0.37,""vitamin_k"":1.5,""zink"":3.57}"
173109;Rindfleisch Filet;Beef, New Zealand, imported, tenderloin, separable lean and fat, raw;;;146;21.04;0;0;6.88;2.788;0;0.098;"{""calcium"":4.0,""eisen"":2.18,""kalium"":359.0,""kupfer"":0.102,""magnesium"":24.0,""mangan"":0.012,""natrium"":39.0,""phosphor"":203.0,""selen"":4.3,""vitamin_a"":9.0,""vitamin_b1"":0.055,""vitamin_b12"":1.76,""vitamin_b2"":0.118,""vitamin_b3"":4.015,""vitamin_b5"":0.569,""vitamin_b6"":0.264,""vitamin_c"":0.0,""vitamin_d"":0.1,""vitamin_e"":0.59,""zink"":2.32}"
173385;Rindfleisch Rib-Eye;Beef, rib eye steak, bone-in, lip-on, separable lean and fat, trimmed to 1/8" fat, choice, cooked, grilled;;;313;22.71;0;0;24.7;10.566;0;0.15;"{""calcium"":22.0,""eisen"":2.29,""kalium"":242.0,""kupfer"":0.073,""magnesium"":22.0,""mangan"":0.073,""natrium"":60.0,""phosphor"":156.0,""selen"":23.7,""vitamin_a"":8.0,""vitamin_b1"":0.085,""vitamin_b12"":2.0,""vitamin_b2"":0.296,""vitamin_b3"":4.752,""vitamin_b5"":0.567,""vitamin_b6"":0.45,""vitamin_b9"":6.0,""vitamin_c"":0.0,""vitamin_d"":0.2,""vitamin_e"":0.1,""vitamin_k"":1.6,""zink"":5.07}"
169540;Rindfleisch Rumpsteak;Beef, loin, top loin, separable lean and fat, trimmed to 1/8" fat, choice, raw;;;237;19.32;0;0;17.1;6.91;0;0.135;"{""calcium"":6.0,""eisen"":1.61,""kalium"":302.0,""kupfer"":0.071,""magnesium"":19.0,""mangan"":0.013,""natrium"":54.0,""phosphor"":166.0,""selen"":16.6,""vitamin_a"":0.0,""vitamin_b1"":0.09,""vitamin_b12"":2.79,""vitamin_b2"":0.14,""vitamin_b3"":3.95,""vitamin_b5"":0.32,""vitamin_b6"":0.4,""vitamin_b9"":6.0,""vitamin_c"":0.0,""vitamin_k"":1.5,""zink"":3.2}"
170810;Rindfleisch Schmorbraten;Beef, chuck for stew, separable lean and fat, choice, raw;;;130;21.64;0.12;0;4.81;1.988;0;0.198;"{""calcium"":13.0,""eisen"":2.09,""kalium"":373.0,""kupfer"":0.084,""magnesium"":21.0,""mangan"":0.014,""natrium"":79.0,""phosphor"":217.0,""selen"":23.6,""vitamin_a"":2.0,""vitamin_b1"":0.08,""vitamin_b12"":2.27,""vitamin_b2"":0.17,""vitamin_b3"":4.887,""vitamin_b5"":0.66,""vitamin_b6"":0.568,""vitamin_b9"":3.0,""vitamin_c"":0.0,""vitamin_d"":0.1,""vitamin_e"":0.18,""vitamin_k"":1.5,""zink"":5.41}"
170200;Rindfleisch Brust;Beef, cured, corned beef, brisket, cooked;;;251;18.17;0.47;0;18.98;6.34;0;2.433;"{""calcium"":8.0,""eisen"":1.86,""kalium"":145.0,""kupfer"":0.154,""magnesium"":12.0,""mangan"":0.022,""natrium"":973.0,""phosphor"":125.0,""selen"":32.8,""vitamin_a"":0.0,""vitamin_b1"":0.026,""vitamin_b12"":1.63,""vitamin_b2"":0.17,""vitamin_b3"":3.03,""vitamin_b5"":0.42,""vitamin_b6"":0.23,""vitamin_b9"":6.0,""vitamin_c"":0.0,""vitamin_d"":0.1,""vitamin_e"":0.16,""vitamin_k"":1.5,""zink"":4.58}"
169433;Rindfleisch Flanksteak;Beef, flank, steak, separable lean and fat, trimmed to 0" fat, choice, raw;;;165;21.22;0;0;8.29;3.443;0;0.135;"{""calcium"":27.0,""eisen"":1.55,""kalium"":330.0,""kupfer"":0.071,""magnesium"":22.0,""mangan"":0.013,""natrium"":54.0,""phosphor"":193.0,""selen"":23.3,""vitamin_a"":0.0,""vitamin_b1"":0.056,""vitamin_b12"":1.18,""vitamin_b2"":0.09,""vitamin_b3"":6.842,""vitamin_b5"":0.619,""vitamin_b6"":0.571,""vitamin_b9"":12.0,""vitamin_c"":0.0,""vitamin_d"":0.1,""vitamin_e"":0.33,""vitamin_k"":1.3,""zink"":3.81}"
169451;Rinderleber;Beef, variety meats and by-products, liver, raw;;;135;20.36;3.89;0;3.63;1.233;0;0.173;"{""calcium"":5.0,""eisen"":4.9,""kalium"":313.0,""kupfer"":9.755,""magnesium"":18.0,""mangan"":0.31,""natrium"":69.0,""phosphor"":387.0,""selen"":39.7,""vitamin_a"":4968.0,""vitamin_b1"":0.189,""vitamin_b12"":59.3,""vitamin_b2"":2.755,""vitamin_b3"":13.175,""vitamin_b5"":7.173,""vitamin_b6"":1.083,""vitamin_b9"":290.0,""vitamin_c"":1.3,""vitamin_d"":1.2,""vitamin_e"":0.38,""vitamin_k"":3.1,""zink"":4.0}"
170598;Rinderzunge;Beef, variety meats and by-products, tongue, cooked, simmered;;;284;19.29;0;0;22.3;8.125;0;0.163;"{""calcium"":5.0,""eisen"":2.61,""kalium"":184.0,""kupfer"":0.148,""magnesium"":15.0,""mangan"":0.018,""natrium"":65.0,""phosphor"":145.0,""selen"":13.2,""vitamin_a"":0.0,""vitamin_b1"":0.022,""vitamin_b12"":3.13,""vitamin_b2"":0.294,""vitamin_b3"":3.49,""vitamin_b5"":0.745,""vitamin_b6"":0.155,""vitamin_b9"":7.0,""vitamin_c"":1.3,""vitamin_d"":0.4,""vitamin_e"":0.3,""vitamin_k"":1.2,""zink"":4.09}"
173843;Kalbfleisch;Veal, cubed for stew (leg and shoulder), separable lean only, raw;;;109;20.27;0;0;2.5;0.75;0;0.208;"{""calcium"":17.0,""eisen"":0.88,""kalium"":331.0,""kupfer"":0.118,""magnesium"":25.0,""mangan"":0.029,""natrium"":83.0,""phosphor"":213.0,""selen"":8.8,""vitamin_a"":0.0,""vitamin_b1"":0.09,""vitamin_b12"":1.49,""vitamin_b2"":0.29,""vitamin_b3"":7.4,""vitamin_b5"":1.25,""vitamin_b6"":0.45,""vitamin_b9"":13.0,""vitamin_c"":0.0,""vitamin_e"":0.27,""zink"":3.48}"
172643;Kalbsschnitzel;Veal, leg, top round, cap off, cutlet, boneless, raw;;;107;22.07;0;0;2.07;0.805;0;0.215;"{""calcium"":4.0,""eisen"":0.81,""kalium"":273.0,""kupfer"":0.089,""magnesium"":30.0,""mangan"":0.017,""natrium"":86.0,""phosphor"":212.0,""selen"":16.0,""vitamin_a"":0.0,""vitamin_b1"":0.1,""vitamin_b12"":2.08,""vitamin_b2"":0.34,""vitamin_b3"":9.28,""vitamin_b5"":0.58,""vitamin_b6"":0.599,""vitamin_b9"":4.0,""vitamin_c"":0.0,""vitamin_d"":0.6,""vitamin_e"":0.31,""vitamin_k"":1.1,""zink"":1.97}"
168312;Schweinefilet;Pork, fresh, loin, tenderloin, separable lean and fat, raw;;;120;20.65;0;0;3.53;1.181;0;0.13;"{""calcium"":6.0,""eisen"":0.97,""kalium"":393.0,""kupfer"":0.089,""magnesium"":27.0,""mangan"":0.014,""natrium"":52.0,""phosphor"":243.0,""selen"":30.3,""vitamin_a"":0.0,""vitamin_b1"":0.982,""vitamin_b12"":0.52,""vitamin_b2"":0.337,""vitamin_b3"":6.61,""vitamin_b5"":0.837,""vitamin_b6"":0.765,""vitamin_b9"":0.0,""vitamin_c"":0.0,""vitamin_d"":0.3,""vitamin_e"":0.22,""vitamin_k"":0.0,""zink"":1.87}"
168380;Schweinekotelett;Pork, fresh, blade, (chops), boneless, separable lean and fat, cooked, broiled;;;202;24.73;0.83;0;11.13;3.28;0;0.145;"{""calcium"":8.0,""eisen"":0.89,""kalium"":407.0,""kupfer"":0.07,""magnesium"":24.0,""mangan"":0.009,""natrium"":58.0,""phosphor"":271.0,""selen"":44.6,""vitamin_a"":4.0,""vitamin_b1"":0.637,""vitamin_b12"":0.68,""vitamin_b2"":0.252,""vitamin_b3"":7.698,""vitamin_b5"":1.146,""vitamin_b6"":0.515,""vitamin_b9"":0.0,""vitamin_c"":0.0,""vitamin_d"":0.7,""vitamin_e"":0.21,""vitamin_k"":0.0,""zink"":2.32}"
167903;Schweineschnitzel;Pork, fresh, ground, cooked;;;297;25.69;0;0;20.77;7.72;0;0.183;"{""calcium"":22.0,""eisen"":1.29,""kalium"":362.0,""kupfer"":0.044,""magnesium"":24.0,""mangan"":0.011,""natrium"":73.0,""phosphor"":226.0,""selen"":35.4,""vitamin_a"":2.0,""vitamin_b1"":0.706,""vitamin_b12"":0.54,""vitamin_b2"":0.22,""vitamin_b3"":4.206,""vitamin_b5"":0.52,""vitamin_b6"":0.391,""vitamin_b9"":6.0,""vitamin_c"":0.7,""vitamin_d"":0.5,""vitamin_e"":0.21,""vitamin_k"":0.0,""zink"":3.21}"
167843;Schweinebraten;Pork, fresh, shoulder, whole, separable lean and fat, raw;;;236;17.18;0;0;17.99;6.24;0;0.163;"{""calcium"":15.0,""eisen"":1.05,""kalium"":302.0,""kupfer"":0.084,""magnesium"":18.0,""mangan"":0.011,""natrium"":65.0,""phosphor"":182.0,""selen"":25.5,""vitamin_a"":2.0,""vitamin_b1"":0.767,""vitamin_b12"":0.74,""vitamin_b2"":0.275,""vitamin_b3"":3.833,""vitamin_b5"":0.719,""vitamin_b6"":0.348,""vitamin_b9"":5.0,""vitamin_c"":0.7,""vitamin_d"":1.7,""vitamin_e"":0.19,""vitamin_k"":0.0,""zink"":2.7}"
167812;Schweinebauch;Pork, fresh, belly, raw;;;518;9.34;0;0;53.01;19.33;0;0.08;"{""calcium"":5.0,""eisen"":0.52,""kalium"":185.0,""kupfer"":0.052,""magnesium"":4.0,""mangan"":0.006,""natrium"":32.0,""phosphor"":108.0,""selen"":8.0,""vitamin_a"":3.0,""vitamin_b1"":0.396,""vitamin_b12"":0.84,""vitamin_b2"":0.242,""vitamin_b3"":4.647,""vitamin_b5"":0.256,""vitamin_b6"":0.13,""vitamin_b9"":1.0,""vitamin_c"":0.3,""vitamin_e"":0.39,""vitamin_k"":0.0,""zink"":1.02}"
167811;Schweinehack;Pork, fresh, backfat, raw;;;812;2.92;0;0;88.69;32.21;0;0.028;"{""calcium"":2.0,""eisen"":0.18,""kalium"":65.0,""kupfer"":0.018,""magnesium"":2.0,""mangan"":0.002,""natrium"":11.0,""phosphor"":38.0,""selen"":8.0,""vitamin_a"":5.0,""vitamin_b1"":0.084,""vitamin_b12"":0.18,""vitamin_b2"":0.051,""vitamin_b3"":0.985,""vitamin_b5"":0.115,""vitamin_b6"":0.04,""vitamin_b9"":1.0,""vitamin_c"":0.1,""vitamin_d"":3.1,""vitamin_e"":0.0,""vitamin_k"":0.0,""zink"":0.37}"
172439;Bacon;Bacon, meatless;;;309;11.69;5.31;0;29.52;4.622;2.6;3.663;"{""calcium"":23.0,""eisen"":2.41,""kalium"":170.0,""kupfer"":0.105,""magnesium"":19.0,""mangan"":0.205,""natrium"":1465.0,""phosphor"":70.0,""selen"":7.4,""vitamin_a"":4.0,""vitamin_b1"":4.4,""vitamin_b12"":0.0,""vitamin_b2"":0.481,""vitamin_b3"":7.56,""vitamin_b5"":0.113,""vitamin_b6"":0.479,""vitamin_b9"":42.0,""vitamin_c"":0.0,""vitamin_d"":0.0,""vitamin_e"":6.9,""vitamin_k"":0.0,""zink"":0.42}"
173865;Schinken gekocht;Ham, minced;;;263;16.28;1.84;0;20.68;7.181;0;3.113;"{""calcium"":10.0,""eisen"":0.79,""kalium"":311.0,""kupfer"":0.08,""magnesium"":16.0,""mangan"":0.031,""natrium"":1245.0,""phosphor"":157.0,""selen"":20.0,""vitamin_a"":0.0,""vitamin_b1"":0.712,""vitamin_b12"":0.95,""vitamin_b2"":0.19,""vitamin_b3"":4.162,""vitamin_b5"":0.18,""vitamin_b6"":0.26,""vitamin_b9"":1.0,""vitamin_c"":0.0,""vitamin_d"":0.7,""vitamin_e"":0.27,""vitamin_k"":0.0,""zink"":1.9}"
171628;Schinken-Kaese-Laib;Ham and cheese loaf or roll;;;241;13.6;4;0;18.7;6.966;0;2.5;"{""calcium"":58.0,""eisen"":0.91,""kalium"":294.0,""kupfer"":0.08,""magnesium"":16.0,""natrium"":1000.0,""phosphor"":253.0,""selen"":34.6,""vitamin_a"":0.0,""vitamin_b1"":0.601,""vitamin_b12"":0.81,""vitamin_b2"":0.187,""vitamin_b3"":3.452,""vitamin_b5"":0.52,""vitamin_b6"":0.26,""vitamin_b9"":3.0,""vitamin_c"":0.0,""vitamin_d"":1.1,""vitamin_e"":0.27,""vitamin_k"":0.0,""zink"":2.0}"
172936;Salami;Salami, cooked, beef and pork;;;336;21.85;2.4;0.96;25.9;9.316;0;4.35;"{""calcium"":15.0,""eisen"":1.56,""kalium"":316.0,""kupfer"":0.357,""magnesium"":19.0,""mangan"":0.978,""natrium"":1740.0,""phosphor"":191.0,""selen"":31.3,""vitamin_a"":0.0,""vitamin_b1"":0.367,""vitamin_b12"":1.52,""vitamin_b2"":0.357,""vitamin_b3"":6.053,""vitamin_b5"":1.201,""vitamin_b6"":0.459,""vitamin_b9"":3.0,""vitamin_c"":0.0,""vitamin_d"":1.0,""vitamin_e"":0.22,""vitamin_k"":3.2,""zink"":2.93}"
174579;Bratwurst;Sausage, pork and beef, fresh, cooked;;;396;13.8;2.7;0;36.25;12.96;0;2.323;"{""calcium"":10.0,""eisen"":1.13,""kalium"":189.0,""kupfer"":0.04,""magnesium"":12.0,""mangan"":0.037,""natrium"":929.0,""phosphor"":107.0,""selen"":14.4,""vitamin_a"":0.0,""vitamin_b1"":0.357,""vitamin_b12"":0.43,""vitamin_b2"":0.147,""vitamin_b3"":3.367,""vitamin_b5"":0.48,""vitamin_b6"":0.05,""vitamin_b9"":2.0,""vitamin_c"":0.0,""vitamin_d"":0.7,""vitamin_e"":0.22,""vitamin_k"":1.6,""zink"":1.87}"
172949;Frankfurter Würstchen;Frankfurter, beef, pork, and turkey, fat free;;;109;12.5;11.21;0;1.59;0.5;0;2.2;"{""calcium"":54.0,""eisen"":1.78,""kalium"":220.0,""kupfer"":0.117,""magnesium"":14.0,""natrium"":880.0,""phosphor"":132.0,""selen"":18.7,""vitamin_a"":0.0,""vitamin_b1"":0.162,""vitamin_b12"":1.06,""vitamin_b2"":0.154,""vitamin_b3"":3.466,""vitamin_b6"":0.181,""vitamin_b9"":6.0,""vitamin_c"":24.0,""vitamin_d"":0.1,""vitamin_e"":0.0,""vitamin_k"":1.8,""zink"":2.92}"
172942;Wiener Würstchen;Sausage, Vienna, canned, chicken, beef, pork;;;230;10.5;2.6;0;19.4;7.125;0;2.198;"{""calcium"":10.0,""eisen"":0.88,""kalium"":101.0,""kupfer"":0.03,""magnesium"":7.0,""natrium"":879.0,""phosphor"":49.0,""selen"":16.9,""vitamin_a"":0.0,""vitamin_b1"":0.087,""vitamin_b12"":1.02,""vitamin_b2"":0.107,""vitamin_b3"":1.613,""vitamin_b5"":0.35,""vitamin_b6"":0.12,""vitamin_b9"":4.0,""vitamin_c"":0.0,""vitamin_d"":0.6,""vitamin_e"":0.22,""vitamin_k"":1.6,""zink"":1.6}"
173870;Leberwurst;Liver sausage, liverwurst, pork;;;326;14.1;2.2;0;28.5;10.6;0;2.15;"{""calcium"":26.0,""eisen"":6.4,""kalium"":170.0,""kupfer"":0.24,""magnesium"":12.0,""mangan"":0.155,""natrium"":860.0,""phosphor"":230.0,""selen"":58.0,""vitamin_a"":8308.0,""vitamin_b1"":0.272,""vitamin_b12"":13.46,""vitamin_b2"":1.03,""vitamin_b3"":4.3,""vitamin_b5"":2.95,""vitamin_b6"":0.19,""vitamin_b9"":30.0,""vitamin_c"":0.0,""zink"":2.3}"
174573;Mortadella;Mortadella, beef, pork;;;311;16.37;3.05;0;25.39;9.51;0;3.115;"{""calcium"":18.0,""eisen"":1.4,""kalium"":163.0,""kupfer"":0.06,""magnesium"":11.0,""mangan"":0.03,""natrium"":1246.0,""phosphor"":97.0,""selen"":22.6,""vitamin_a"":0.0,""vitamin_b1"":0.119,""vitamin_b12"":1.48,""vitamin_b2"":0.153,""vitamin_b3"":2.673,""vitamin_b5"":0.44,""vitamin_b6"":0.13,""vitamin_b9"":3.0,""vitamin_c"":0.0,""vitamin_d"":1.0,""vitamin_e"":0.22,""vitamin_k"":1.6,""zink"":2.1}"
170199;Corned Beef;Beef, cured, corned beef, brisket, raw;;;198;14.68;0.14;0;14.9;4.73;0;3.043;"{""calcium"":7.0,""eisen"":1.69,""kalium"":297.0,""kupfer"":0.11,""magnesium"":14.0,""mangan"":0.02,""natrium"":1217.0,""phosphor"":117.0,""selen"":19.0,""vitamin_a"":0.0,""vitamin_b1"":0.043,""vitamin_b12"":1.78,""vitamin_b2"":0.157,""vitamin_b3"":3.66,""vitamin_b5"":0.57,""vitamin_b6"":0.29,""vitamin_b9"":5.0,""vitamin_c"":27.0,""zink"":2.85}"
174315;Lammkeule;Lamb, leg, shank half, separable lean and fat, trimmed to 1/4" fat, choice, raw;;;201;18.58;0;0;13.49;5.8;0;0.143;"{""calcium"":8.0,""eisen"":1.71,""kalium"":261.0,""kupfer"":0.115,""magnesium"":24.0,""mangan"":0.021,""natrium"":57.0,""phosphor"":178.0,""selen"":21.4,""vitamin_a"":0.0,""vitamin_b1"":0.13,""vitamin_b12"":2.51,""vitamin_b2"":0.23,""vitamin_b3"":6.22,""vitamin_b5"":0.68,""vitamin_b6"":0.15,""vitamin_b9"":20.0,""vitamin_c"":0.0,""vitamin_e"":0.21,""zink"":3.5}"
172517;Lammkotelett;Lamb, New Zealand, imported, loin chop, separable lean and fat, raw;;;298;15.4;0.22;0;26.19;11.161;0;0.158;"{""calcium"":14.0,""eisen"":1.24,""kalium"":262.0,""kupfer"":0.088,""magnesium"":18.0,""mangan"":0.007,""natrium"":63.0,""phosphor"":149.0,""selen"":4.4,""vitamin_a"":16.0,""vitamin_b1"":0.111,""vitamin_b12"":1.47,""vitamin_b2"":0.12,""vitamin_b3"":4.152,""vitamin_b5"":0.418,""vitamin_b6"":0.125,""vitamin_c"":0.0,""vitamin_d"":0.1,""vitamin_e"":0.47,""zink"":2.08}"
174370;Lammhack;Lamb, ground, raw;;;282;16.56;0;0;23.41;10.19;0;0.148;"{""calcium"":16.0,""eisen"":1.55,""kalium"":222.0,""kupfer"":0.101,""magnesium"":21.0,""mangan"":0.019,""natrium"":59.0,""phosphor"":157.0,""selen"":18.8,""vitamin_a"":0.0,""vitamin_b1"":0.11,""vitamin_b12"":2.31,""vitamin_b2"":0.21,""vitamin_b3"":5.96,""vitamin_b5"":0.65,""vitamin_b6"":0.13,""vitamin_b9"":18.0,""vitamin_c"":0.0,""vitamin_d"":0.1,""vitamin_e"":0.2,""vitamin_k"":3.6,""zink"":3.41}"
172500;Lammschulter;Lamb, shoulder, arm, separable lean and fat, trimmed to 1/4" fat, choice, raw;;;260;16.79;0;0;20.9;9.15;0;0.15;"{""calcium"":14.0,""eisen"":1.56,""kalium"":238.0,""kupfer"":0.102,""magnesium"":21.0,""mangan"":0.019,""natrium"":60.0,""phosphor"":159.0,""selen"":19.3,""vitamin_a"":0.0,""vitamin_b1"":0.11,""vitamin_b12"":2.44,""vitamin_b2"":0.22,""vitamin_b3"":6.09,""vitamin_b5"":0.69,""vitamin_b6"":0.13,""vitamin_b9"":19.0,""vitamin_c"":0.0,""vitamin_e"":0.21,""zink"":3.43}"
175298;Wildschwein;Game meat, boar, wild, cooked, roasted;;;160;28.3;0;0;4.38;1.3;0;0.15;"{""calcium"":16.0,""eisen"":1.12,""kalium"":396.0,""kupfer"":0.056,""magnesium"":27.0,""natrium"":60.0,""phosphor"":134.0,""selen"":13.0,""vitamin_a"":0.0,""vitamin_b1"":0.31,""vitamin_b12"":0.7,""vitamin_b2"":0.14,""vitamin_b3"":4.21,""vitamin_b6"":0.418,""vitamin_b9"":6.0,""vitamin_c"":0.0,""vitamin_d"":0.0,""vitamin_e"":0.38,""vitamin_k"":1.4,""zink"":3.01}"
172602;Hirsch;Game meat, deer, ground, raw;;;157;21.78;0;0;7.13;3.361;0;0.188;"{""calcium"":11.0,""eisen"":2.92,""kalium"":330.0,""kupfer"":0.14,""magnesium"":21.0,""mangan"":0.014,""natrium"":75.0,""phosphor"":201.0,""selen"":10.0,""vitamin_a"":0.0,""vitamin_b1"":0.547,""vitamin_b12"":1.87,""vitamin_b2"":0.287,""vitamin_b3"":5.7,""vitamin_b5"":0.69,""vitamin_b6"":0.464,""vitamin_b9"":4.0,""vitamin_c"":0.0,""vitamin_d"":0.0,""vitamin_e"":0.45,""vitamin_k"":1.2,""zink"":4.2}"
175085;Reh;Game meat, deer, cooked, roasted;;;158;30.21;0;0;3.19;1.25;0;0.135;"{""calcium"":7.0,""eisen"":4.47,""kalium"":335.0,""kupfer"":0.3,""magnesium"":24.0,""mangan"":0.046,""natrium"":54.0,""phosphor"":226.0,""selen"":12.9,""vitamin_a"":0.0,""vitamin_b1"":0.18,""vitamin_b2"":0.6,""vitamin_b3"":6.71,""vitamin_c"":0.0,""zink"":2.75}"
174348;Kaninchen;Game meat, rabbit, wild, cooked, stewed;;;173;33.02;0;0;3.51;1.05;0;0.113;"{""calcium"":18.0,""eisen"":4.85,""kalium"":343.0,""kupfer"":0.176,""magnesium"":31.0,""natrium"":45.0,""phosphor"":240.0,""selen"":15.2,""vitamin_a"":0.0,""vitamin_b1"":0.02,""vitamin_b12"":6.51,""vitamin_b2"":0.07,""vitamin_b3"":6.4,""vitamin_b6"":0.34,""vitamin_b9"":8.0,""vitamin_c"":0.0,""vitamin_d"":0.0,""vitamin_e"":0.41,""vitamin_k"":1.5,""zink"":2.38}"
171445;Hähnchenbrust;Chicken, broiler, rotisserie, BBQ, breast, meat only;;;144;28.04;0;0;3.57;0.863;0;0.82;"{""calcium"":13.0,""eisen"":0.46,""kalium"":284.0,""kupfer"":0.041,""magnesium"":25.0,""natrium"":328.0,""phosphor"":246.0,""selen"":23.1,""vitamin_a"":5.0,""vitamin_b1"":0.081,""vitamin_b12"":0.27,""vitamin_b2"":0.131,""vitamin_b3"":9.634,""vitamin_b6"":0.314,""vitamin_b9"":11.0,""vitamin_c"":0.0,""vitamin_d"":0.0,""vitamin_e"":0.32,""vitamin_k"":0.0,""zink"":0.87}"
171474;Hähnchenbrust mit Haut;Chicken, broilers or fryers, breast, meat and skin, raw;;;172;20.85;0;0;9.25;2.66;0;0.158;"{""calcium"":11.0,""eisen"":0.74,""kalium"":220.0,""kupfer"":0.039,""magnesium"":25.0,""mangan"":0.018,""natrium"":63.0,""phosphor"":174.0,""selen"":16.6,""vitamin_a"":24.0,""vitamin_b1"":0.063,""vitamin_b12"":0.34,""vitamin_b2"":0.085,""vitamin_b3"":9.908,""vitamin_b5"":0.804,""vitamin_b6"":0.53,""vitamin_b9"":4.0,""vitamin_c"":0.0,""vitamin_d"":0.4,""vitamin_e"":0.27,""vitamin_k"":0.0,""zink"":0.8}"
173619;Hähnchenschenkel;Chicken, broilers or fryers, leg, meat only, raw;;;120;19.16;0;0;4.22;1.05;0;0.24;"{""calcium"":10.0,""eisen"":0.78,""kalium"":238.0,""kupfer"":0.06,""magnesium"":23.0,""mangan"":0.017,""natrium"":96.0,""phosphor"":180.0,""selen"":21.0,""vitamin_a"":10.0,""vitamin_b1"":0.087,""vitamin_b12"":0.57,""vitamin_b2"":0.179,""vitamin_b3"":5.578,""vitamin_b5"":1.17,""vitamin_b6"":0.406,""vitamin_b9"":4.0,""vitamin_c"":0.0,""vitamin_d"":0.0,""vitamin_e"":0.18,""vitamin_k"":2.8,""zink"":1.76}"
171118;Hähnchenoberkeule;Chicken, broiler, rotisserie, BBQ, thigh, meat only;;;193;24.09;0;0;10.74;2.777;0;0.838;"{""calcium"":13.0,""eisen"":0.97,""kalium"":262.0,""kupfer"":0.084,""magnesium"":21.0,""natrium"":335.0,""phosphor"":216.0,""selen"":23.1,""vitamin_a"":13.0,""vitamin_b1"":0.055,""vitamin_b12"":0.45,""vitamin_b2"":0.234,""vitamin_b3"":5.441,""vitamin_b6"":0.176,""vitamin_b9"":8.0,""vitamin_c"":0.0,""vitamin_d"":0.0,""vitamin_e"":0.48,""vitamin_k"":0.0,""zink"":2.0}"
173632;Hähnchenflügel;Chicken, broilers or fryers, wing, meat only, raw;;;126;21.97;0;0;3.54;0.94;0;0.203;"{""calcium"":13.0,""eisen"":0.88,""kalium"":194.0,""kupfer"":0.041,""magnesium"":22.0,""mangan"":0.018,""natrium"":81.0,""phosphor"":155.0,""selen"":17.8,""vitamin_a"":18.0,""vitamin_b1"":0.059,""vitamin_b12"":0.38,""vitamin_b2"":0.101,""vitamin_b3"":7.359,""vitamin_b5"":0.836,""vitamin_b6"":0.53,""vitamin_b9"":4.0,""vitamin_c"":1.2,""vitamin_d"":0.1,""vitamin_e"":0.13,""vitamin_k"":0.0,""zink"":1.63}"
171116;Haehnchenhack roh;Chicken, ground, raw;;;143;17.44;0.04;0;8.1;2.301;0;0.15;"{""calcium"":6.0,""eisen"":0.82,""kalium"":522.0,""kupfer"":0.065,""magnesium"":21.0,""mangan"":0.016,""natrium"":60.0,""phosphor"":178.0,""selen"":10.2,""vitamin_a"":0.0,""vitamin_b1"":0.109,""vitamin_b12"":0.56,""vitamin_b2"":0.241,""vitamin_b3"":5.575,""vitamin_b5"":1.092,""vitamin_b6"":0.512,""vitamin_b9"":1.0,""vitamin_c"":0.0,""vitamin_e"":0.27,""vitamin_k"":0.8,""zink"":1.47}"
169886;Veggie-Haehnchenhack;Chicken, meatless;;;224;23.64;3.64;0;12.73;1.534;3.6;1.773;"{""calcium"":35.0,""eisen"":3.27,""kalium"":54.0,""kupfer"":0.689,""magnesium"":17.0,""mangan"":1.177,""natrium"":709.0,""phosphor"":335.0,""selen"":7.4,""vitamin_a"":0.0,""vitamin_b1"":0.062,""vitamin_b12"":2.18,""vitamin_b2"":0.247,""vitamin_b3"":1.454,""vitamin_b5"":0.579,""vitamin_b6"":0.7,""vitamin_b9"":76.0,""vitamin_c"":0.0,""vitamin_d"":0.0,""vitamin_e"":2.68,""vitamin_k"":0.0,""zink"":0.7}"
171060;Hähnchenleber;Chicken, liver, all classes, raw;;;119;16.92;0.73;0;4.83;1.563;0;0.178;"{""calcium"":8.0,""eisen"":8.99,""kalium"":230.0,""kupfer"":0.492,""magnesium"":19.0,""mangan"":0.255,""natrium"":71.0,""phosphor"":297.0,""selen"":54.6,""vitamin_a"":3296.0,""vitamin_b1"":0.305,""vitamin_b12"":16.58,""vitamin_b2"":1.778,""vitamin_b3"":9.728,""vitamin_b5"":6.233,""vitamin_b6"":0.853,""vitamin_b9"":588.0,""vitamin_c"":17.9,""vitamin_d"":0.0,""vitamin_e"":0.7,""vitamin_k"":0.0,""zink"":2.67}"
171458;Hähnchenherz;Chicken, heart, all classes, raw;;;153;15.55;0.71;0;9.33;2.66;0;0.185;"{""calcium"":12.0,""eisen"":5.96,""kalium"":176.0,""kupfer"":0.346,""magnesium"":15.0,""mangan"":0.089,""natrium"":74.0,""phosphor"":177.0,""selen"":4.3,""vitamin_a"":9.0,""vitamin_b1"":0.152,""vitamin_b12"":7.29,""vitamin_b2"":0.728,""vitamin_b3"":4.883,""vitamin_b5"":2.559,""vitamin_b6"":0.36,""vitamin_b9"":72.0,""vitamin_c"":3.2,""zink"":6.59}"
171098;Putenbrust;Turkey, whole, breast, meat only, raw;;;114;23.66;0.14;0.05;1.48;0.289;0;0.283;"{""calcium"":11.0,""eisen"":0.73,""kalium"":242.0,""kupfer"":0.07,""magnesium"":28.0,""mangan"":0.011,""natrium"":113.0,""phosphor"":201.0,""selen"":22.7,""vitamin_a"":6.0,""vitamin_b1"":0.042,""vitamin_b12"":0.63,""vitamin_b2"":0.145,""vitamin_b3"":9.924,""vitamin_b5"":0.775,""vitamin_b6"":0.813,""vitamin_b9"":7.0,""vitamin_c"":0.0,""vitamin_d"":0.1,""vitamin_e"":0.06,""vitamin_k"":0.0,""zink"":1.28}"
171528;Putenbrust mit Haut;Turkey, retail parts, breast, meat and skin, raw;;;155;21.88;0;0;7.45;1.756;0;0.18;"{""calcium"":9.0,""eisen"":0.77,""kalium"":247.0,""kupfer"":0.054,""magnesium"":24.0,""mangan"":0.006,""natrium"":72.0,""phosphor"":176.0,""selen"":20.4,""vitamin_a"":16.0,""vitamin_b1"":0.048,""vitamin_b12"":1.28,""vitamin_b2"":0.157,""vitamin_b3"":9.4,""vitamin_b5"":0.972,""vitamin_b6"":0.724,""vitamin_b9"":7.0,""vitamin_c"":0.0,""vitamin_d"":0.3,""vitamin_e"":0.09,""vitamin_k"":0.0,""zink"":1.15}"
171480;Putenschenkel;Turkey, whole, meat only, raw;;;115;22.64;0.14;0.07;1.93;0.459;0;0.295;"{""calcium"":11.0,""eisen"":0.86,""kalium"":235.0,""kupfer"":0.079,""magnesium"":27.0,""mangan"":0.012,""natrium"":118.0,""phosphor"":190.0,""selen"":22.6,""vitamin_a"":9.0,""vitamin_b1"":0.05,""vitamin_b12"":1.24,""vitamin_b2"":0.192,""vitamin_b3"":8.1,""vitamin_b5"":0.844,""vitamin_b6"":0.652,""vitamin_b9"":7.0,""vitamin_c"":0.0,""vitamin_d"":0.2,""vitamin_e"":0.09,""vitamin_k"":0.0,""zink"":1.84}"
172850;Putenhack;Turkey, ground, 93% lean, 7% fat, raw;;;150;18.73;0;0;8.34;2.17;0;0.173;"{""calcium"":21.0,""eisen"":1.17,""kalium"":213.0,""kupfer"":0.107,""magnesium"":21.0,""mangan"":0.008,""natrium"":69.0,""phosphor"":193.0,""selen"":19.0,""vitamin_a"":22.0,""vitamin_b1"":0.067,""vitamin_b12"":1.2,""vitamin_b2"":0.185,""vitamin_b3"":5.417,""vitamin_b5"":1.0,""vitamin_b6"":0.35,""vitamin_b9"":7.0,""vitamin_c"":0.0,""vitamin_d"":0.4,""vitamin_e"":0.11,""vitamin_k"":0.0,""zink"":2.53}"
171506;Pute ganz;Turkey, Ground, cooked;;;203;27.37;0;0;10.4;2.669;0;0.195;"{""calcium"":28.0,""eisen"":1.52,""kalium"":294.0,""kupfer"":0.151,""magnesium"":30.0,""mangan"":0.011,""natrium"":78.0,""phosphor"":254.0,""selen"":31.1,""vitamin_a"":24.0,""vitamin_b1"":0.077,""vitamin_b12"":1.34,""vitamin_b2"":0.211,""vitamin_b3"":8.724,""vitamin_b5"":1.193,""vitamin_b6"":0.633,""vitamin_b9"":7.0,""vitamin_c"":0.0,""vitamin_d"":0.2,""vitamin_e"":0.11,""vitamin_k"":0.0,""zink"":3.11}"
174469;Ente Brust;Duck, wild, breast, meat only, raw;;;123;19.85;0;0;4.25;1.32;0;0.143;"{""calcium"":3.0,""eisen"":4.51,""kalium"":268.0,""kupfer"":0.33,""magnesium"":22.0,""mangan"":0.019,""natrium"":57.0,""phosphor"":186.0,""selen"":13.9,""vitamin_a"":16.0,""vitamin_b1"":0.416,""vitamin_b12"":0.76,""vitamin_b2"":0.31,""vitamin_b3"":3.444,""vitamin_b5"":0.77,""vitamin_b6"":0.63,""vitamin_b9"":25.0,""vitamin_c"":6.2,""zink"":0.74}"
174467;Ente ganz;Duck, domesticated, liver, raw;;;136;18.74;3.53;0;4.64;1.44;0;0.35;"{""calcium"":11.0,""eisen"":30.53,""kalium"":230.0,""kupfer"":5.962,""magnesium"":24.0,""mangan"":0.258,""natrium"":140.0,""phosphor"":269.0,""selen"":67.0,""vitamin_a"":11984.0,""vitamin_b1"":0.562,""vitamin_b12"":54.0,""vitamin_b2"":0.892,""vitamin_b3"":6.5,""vitamin_b5"":6.184,""vitamin_b6"":0.76,""vitamin_b9"":738.0,""vitamin_c"":4.5,""zink"":3.07}"
172413;Gans Brust;Goose, domesticated, meat only, raw;;;161;22.75;0;0;7.13;2.79;0;0.218;"{""calcium"":13.0,""eisen"":2.57,""kalium"":420.0,""kupfer"":0.306,""magnesium"":24.0,""mangan"":0.024,""natrium"":87.0,""phosphor"":312.0,""selen"":16.8,""vitamin_a"":12.0,""vitamin_b1"":0.129,""vitamin_b12"":0.49,""vitamin_b2"":0.377,""vitamin_b3"":4.278,""vitamin_b5"":1.973,""vitamin_b6"":0.64,""vitamin_b9"":31.0,""vitamin_c"":7.2,""zink"":2.34}"
172414;Gans ganz;Goose, domesticated, meat only, cooked, roasted;;;238;28.97;0;0;12.67;4.56;0;0.19;"{""calcium"":14.0,""eisen"":2.87,""kalium"":388.0,""kupfer"":0.276,""magnesium"":25.0,""mangan"":0.024,""natrium"":76.0,""phosphor"":309.0,""selen"":25.5,""vitamin_a"":12.0,""vitamin_b1"":0.092,""vitamin_b12"":0.49,""vitamin_b2"":0.39,""vitamin_b3"":4.081,""vitamin_b5"":1.834,""vitamin_b6"":0.47,""vitamin_b9"":12.0,""vitamin_c"":0.0,""zink"":3.17}"
172418;Wachtel;Quail, meat and skin, raw;;;192;19.63;0;0;12.05;3.38;0;0.133;"{""calcium"":13.0,""eisen"":3.97,""kalium"":216.0,""kupfer"":0.507,""magnesium"":23.0,""mangan"":0.019,""natrium"":53.0,""phosphor"":275.0,""selen"":16.6,""vitamin_a"":73.0,""vitamin_b1"":0.244,""vitamin_b12"":0.43,""vitamin_b2"":0.26,""vitamin_b3"":7.538,""vitamin_b5"":0.772,""vitamin_b6"":0.6,""vitamin_b9"":8.0,""vitamin_c"":6.1,""zink"":2.42}"
174471;Perlhuhn;Guinea hen, meat only, raw;;;110;20.64;0;0;2.47;0.64;0;0.173;"{""calcium"":11.0,""eisen"":0.77,""kalium"":220.0,""kupfer"":0.044,""magnesium"":24.0,""mangan"":0.018,""natrium"":69.0,""phosphor"":169.0,""selen"":17.5,""vitamin_a"":12.0,""vitamin_b1"":0.067,""vitamin_b12"":0.37,""vitamin_b2"":0.112,""vitamin_b3"":8.782,""vitamin_b5"":0.936,""vitamin_b6"":0.47,""vitamin_b9"":6.0,""vitamin_c"":1.7,""zink"":1.2}"
169903;Fasan;Pheasant, cooked, total edible;;;239;32.4;0;0;12.1;3.908;0;0.108;"{""calcium"":16.0,""eisen"":1.43,""kalium"":271.0,""kupfer"":0.084,""magnesium"":22.0,""natrium"":43.0,""phosphor"":242.0,""selen"":20.7,""vitamin_a"":57.0,""vitamin_b1"":0.07,""vitamin_b12"":0.72,""vitamin_b2"":0.18,""vitamin_b3"":7.53,""vitamin_b6"":0.75,""vitamin_b9"":5.0,""vitamin_c"":2.3,""vitamin_d"":0.2,""vitamin_e"":0.27,""vitamin_k"":4.9,""zink"":1.37}"
172396;Hähnchen Bratrolle;Chicken, roasting, giblets, raw;;;127;18.14;1.14;0;5.04;1.54;0;0.193;"{""calcium"":10.0,""eisen"":5.4,""kalium"":227.0,""kupfer"":0.218,""magnesium"":17.0,""mangan"":0.13,""natrium"":77.0,""phosphor"":184.0,""selen"":54.1,""vitamin_a"":2880.0,""vitamin_b1"":0.08,""vitamin_b12"":9.4,""vitamin_b2"":0.818,""vitamin_b3"":6.208,""vitamin_b5"":2.696,""vitamin_b6"":0.36,""vitamin_b9"":276.0,""vitamin_c"":13.1,""zink"":3.39}"
171514;Hähnchenstreifen;Chicken breast tenders, breaded, cooked, microwaved;;;252;16.35;17.56;0;12.89;3.2;0;1.115;"{""calcium"":14.0,""eisen"":1.0,""kalium"":225.0,""kupfer"":0.316,""magnesium"":26.0,""mangan"":0.235,""natrium"":446.0,""phosphor"":216.0,""selen"":30.6,""vitamin_a"":0.0,""vitamin_b1"":0.324,""vitamin_b12"":0.44,""vitamin_b2"":0.098,""vitamin_b3"":6.514,""vitamin_b5"":0.994,""vitamin_b6"":0.037,""vitamin_b9"":12.0,""vitamin_c"":0.0,""vitamin_e"":0.37,""vitamin_k"":4.2,""zink"":0.77}"
172941;Putenaufschnitt;Turkey breast, sliced, prepackaged;;;106;14.81;2.2;0.91;3.77;0.906;0;2.245;"{""calcium"":14.0,""eisen"":0.42,""kalium"":371.0,""kupfer"":0.024,""magnesium"":19.0,""mangan"":0.016,""natrium"":898.0,""phosphor"":249.0,""selen"":13.0,""vitamin_a"":0.0,""vitamin_b1"":0.038,""vitamin_b12"":0.37,""vitamin_b2"":0.145,""vitamin_b3"":7.15,""vitamin_b5"":0.32,""vitamin_b6"":0.41,""vitamin_b9"":4.0,""vitamin_c"":0.0,""vitamin_d"":0.2,""vitamin_e"":0.13,""vitamin_k"":0.0,""zink"":0.94}"
173874;Hähnchenaufschnitt;Chicken breast, deli, rotisserie seasoned, sliced, prepackaged;;;98;17.4;2.92;0.75;1.86;0.564;0;2.58;"{""calcium"":11.0,""eisen"":0.39,""kalium"":360.0,""kupfer"":0.02,""magnesium"":26.0,""mangan"":0.018,""natrium"":1032.0,""phosphor"":257.0,""selen"":13.2,""vitamin_a"":2.0,""vitamin_b1"":0.048,""vitamin_b12"":0.14,""vitamin_b2"":0.071,""vitamin_b3"":9.055,""vitamin_b5"":0.976,""vitamin_b6"":0.445,""vitamin_b9"":7.0,""vitamin_c"":0.0,""vitamin_d"":0.1,""vitamin_e"":0.32,""vitamin_k"":0.0,""zink"":0.51}"
175167;Lachs;Fish, salmon, Atlantic, farmed, raw;;;208;20.42;0;0;13.42;3.05;0;0.148;"{""calcium"":9.0,""eisen"":0.34,""kalium"":363.0,""kupfer"":0.045,""magnesium"":27.0,""mangan"":0.011,""natrium"":59.0,""phosphor"":240.0,""selen"":24.0,""vitamin_a"":58.0,""vitamin_b1"":0.207,""vitamin_b12"":3.23,""vitamin_b2"":0.155,""vitamin_b3"":8.672,""vitamin_b5"":1.547,""vitamin_b6"":0.636,""vitamin_b9"":26.0,""vitamin_c"":3.9,""vitamin_d"":11.0,""vitamin_e"":3.55,""vitamin_k"":0.5,""zink"":0.36}"
173686;Wildlachs;Fish, salmon, Atlantic, wild, raw;;;142;19.84;0;0;6.34;0.981;0;0.11;"{""calcium"":12.0,""eisen"":0.8,""kalium"":490.0,""kupfer"":0.25,""magnesium"":29.0,""mangan"":0.016,""natrium"":44.0,""phosphor"":200.0,""selen"":36.5,""vitamin_a"":12.0,""vitamin_b1"":0.226,""vitamin_b12"":3.18,""vitamin_b2"":0.38,""vitamin_b3"":7.86,""vitamin_b5"":1.664,""vitamin_b6"":0.818,""vitamin_b9"":25.0,""vitamin_c"":0.0,""zink"":0.64}"
168048;Salmonbeere roh;Salmonberries, raw (Alaska Native);;;47;0.85;10.05;3.66;0.33;0;1.9;0.035;"{""calcium"":13.0,""eisen"":0.4,""kalium"":110.0,""kupfer"":0.03,""magnesium"":15.0,""mangan"":1.1,""natrium"":14.0,""phosphor"":27.0,""vitamin_a"":50.0,""vitamin_b1"":0.041,""vitamin_b2"":0.062,""vitamin_b3"":0.466,""vitamin_b5"":0.167,""vitamin_b6"":0.078,""vitamin_b9"":17.0,""vitamin_c"":9.2,""vitamin_e"":1.61,""vitamin_k"":14.8,""zink"":0.28}"
175159;Thunfisch frisch;Fish, tuna, fresh, yellowfin, raw;;;109;24.4;0;0;0.49;0.172;0;0.113;"{""calcium"":4.0,""eisen"":0.77,""kalium"":441.0,""kupfer"":0.036,""magnesium"":35.0,""mangan"":0.011,""natrium"":45.0,""phosphor"":278.0,""selen"":90.6,""vitamin_a"":18.0,""vitamin_b1"":0.118,""vitamin_b12"":2.08,""vitamin_b2"":0.115,""vitamin_b3"":18.475,""vitamin_b5"":0.28,""vitamin_b6"":0.933,""vitamin_b9"":2.0,""vitamin_c"":0.0,""vitamin_d"":1.7,""vitamin_e"":0.24,""vitamin_k"":0.1,""zink"":0.37}"
171986;Thunfisch Dose;Fish, tuna, light, canned in water, without salt, drained solids;;;116;25.51;0;0;0.82;0.234;0;0.125;"{""calcium"":11.0,""eisen"":1.53,""kalium"":237.0,""kupfer"":0.051,""magnesium"":27.0,""mangan"":0.011,""natrium"":50.0,""phosphor"":163.0,""selen"":80.4,""vitamin_b1"":0.032,""vitamin_b12"":2.99,""vitamin_b2"":0.074,""vitamin_b3"":13.28,""vitamin_b5"":0.214,""vitamin_b6"":0.35,""vitamin_b9"":4.0,""vitamin_c"":0.0,""zink"":0.77}"
173717;Forelle;Fish, trout, rainbow, farmed, raw;;;141;19.94;0;0;6.18;1.383;0;0.128;"{""calcium"":25.0,""eisen"":0.31,""kalium"":377.0,""kupfer"":0.046,""magnesium"":25.0,""mangan"":0.011,""natrium"":51.0,""phosphor"":226.0,""selen"":23.6,""vitamin_a"":84.0,""vitamin_b1"":0.12,""vitamin_b12"":4.3,""vitamin_b2"":0.09,""vitamin_b3"":5.567,""vitamin_b5"":1.667,""vitamin_b6"":0.34,""vitamin_b9"":11.0,""vitamin_c"":2.9,""vitamin_d"":15.9,""vitamin_e"":2.34,""vitamin_k"":0.1,""zink"":0.45}"
175154;Forelle Wild;Fish, trout, rainbow, wild, raw;;;119;20.48;0;0;3.46;0.722;0;0.078;"{""calcium"":67.0,""eisen"":0.7,""kalium"":481.0,""kupfer"":0.109,""magnesium"":31.0,""mangan"":0.158,""natrium"":31.0,""phosphor"":271.0,""selen"":12.6,""vitamin_a"":19.0,""vitamin_b1"":0.123,""vitamin_b12"":4.45,""vitamin_b2"":0.105,""vitamin_b3"":5.384,""vitamin_b5"":0.928,""vitamin_b6"":0.406,""vitamin_b9"":12.0,""vitamin_c"":2.4,""zink"":1.08}"
171955;Kabeljau;Fish, cod, Atlantic, raw;;;82;17.81;0;0;0.67;0.131;0;0.135;"{""calcium"":16.0,""eisen"":0.38,""kalium"":413.0,""kupfer"":0.028,""magnesium"":32.0,""mangan"":0.015,""natrium"":54.0,""phosphor"":203.0,""selen"":33.1,""vitamin_a"":12.0,""vitamin_b1"":0.076,""vitamin_b12"":0.91,""vitamin_b2"":0.065,""vitamin_b3"":2.063,""vitamin_b5"":0.153,""vitamin_b6"":0.245,""vitamin_b9"":7.0,""vitamin_c"":1.0,""vitamin_d"":0.9,""vitamin_e"":0.64,""vitamin_k"":0.1,""zink"":0.45}"
171964;Schellfisch;Fish, haddock, raw;;;74;16.32;0;0;0.45;0.091;0;0.533;"{""calcium"":11.0,""eisen"":0.17,""kalium"":286.0,""kupfer"":0.021,""magnesium"":21.0,""mangan"":0.011,""natrium"":213.0,""phosphor"":227.0,""selen"":25.9,""vitamin_a"":17.0,""vitamin_b1"":0.02,""vitamin_b12"":1.83,""vitamin_b2"":0.057,""vitamin_b3"":3.363,""vitamin_b5"":0.403,""vitamin_b6"":0.281,""vitamin_b9"":12.0,""vitamin_c"":0.0,""vitamin_d"":0.5,""vitamin_e"":0.45,""vitamin_k"":0.1,""zink"":0.32}"
175129;Seelachs;Fish, pollock, Atlantic, raw;;;92;19.44;0;0;0.98;0.135;0;0.215;"{""calcium"":60.0,""eisen"":0.46,""kalium"":356.0,""kupfer"":0.05,""magnesium"":67.0,""mangan"":0.015,""natrium"":86.0,""phosphor"":221.0,""selen"":36.5,""vitamin_a"":14.0,""vitamin_b1"":0.047,""vitamin_b12"":3.19,""vitamin_b2"":0.185,""vitamin_b3"":3.27,""vitamin_b5"":0.358,""vitamin_b6"":0.287,""vitamin_b9"":3.0,""vitamin_c"":0.0,""vitamin_d"":1.0,""vitamin_e"":0.23,""vitamin_k"":0.1,""zink"":0.47}"
2768188;Alaska-Seelachs;Alaska Pollock, raw;;;78.479;17.33;0.057;0;0.993;0.237;0;0.287;"{""calcium"":40.36,""eisen"":0.2402,""jod"":185.5,""kalium"":353.0,""kupfer"":0.09744,""magnesium"":22.82,""mangan"":0.003125,""natrium"":114.8,""phosphor"":223.2,""selen"":27.0,""vitamin_a"":2.61,""vitamin_b1"":0.08626,""vitamin_b12"":1.759,""vitamin_b2"":0.1035,""vitamin_b3"":1.48,""vitamin_b5"":0.25,""vitamin_b6"":0.1213,""vitamin_b9"":9.573,""vitamin_d"":0.0,""zink"":0.4313}"
175116;Hering;Fish, herring, Atlantic, raw;;;158;17.96;0;0;9.04;2.04;0;0.225;"{""calcium"":57.0,""eisen"":1.1,""kalium"":327.0,""kupfer"":0.092,""magnesium"":32.0,""mangan"":0.035,""natrium"":90.0,""phosphor"":236.0,""selen"":36.5,""vitamin_a"":28.0,""vitamin_b1"":0.092,""vitamin_b12"":13.67,""vitamin_b2"":0.233,""vitamin_b3"":3.217,""vitamin_b5"":0.645,""vitamin_b6"":0.302,""vitamin_b9"":10.0,""vitamin_c"":0.7,""vitamin_d"":4.2,""vitamin_e"":1.07,""vitamin_k"":0.1,""zink"":0.99}"
175118;Hering eingelegt;Fish, herring, Atlantic, pickled;;;262;14.19;9.64;7.71;18;2.381;0;2.175;"{""calcium"":77.0,""eisen"":1.22,""kalium"":69.0,""kupfer"":0.105,""magnesium"":8.0,""mangan"":0.04,""natrium"":870.0,""phosphor"":89.0,""selen"":58.5,""vitamin_a"":258.0,""vitamin_b1"":0.036,""vitamin_b12"":4.27,""vitamin_b2"":0.139,""vitamin_b3"":3.3,""vitamin_b5"":0.081,""vitamin_b6"":0.17,""vitamin_b9"":2.0,""vitamin_c"":0.0,""vitamin_d"":2.8,""vitamin_e"":1.71,""vitamin_k"":0.2,""zink"":0.53}"
173668;Matjes;Fish, herring, Atlantic, kippered;;;217;24.58;0;0;12.37;2.791;0;2.295;"{""calcium"":84.0,""eisen"":1.51,""kalium"":447.0,""kupfer"":0.135,""magnesium"":46.0,""mangan"":0.05,""natrium"":918.0,""phosphor"":325.0,""selen"":52.6,""vitamin_a"":40.0,""vitamin_b1"":0.126,""vitamin_b12"":18.7,""vitamin_b2"":0.319,""vitamin_b3"":4.402,""vitamin_b5"":0.88,""vitamin_b6"":0.413,""vitamin_b9"":14.0,""vitamin_c"":1.0,""vitamin_d"":2.2,""vitamin_e"":1.54,""vitamin_k"":0.1,""zink"":1.36}"
175119;Makrele;Fish, mackerel, Atlantic, raw;;;205;18.6;0;0;13.89;3.257;0;0.225;"{""calcium"":12.0,""eisen"":1.63,""kalium"":314.0,""kupfer"":0.073,""magnesium"":76.0,""mangan"":0.015,""natrium"":90.0,""phosphor"":217.0,""selen"":44.1,""vitamin_a"":50.0,""vitamin_b1"":0.176,""vitamin_b12"":8.71,""vitamin_b2"":0.312,""vitamin_b3"":9.08,""vitamin_b5"":0.856,""vitamin_b6"":0.399,""vitamin_b9"":1.0,""vitamin_c"":0.4,""vitamin_d"":16.1,""vitamin_e"":1.52,""vitamin_k"":5.0,""zink"":0.63}"
2747652;Sardelle;Anchovies, canned in olive oil, with salt, drained;;;206.065;26.938;2.41;0;9.853;0;0;13.508;"{""calcium"":239.8,""eisen"":2.688,""kalium"":297.8,""kupfer"":0.2352,""magnesium"":227.6,""mangan"":0.1377,""natrium"":5403.0,""phosphor"":225.7,""selen"":48.15,""vitamin_b12"":12.65,""zink"":2.539}"
175139;Sardine;Fish, sardine, Atlantic, canned in oil, drained solids with bone;;;208;24.62;0;0;11.45;1.528;0;0.768;"{""calcium"":382.0,""eisen"":2.92,""kalium"":397.0,""kupfer"":0.186,""magnesium"":39.0,""mangan"":0.108,""natrium"":307.0,""phosphor"":490.0,""selen"":52.7,""vitamin_a"":32.0,""vitamin_b1"":0.08,""vitamin_b12"":8.94,""vitamin_b2"":0.227,""vitamin_b3"":5.245,""vitamin_b5"":0.642,""vitamin_b6"":0.167,""vitamin_b9"":10.0,""vitamin_c"":0.0,""vitamin_d"":4.8,""vitamin_e"":2.04,""vitamin_k"":2.6,""zink"":1.31}"
174196;Scholle;Fish, flatfish (flounder and sole species), raw;;;70;12.41;0;0;1.93;0.441;0;0.74;"{""calcium"":21.0,""eisen"":0.18,""kalium"":160.0,""kupfer"":0.019,""magnesium"":18.0,""mangan"":0.014,""natrium"":296.0,""phosphor"":252.0,""selen"":26.6,""vitamin_a"":10.0,""vitamin_b1"":0.022,""vitamin_b12"":1.13,""vitamin_b2"":0.02,""vitamin_b3"":1.04,""vitamin_b5"":0.185,""vitamin_b6"":0.098,""vitamin_b9"":5.0,""vitamin_c"":0.0,""vitamin_d"":2.8,""vitamin_e"":0.63,""vitamin_k"":0.1,""zink"":0.32}"
174200;Heilbutt;Fish, halibut, Atlantic and Pacific, raw;;;91;18.56;0;0;1.33;0.292;0;0.17;"{""calcium"":7.0,""eisen"":0.16,""kalium"":435.0,""kupfer"":0.023,""magnesium"":23.0,""mangan"":0.011,""natrium"":68.0,""phosphor"":236.0,""selen"":45.6,""vitamin_a"":20.0,""vitamin_b1"":0.05,""vitamin_b12"":1.1,""vitamin_b2"":0.03,""vitamin_b3"":6.513,""vitamin_b5"":0.343,""vitamin_b6"":0.548,""vitamin_b9"":12.0,""vitamin_c"":0.0,""vitamin_d"":4.7,""vitamin_e"":0.61,""vitamin_k"":0.0,""zink"":0.36}"
174197;Seezunge;Fish, flatfish (flounder and sole species), cooked, dry heat;;;86;15.24;0;0;2.37;0.542;0;0.908;"{""calcium"":25.0,""eisen"":0.23,""kalium"":197.0,""kupfer"":0.023,""magnesium"":22.0,""mangan"":0.017,""natrium"":363.0,""phosphor"":309.0,""selen"":32.6,""vitamin_a"":12.0,""vitamin_b1"":0.026,""vitamin_b12"":1.31,""vitamin_b2"":0.025,""vitamin_b3"":1.278,""vitamin_b5"":0.227,""vitamin_b6"":0.115,""vitamin_b9"":6.0,""vitamin_c"":0.0,""vitamin_d"":3.5,""vitamin_e"":0.77,""vitamin_k"":0.1,""zink"":0.39}"
175142;Wolfsbarsch;Fish, sea bass, mixed species, raw;;;97;18.43;0;0;2;0.511;0;0.17;"{""calcium"":10.0,""eisen"":0.29,""kalium"":256.0,""kupfer"":0.019,""magnesium"":41.0,""mangan"":0.015,""natrium"":68.0,""phosphor"":194.0,""selen"":36.5,""vitamin_a"":46.0,""vitamin_b1"":0.11,""vitamin_b12"":0.3,""vitamin_b2"":0.12,""vitamin_b3"":1.6,""vitamin_b5"":0.75,""vitamin_b6"":0.4,""vitamin_b9"":5.0,""vitamin_c"":0.0,""vitamin_d"":5.6,""vitamin_e"":0.84,""vitamin_k"":0.1,""zink"":0.4}"
168456;Dorade;Seaweed, irishmoss, raw;;;49;1.51;12.29;0.61;0.16;0.033;1.3;0.168;"{""calcium"":72.0,""eisen"":8.9,""kalium"":63.0,""kupfer"":0.149,""magnesium"":144.0,""mangan"":0.37,""natrium"":67.0,""phosphor"":157.0,""selen"":0.7,""vitamin_a"":6.0,""vitamin_b1"":0.015,""vitamin_b12"":0.0,""vitamin_b2"":0.466,""vitamin_b3"":0.593,""vitamin_b5"":0.176,""vitamin_b6"":0.069,""vitamin_b9"":182.0,""vitamin_c"":3.0,""vitamin_d"":0.0,""vitamin_e"":0.87,""vitamin_k"":5.0,""zink"":1.95}"
171952;Karpfen;Fish, carp, raw;;;127;17.83;0;0;5.6;1.083;0;0.123;"{""calcium"":41.0,""eisen"":1.24,""kalium"":333.0,""kupfer"":0.057,""magnesium"":29.0,""mangan"":0.042,""natrium"":49.0,""phosphor"":415.0,""selen"":12.6,""vitamin_a"":9.0,""vitamin_b1"":0.115,""vitamin_b12"":1.53,""vitamin_b2"":0.055,""vitamin_b3"":1.64,""vitamin_b5"":0.75,""vitamin_b6"":0.19,""vitamin_b9"":15.0,""vitamin_c"":1.6,""vitamin_d"":24.7,""vitamin_e"":0.63,""vitamin_k"":0.1,""zink"":1.48}"
175128;Zander;Fish, pike, walleye, raw;;;93;19.14;0;0;1.22;0.249;0;0.128;"{""calcium"":110.0,""eisen"":1.3,""kalium"":389.0,""kupfer"":0.178,""magnesium"":30.0,""mangan"":0.8,""natrium"":51.0,""phosphor"":210.0,""selen"":12.6,""vitamin_a"":21.0,""vitamin_b1"":0.27,""vitamin_b12"":2.0,""vitamin_b2"":0.16,""vitamin_b3"":2.3,""vitamin_b5"":0.75,""vitamin_b6"":0.12,""vitamin_b9"":15.0,""vitamin_c"":0.0,""zink"":0.62}"
173680;Hecht;Fish, pike, northern, raw;;;88;19.26;0;0;0.69;0.118;0;0.098;"{""calcium"":57.0,""eisen"":0.55,""kalium"":259.0,""kupfer"":0.051,""magnesium"":31.0,""mangan"":0.24,""natrium"":39.0,""phosphor"":220.0,""selen"":12.6,""vitamin_a"":21.0,""vitamin_b1"":0.058,""vitamin_b12"":2.0,""vitamin_b2"":0.063,""vitamin_b3"":2.3,""vitamin_b5"":0.75,""vitamin_b6"":0.117,""vitamin_b9"":15.0,""vitamin_c"":3.8,""vitamin_d"":2.5,""vitamin_e"":0.2,""vitamin_k"":0.1,""zink"":0.67}"
174193;Aal;Fish, eel, mixed species, raw;;;184;18.44;0;0;11.66;2.358;0;0.128;"{""calcium"":20.0,""eisen"":0.5,""kalium"":272.0,""kupfer"":0.023,""magnesium"":20.0,""mangan"":0.035,""natrium"":51.0,""phosphor"":216.0,""selen"":6.5,""vitamin_a"":1043.0,""vitamin_b1"":0.15,""vitamin_b12"":3.0,""vitamin_b2"":0.04,""vitamin_b3"":3.5,""vitamin_b5"":0.24,""vitamin_b6"":0.067,""vitamin_b9"":15.0,""vitamin_c"":1.8,""vitamin_d"":23.3,""vitamin_e"":4.0,""vitamin_k"":0.0,""zink"":1.62}"
173703;Schwertfisch;Fish, swordfish, raw;;;144;19.66;0;0;6.65;1.614;0;0.203;"{""calcium"":5.0,""eisen"":0.38,""kalium"":418.0,""kupfer"":0.039,""magnesium"":29.0,""mangan"":0.011,""natrium"":81.0,""phosphor"":255.0,""selen"":57.4,""vitamin_a"":36.0,""vitamin_b1"":0.075,""vitamin_b12"":1.7,""vitamin_b2"":0.053,""vitamin_b3"":7.76,""vitamin_b5"":0.35,""vitamin_b6"":0.543,""vitamin_b9"":2.0,""vitamin_c"":0.0,""vitamin_d"":13.9,""vitamin_e"":2.02,""vitamin_k"":0.1,""zink"":0.66}"
175176;Tilapia;Fish, tilapia, raw;;;96;20.08;0;0;1.7;0.585;0;0.13;"{""calcium"":10.0,""eisen"":0.56,""kalium"":302.0,""kupfer"":0.075,""magnesium"":27.0,""mangan"":0.037,""natrium"":52.0,""phosphor"":170.0,""selen"":41.8,""vitamin_a"":0.0,""vitamin_b1"":0.041,""vitamin_b12"":1.58,""vitamin_b2"":0.063,""vitamin_b3"":3.903,""vitamin_b5"":0.487,""vitamin_b6"":0.162,""vitamin_b9"":24.0,""vitamin_c"":0.0,""vitamin_d"":3.1,""vitamin_e"":0.4,""vitamin_k"":1.4,""zink"":0.33}"
175165;Pangasius;Fish, catfish, channel, farmed, raw;;;119;15.23;0;0;5.94;1.31;0;0.245;"{""calcium"":8.0,""eisen"":0.23,""kalium"":302.0,""kupfer"":0.032,""magnesium"":19.0,""mangan"":0.015,""natrium"":98.0,""phosphor"":204.0,""selen"":8.2,""vitamin_a"":0.0,""vitamin_b1"":0.02,""vitamin_b12"":2.88,""vitamin_b2"":0.083,""vitamin_b3"":2.105,""vitamin_b5"":0.67,""vitamin_b6"":0.154,""vitamin_b9"":10.0,""vitamin_c"":0.0,""vitamin_d"":0.2,""vitamin_e"":0.81,""vitamin_k"":2.1,""zink"":0.48}"
174186;Wels;Fish, catfish, channel, wild, raw;;;95;16.38;0;0;2.82;0.722;0;0.108;"{""calcium"":14.0,""eisen"":0.3,""kalium"":358.0,""kupfer"":0.034,""magnesium"":23.0,""mangan"":0.025,""natrium"":43.0,""phosphor"":209.0,""selen"":12.6,""vitamin_a"":15.0,""vitamin_b1"":0.21,""vitamin_b12"":2.23,""vitamin_b2"":0.072,""vitamin_b3"":1.907,""vitamin_b5"":0.765,""vitamin_b6"":0.116,""vitamin_b9"":10.0,""vitamin_c"":0.7,""vitamin_d"":12.5,""zink"":0.51}"
173160;Garnele;Snacks, shrimp cracker;;;426;7.14;59.09;21.43;17.86;5.357;5.6;1.428;"{""calcium"":20.0,""eisen"":1.91,""kalium"":193.0,""kupfer"":0.221,""magnesium"":72.0,""mangan"":2.14,""natrium"":571.0,""phosphor"":191.0,""selen"":33.1,""vitamin_a"":0.0,""vitamin_b1"":0.264,""vitamin_b12"":0.02,""vitamin_b2"":0.091,""vitamin_b3"":2.631,""vitamin_b5"":0.321,""vitamin_b6"":0.216,""vitamin_b9"":23.0,""vitamin_c"":0.0,""vitamin_d"":0.0,""vitamin_e"":3.28,""vitamin_k"":12.8,""zink"":1.38}"
171971;Garnele gekocht;Crustaceans, shrimp, mixed species, cooked, moist heat (may contain additives to retain moisture);;;119;22.78;1.52;0;1.7;0.521;0;2.368;"{""calcium"":91.0,""eisen"":0.32,""kalium"":170.0,""kupfer"":0.258,""magnesium"":37.0,""mangan"":0.049,""natrium"":947.0,""phosphor"":306.0,""selen"":49.5,""vitamin_a"":90.0,""vitamin_b1"":0.032,""vitamin_b12"":1.66,""vitamin_b2"":0.024,""vitamin_b3"":2.678,""vitamin_b5"":0.519,""vitamin_b6"":0.242,""vitamin_b9"":24.0,""vitamin_c"":0.0,""vitamin_d"":0.1,""vitamin_e"":2.2,""vitamin_k"":0.4,""zink"":1.63}"
174208;Kaisergranat;Crustaceans, lobster, northern, raw;;;77;16.52;0;0;0.75;0.181;0;1.058;"{""calcium"":84.0,""eisen"":0.26,""kalium"":200.0,""kupfer"":1.349,""magnesium"":38.0,""mangan"":0.056,""natrium"":423.0,""phosphor"":161.0,""selen"":63.6,""vitamin_a"":1.0,""vitamin_b1"":0.02,""vitamin_b12"":1.25,""vitamin_b2"":0.014,""vitamin_b3"":1.591,""vitamin_b5"":1.449,""vitamin_b6"":0.104,""vitamin_b9"":10.0,""vitamin_c"":0.0,""vitamin_d"":0.0,""vitamin_e"":0.87,""vitamin_k"":0.0,""zink"":3.53}"
174209;Hummer;Crustaceans, lobster, northern, cooked, moist heat;;;89;19;0;0;0.86;0.208;0;1.215;"{""calcium"":96.0,""eisen"":0.29,""kalium"":230.0,""kupfer"":1.55,""magnesium"":43.0,""mangan"":0.065,""natrium"":486.0,""phosphor"":185.0,""selen"":73.1,""vitamin_a"":1.0,""vitamin_b1"":0.023,""vitamin_b12"":1.43,""vitamin_b2"":0.017,""vitamin_b3"":1.83,""vitamin_b5"":1.667,""vitamin_b6"":0.119,""vitamin_b9"":11.0,""vitamin_c"":0.0,""vitamin_d"":0.0,""vitamin_e"":1.0,""vitamin_k"":0.0,""zink"":4.05}"
171968;Krabben;Crustaceans, crab, dungeness, raw;;;86;17.41;0.74;0;0.97;0.132;0;0.738;"{""calcium"":46.0,""eisen"":0.37,""kalium"":354.0,""kupfer"":0.674,""magnesium"":45.0,""mangan"":0.08,""natrium"":295.0,""phosphor"":182.0,""selen"":37.1,""vitamin_a"":27.0,""vitamin_b1"":0.047,""vitamin_b12"":9.0,""vitamin_b2"":0.167,""vitamin_b3"":3.14,""vitamin_b5"":0.35,""vitamin_b6"":0.15,""vitamin_b9"":44.0,""vitamin_c"":3.5,""zink"":4.27}"
174204;Krebsfleisch;Crustaceans, crab, blue, raw;;;87;18.06;0.04;0;1.08;0.222;0;0.733;"{""calcium"":89.0,""eisen"":0.74,""kalium"":329.0,""kupfer"":0.669,""magnesium"":34.0,""mangan"":0.15,""natrium"":293.0,""phosphor"":229.0,""selen"":37.4,""vitamin_a"":2.0,""vitamin_b1"":0.08,""vitamin_b12"":9.0,""vitamin_b2"":0.04,""vitamin_b3"":2.7,""vitamin_b5"":0.35,""vitamin_b6"":0.15,""vitamin_b9"":44.0,""vitamin_c"":3.0,""zink"":3.54}"
174216;Muschel;Mollusks, mussel, blue, raw;;;86;11.9;3.69;0;2.24;0.425;0;0.715;"{""calcium"":26.0,""eisen"":3.95,""kalium"":320.0,""kupfer"":0.094,""magnesium"":34.0,""mangan"":3.4,""natrium"":286.0,""phosphor"":197.0,""selen"":44.8,""vitamin_a"":48.0,""vitamin_b1"":0.16,""vitamin_b12"":12.0,""vitamin_b2"":0.21,""vitamin_b3"":1.6,""vitamin_b5"":0.5,""vitamin_b6"":0.05,""vitamin_b9"":42.0,""vitamin_c"":8.0,""vitamin_d"":0.0,""vitamin_e"":0.55,""vitamin_k"":0.1,""zink"":1.6}"
171978;Auster;Mollusks, oyster, eastern, wild, raw;;;51;5.71;2.72;0.62;1.71;0.474;0;0.213;"{""calcium"":59.0,""eisen"":4.61,""kalium"":156.0,""kupfer"":2.858,""magnesium"":18.0,""mangan"":0.296,""natrium"":85.0,""phosphor"":97.0,""selen"":19.7,""vitamin_a"":13.0,""vitamin_b1"":0.018,""vitamin_b12"":8.75,""vitamin_b2"":0.09,""vitamin_b3"":0.925,""vitamin_b5"":0.223,""vitamin_b6"":0.031,""vitamin_b9"":7.0,""vitamin_c"":0.0,""vitamin_d"":0.0,""vitamin_e"":0.85,""vitamin_k"":1.0,""zink"":39.3}"
2747667;Jakobsmuschel;Scallops, sea, frozen, wild caught;;;66.355;13.513;1.966;0;0.493;0;0;0.783;"{""calcium"":10.54,""eisen"":0.2133,""kalium"":244.9,""kupfer"":0.004117,""magnesium"":30.63,""mangan"":0.00555,""natrium"":313.0,""phosphor"":214.0,""selen"":15.74,""vitamin_b12"":1.285,""zink"":1.002}"
174223;Tintenfisch;Mollusks, squid, mixed species, raw;;;92;15.58;3.08;0;1.38;0.358;0;0.11;"{""calcium"":32.0,""eisen"":0.68,""kalium"":246.0,""kupfer"":1.891,""magnesium"":33.0,""mangan"":0.035,""natrium"":44.0,""phosphor"":221.0,""selen"":44.8,""vitamin_a"":10.0,""vitamin_b1"":0.02,""vitamin_b12"":1.3,""vitamin_b2"":0.412,""vitamin_b3"":2.175,""vitamin_b5"":0.5,""vitamin_b6"":0.056,""vitamin_b9"":5.0,""vitamin_c"":4.7,""vitamin_d"":0.0,""vitamin_e"":1.2,""vitamin_k"":0.0,""zink"":1.53}"
168019;Oktopus;Octopus (Alaska Native);;;56;12.3;0;0;0.8;0.2;0;0;"{""calcium"":35.0,""eisen"":4.9,""kupfer"":0.37,""mangan"":0.021,""phosphor"":158.0,""vitamin_b1"":0.03,""vitamin_b2"":0.04,""vitamin_b3"":2.0,""vitamin_c"":0.0,""zink"":1.43}"
172188;Hühnerei ganz;Egg, whole, dried;;;592;48.05;1.13;0.56;43.9;15.069;0;1.19;"{""calcium"":244.0,""eisen"":7.2,""kalium"":540.0,""kupfer"":0.203,""magnesium"":34.0,""mangan"":0.058,""natrium"":476.0,""phosphor"":629.0,""selen"":164.7,""vitamin_a"":301.0,""vitamin_b1"":0.183,""vitamin_b12"":2.96,""vitamin_b2"":1.977,""vitamin_b3"":0.34,""vitamin_b5"":5.55,""vitamin_b6"":0.499,""vitamin_b9"":119.0,""vitamin_c"":0.0,""vitamin_d"":8.3,""vitamin_e"":3.88,""vitamin_k"":1.2,""zink"":3.15}"
172204;Eiweiß;Egg, white, dried;;;382;81.1;7.8;5.4;0;0;0;3.2;"{""calcium"":62.0,""eisen"":0.15,""kalium"":1125.0,""kupfer"":0.114,""magnesium"":88.0,""mangan"":0.007,""natrium"":1280.0,""phosphor"":111.0,""selen"":125.1,""vitamin_a"":0.0,""vitamin_b1"":0.005,""vitamin_b12"":0.18,""vitamin_b2"":2.53,""vitamin_b3"":0.865,""vitamin_b5"":0.775,""vitamin_b6"":0.036,""vitamin_b9"":18.0,""vitamin_c"":0.0,""vitamin_d"":0.0,""vitamin_e"":0.0,""vitamin_k"":0.0,""zink"":0.1}"
173428;Eigelb;Egg, yolk, dried;;;669;33.63;0.66;0.23;59.13;20.334;0;0.373;"{""calcium"":289.0,""eisen"":9.56,""kalium"":264.0,""kupfer"":0.0,""magnesium"":26.0,""mangan"":0.185,""natrium"":149.0,""phosphor"":1040.0,""selen"":139.3,""vitamin_a"":483.0,""vitamin_b1"":0.387,""vitamin_b12"":5.11,""vitamin_b2"":1.257,""vitamin_b3"":0.083,""vitamin_b5"":9.063,""vitamin_b6"":0.742,""vitamin_b9"":209.0,""vitamin_c"":0.0,""vitamin_d"":10.4,""vitamin_e"":4.81,""vitamin_k"":1.5,""zink"":7.73}"
173424;Hühnerei gekocht;Egg, whole, cooked, hard-boiled;;;155;12.58;1.12;1.12;10.61;3.267;0;0.31;"{""calcium"":50.0,""eisen"":1.19,""kalium"":126.0,""kupfer"":0.013,""magnesium"":10.0,""mangan"":0.026,""natrium"":124.0,""phosphor"":172.0,""selen"":30.8,""vitamin_a"":149.0,""vitamin_b1"":0.066,""vitamin_b12"":1.11,""vitamin_b2"":0.513,""vitamin_b3"":0.064,""vitamin_b5"":1.398,""vitamin_b6"":0.121,""vitamin_b9"":44.0,""vitamin_c"":0.0,""vitamin_d"":2.2,""vitamin_e"":1.03,""vitamin_k"":0.3,""zink"":1.05}"
172187;Rührei;Egg, whole, cooked, scrambled;;;149;9.99;1.61;1.39;10.98;3.331;0;0.363;"{""calcium"":66.0,""eisen"":1.31,""kalium"":132.0,""kupfer"":0.059,""magnesium"":11.0,""mangan"":0.022,""natrium"":145.0,""phosphor"":165.0,""selen"":23.5,""vitamin_a"":161.0,""vitamin_b1"":0.04,""vitamin_b12"":0.76,""vitamin_b2"":0.376,""vitamin_b3"":0.076,""vitamin_b5"":1.217,""vitamin_b6"":0.134,""vitamin_b9"":36.0,""vitamin_c"":0.0,""vitamin_d"":1.8,""vitamin_e"":1.15,""vitamin_k"":4.0,""zink"":1.04}"
172191;Wachtelei;Egg, quail, whole, fresh, raw;;;158;13.05;0.41;0.4;11.09;3.557;0;0.353;"{""calcium"":64.0,""eisen"":3.65,""kalium"":132.0,""kupfer"":0.062,""magnesium"":13.0,""mangan"":0.038,""natrium"":141.0,""phosphor"":226.0,""selen"":32.0,""vitamin_a"":156.0,""vitamin_b1"":0.13,""vitamin_b12"":1.58,""vitamin_b2"":0.79,""vitamin_b3"":0.15,""vitamin_b5"":1.761,""vitamin_b6"":0.15,""vitamin_b9"":66.0,""vitamin_c"":0.0,""vitamin_d"":1.4,""vitamin_e"":1.08,""vitamin_k"":0.3,""zink"":1.47}"
172189;Entenei;Egg, duck, whole, fresh, raw;;;185;12.81;1.45;0.93;13.77;3.681;0;0.365;"{""calcium"":64.0,""eisen"":3.85,""kalium"":222.0,""kupfer"":0.062,""magnesium"":17.0,""mangan"":0.038,""natrium"":146.0,""phosphor"":220.0,""selen"":36.4,""vitamin_a"":194.0,""vitamin_b1"":0.156,""vitamin_b12"":5.4,""vitamin_b2"":0.404,""vitamin_b3"":0.2,""vitamin_b5"":1.862,""vitamin_b6"":0.25,""vitamin_b9"":80.0,""vitamin_c"":0.0,""vitamin_d"":1.7,""vitamin_e"":1.34,""vitamin_k"":0.4,""zink"":1.41}"
172190;Gänseei;Egg, goose, whole, fresh, raw;;;185;13.87;1.35;0.94;13.27;3.595;0;0.345;"{""calcium"":60.0,""eisen"":3.64,""kalium"":210.0,""kupfer"":0.062,""magnesium"":16.0,""mangan"":0.038,""natrium"":138.0,""phosphor"":208.0,""selen"":36.9,""vitamin_a"":187.0,""vitamin_b1"":0.147,""vitamin_b12"":5.1,""vitamin_b2"":0.382,""vitamin_b3"":0.189,""vitamin_b5"":1.759,""vitamin_b6"":0.236,""vitamin_b9"":76.0,""vitamin_c"":0.0,""vitamin_d"":1.7,""vitamin_e"":1.29,""vitamin_k"":0.4,""zink"":1.33}"
171265;Vollmilch;Milk, whole, 3.25% milkfat, with added vitamin D;;;61;3.15;4.8;5.05;3.25;1.865;0;0.108;"{""calcium"":113.0,""eisen"":0.03,""kalium"":132.0,""kupfer"":0.025,""magnesium"":10.0,""mangan"":0.004,""natrium"":43.0,""phosphor"":84.0,""selen"":3.7,""vitamin_a"":46.0,""vitamin_b1"":0.046,""vitamin_b12"":0.45,""vitamin_b2"":0.169,""vitamin_b3"":0.089,""vitamin_b5"":0.373,""vitamin_b6"":0.036,""vitamin_b9"":5.0,""vitamin_c"":0.0,""vitamin_d"":1.3,""vitamin_e"":0.07,""vitamin_k"":0.3,""zink"":0.37}"
167697;Fettarme Milch;Milk, buttermilk, fluid, cultured, reduced fat;;;56;4.1;5.3;5.3;2;1.242;0;0.263;"{""calcium"":143.0,""eisen"":0.06,""kalium"":180.0,""kupfer"":0.008,""magnesium"":13.0,""natrium"":105.0,""phosphor"":82.0,""selen"":2.3,""vitamin_a"":16.0,""vitamin_b1"":0.05,""vitamin_b12"":0.37,""vitamin_b2"":0.21,""vitamin_b3"":0.1,""vitamin_b6"":0.03,""vitamin_b9"":6.0,""vitamin_c"":1.5,""vitamin_d"":0.0,""vitamin_e"":0.11,""vitamin_k"":0.1,""zink"":0.24}"
172195;Magermilchpulver;Milk, dry, nonfat, regular, with added vitamin A and vitamin D;;;362;36.16;51.98;51.98;0.77;0.499;0;1.338;"{""calcium"":1257.0,""eisen"":0.32,""kalium"":1794.0,""kupfer"":0.041,""magnesium"":110.0,""mangan"":0.02,""natrium"":535.0,""phosphor"":968.0,""selen"":27.3,""vitamin_a"":653.0,""vitamin_b1"":0.415,""vitamin_b12"":4.03,""vitamin_b2"":1.55,""vitamin_b3"":0.951,""vitamin_b5"":3.568,""vitamin_b6"":0.361,""vitamin_b9"":50.0,""vitamin_c"":6.8,""vitamin_d"":11.0,""vitamin_e"":0.0,""vitamin_k"":0.1,""zink"":4.08}"
171269;Magermilch;Milk, nonfat, fluid, with added vitamin A and vitamin D (fat free or skim);;;34;3.37;4.96;5.09;0.08;0.056;0;0.105;"{""calcium"":122.0,""eisen"":0.03,""kalium"":156.0,""kupfer"":0.013,""magnesium"":11.0,""mangan"":0.003,""natrium"":42.0,""phosphor"":101.0,""selen"":3.1,""vitamin_a"":61.0,""vitamin_b1"":0.045,""vitamin_b12"":0.5,""vitamin_b2"":0.182,""vitamin_b3"":0.094,""vitamin_b5"":0.357,""vitamin_b6"":0.037,""vitamin_b9"":5.0,""vitamin_c"":0.0,""vitamin_d"":1.2,""vitamin_e"":0.01,""vitamin_k"":0.0,""zink"":0.42}"
2259792;Buttermilch;Buttermilk, low fat;;;42.918;3.465;4.812;0;1.081;0.553;0;0.231;"{""calcium"":120.1,""eisen"":0.01325,""jod"":34.16,""kalium"":158.0,""kupfer"":0.00135,""magnesium"":11.03,""mangan"":0.0,""natrium"":92.49,""phosphor"":92.19,""vitamin_b1"":0.0485,""vitamin_b2"":0.1963,""vitamin_b3"":0.1275,""vitamin_b6"":0.03931,""vitamin_b7"":0.0,""vitamin_d"":0.543,""vitamin_k"":0.0,""zink"":0.4263}"
170859;Schlagsahne;Cream, fluid, heavy whipping;;;340;2.84;2.84;2.92;36.08;23.032;0;0.068;"{""calcium"":66.0,""eisen"":0.1,""kalium"":95.0,""kupfer"":0.011,""magnesium"":7.0,""mangan"":0.006,""natrium"":27.0,""phosphor"":58.0,""selen"":3.0,""vitamin_a"":411.0,""vitamin_b1"":0.02,""vitamin_b12"":0.16,""vitamin_b2"":0.188,""vitamin_b3"":0.064,""vitamin_b5"":0.495,""vitamin_b6"":0.035,""vitamin_b9"":4.0,""vitamin_c"":0.6,""vitamin_d"":1.6,""vitamin_e"":0.92,""vitamin_k"":3.2,""zink"":0.24}"
170869;Saure Sahne;Sour cream, imitation, cultured;;;208;2.4;6.63;6.63;19.52;17.791;0;0.255;"{""calcium"":3.0,""eisen"":0.39,""kalium"":161.0,""kupfer"":0.058,""magnesium"":6.0,""mangan"":0.11,""natrium"":102.0,""phosphor"":45.0,""selen"":2.5,""vitamin_a"":0.0,""vitamin_b1"":0.0,""vitamin_b12"":0.0,""vitamin_b2"":0.0,""vitamin_b3"":0.0,""vitamin_b5"":0.0,""vitamin_b6"":0.0,""vitamin_b9"":0.0,""vitamin_c"":0.0,""vitamin_d"":0.0,""vitamin_e"":0.74,""vitamin_k"":4.8,""zink"":1.18}"
170858;Crème fraîche;Cream, fluid, light whipping;;;292;2.17;2.96;2.96;30.91;19.337;0;0.085;"{""calcium"":69.0,""eisen"":0.03,""kalium"":97.0,""kupfer"":0.007,""magnesium"":7.0,""mangan"":0.001,""natrium"":34.0,""phosphor"":61.0,""selen"":0.5,""vitamin_a"":279.0,""vitamin_b1"":0.024,""vitamin_b12"":0.2,""vitamin_b2"":0.125,""vitamin_b3"":0.042,""vitamin_b5"":0.259,""vitamin_b6"":0.028,""vitamin_b9"":4.0,""vitamin_c"":0.6,""vitamin_d"":0.6,""vitamin_e"":0.88,""vitamin_k"":2.7,""zink"":0.25}"
173442;Schmand;Sour cream, reduced fat;;;181;7;7;0.3;14.1;8.7;0;0.175;"{""calcium"":141.0,""eisen"":0.06,""kalium"":211.0,""kupfer"":0.01,""magnesium"":11.0,""natrium"":70.0,""phosphor"":85.0,""selen"":4.1,""vitamin_a"":119.0,""vitamin_b1"":0.04,""vitamin_b12"":0.3,""vitamin_b2"":0.24,""vitamin_b3"":0.07,""vitamin_b6"":0.02,""vitamin_b9"":11.0,""vitamin_c"":0.9,""vitamin_d"":0.3,""vitamin_e"":0.4,""vitamin_k"":0.7,""zink"":0.27}"
171275;Kondensmilch;Milk, canned, condensed, sweetened;;;321;7.91;54.4;54.4;8.7;5.486;0;0.318;"{""calcium"":284.0,""eisen"":0.19,""kalium"":371.0,""kupfer"":0.015,""magnesium"":26.0,""mangan"":0.006,""natrium"":127.0,""phosphor"":253.0,""selen"":14.8,""vitamin_a"":74.0,""vitamin_b1"":0.09,""vitamin_b12"":0.44,""vitamin_b2"":0.416,""vitamin_b3"":0.21,""vitamin_b5"":0.75,""vitamin_b6"":0.051,""vitamin_b9"":11.0,""vitamin_c"":2.6,""vitamin_d"":0.2,""vitamin_e"":0.16,""vitamin_k"":0.6,""zink"":0.94}"
171276;Evaporated Milk;Milk, canned, evaporated, with added vitamin D and without added vitamin A;;;134;6.81;10.04;10.04;7.56;4.591;0;0.265;"{""calcium"":261.0,""eisen"":0.19,""kalium"":303.0,""kupfer"":0.016,""magnesium"":24.0,""mangan"":0.006,""natrium"":106.0,""phosphor"":203.0,""selen"":2.3,""vitamin_a"":65.0,""vitamin_b1"":0.047,""vitamin_b12"":0.16,""vitamin_b2"":0.316,""vitamin_b3"":0.194,""vitamin_b5"":0.638,""vitamin_b6"":0.05,""vitamin_b9"":8.0,""vitamin_c"":1.9,""vitamin_d"":2.0,""vitamin_e"":0.14,""vitamin_k"":0.5,""zink"":0.77}"
171284;Joghurt natur;Yogurt, plain, whole milk;;;61;3.47;4.66;4.66;3.25;2.096;0;0.115;"{""calcium"":121.0,""eisen"":0.05,""kalium"":155.0,""kupfer"":0.009,""magnesium"":12.0,""mangan"":0.004,""natrium"":46.0,""phosphor"":95.0,""selen"":2.2,""vitamin_a"":27.0,""vitamin_b1"":0.029,""vitamin_b12"":0.37,""vitamin_b2"":0.142,""vitamin_b3"":0.075,""vitamin_b5"":0.389,""vitamin_b6"":0.032,""vitamin_b9"":7.0,""vitamin_c"":0.5,""vitamin_d"":0.1,""vitamin_e"":0.06,""vitamin_k"":0.2,""zink"":0.59}"
170886;Joghurt fettarm;Yogurt, plain, low fat;;;63;5.25;7.04;7.04;1.55;1;0;0.175;"{""calcium"":183.0,""eisen"":0.08,""kalium"":234.0,""kupfer"":0.013,""magnesium"":17.0,""mangan"":0.004,""natrium"":70.0,""phosphor"":144.0,""selen"":3.3,""vitamin_a"":14.0,""vitamin_b1"":0.044,""vitamin_b12"":0.56,""vitamin_b2"":0.214,""vitamin_b3"":0.114,""vitamin_b5"":0.591,""vitamin_b6"":0.049,""vitamin_b9"":11.0,""vitamin_c"":0.8,""vitamin_d"":0.0,""vitamin_e"":0.03,""vitamin_k"":0.2,""zink"":0.89}"
171304;Griechischer Joghurt;Yogurt, Greek, plain, whole milk;;;97;9;3.98;4;5;2.395;0;0.088;"{""calcium"":100.0,""eisen"":0.0,""kalium"":141.0,""kupfer"":0.017,""magnesium"":11.0,""mangan"":0.009,""natrium"":35.0,""phosphor"":135.0,""selen"":9.7,""vitamin_a"":2.0,""vitamin_b1"":0.023,""vitamin_b12"":0.75,""vitamin_b2"":0.278,""vitamin_b3"":0.208,""vitamin_b5"":0.331,""vitamin_b6"":0.063,""vitamin_b9"":5.0,""vitamin_c"":0.0,""vitamin_d"":0.0,""vitamin_e"":0.01,""vitamin_k"":0.0,""zink"":0.52}"
170901;Skyr;Yogurt, Greek, strawberry, nonfat;;;82;8.05;12.07;11.27;0.15;0.105;0.6;0.083;"{""calcium"":97.0,""eisen"":0.09,""kalium"":132.0,""kupfer"":0.019,""magnesium"":10.0,""mangan"":0.033,""natrium"":33.0,""phosphor"":113.0,""selen"":9.4,""vitamin_a"":0.0,""vitamin_b1"":0.037,""vitamin_b12"":0.49,""vitamin_b2"":0.253,""vitamin_b3"":0.213,""vitamin_b5"":0.358,""vitamin_b6"":0.05,""vitamin_b9"":20.0,""vitamin_c"":0.3,""vitamin_d"":1.0,""vitamin_e"":0.02,""vitamin_k"":0.0,""zink"":0.45}"
170904;Kefir;Kefir, lowfat, plain, LIFEWAY;;;43;3.79;4.77;4.61;1.02;0.658;0;0.1;"{""calcium"":130.0,""eisen"":0.04,""kalium"":164.0,""kupfer"":0.009,""magnesium"":12.0,""mangan"":0.005,""natrium"":40.0,""phosphor"":105.0,""selen"":3.6,""vitamin_a"":171.0,""vitamin_b1"":0.03,""vitamin_b12"":0.29,""vitamin_b2"":0.135,""vitamin_b3"":0.15,""vitamin_b5"":0.385,""vitamin_b6"":0.058,""vitamin_b9"":13.0,""vitamin_c"":0.2,""vitamin_d"":1.0,""vitamin_e"":0.02,""vitamin_k"":0.1,""zink"":0.46}"
173417;Quark Magerstufe;Cheese, cottage, lowfat, 1% milkfat;;;72;12.39;2.72;2.72;1.02;0.645;0;1.015;"{""calcium"":61.0,""eisen"":0.14,""kalium"":86.0,""kupfer"":0.028,""magnesium"":5.0,""mangan"":0.003,""natrium"":406.0,""phosphor"":134.0,""selen"":9.0,""vitamin_a"":11.0,""vitamin_b1"":0.021,""vitamin_b12"":0.63,""vitamin_b2"":0.165,""vitamin_b3"":0.128,""vitamin_b5"":0.215,""vitamin_b6"":0.068,""vitamin_b9"":12.0,""vitamin_c"":0.0,""vitamin_d"":0.0,""vitamin_e"":0.01,""vitamin_k"":0.1,""zink"":0.38}"
172180;Quark Vollfett;Cheese, cottage, creamed, with fruit;;;97;10.69;4.61;2.38;3.85;2.311;0.2;0.86;"{""calcium"":53.0,""eisen"":0.16,""kalium"":90.0,""kupfer"":0.04,""magnesium"":7.0,""mangan"":0.003,""natrium"":344.0,""phosphor"":113.0,""selen"":7.7,""vitamin_a"":38.0,""vitamin_b1"":0.033,""vitamin_b12"":0.53,""vitamin_b2"":0.142,""vitamin_b3"":0.15,""vitamin_b5"":0.181,""vitamin_b6"":0.068,""vitamin_b9"":11.0,""vitamin_c"":1.4,""vitamin_d"":0.0,""vitamin_e"":0.04,""vitamin_k"":0.4,""zink"":0.33}"
172179;Hüttenkäse;Cheese, cottage, creamed, large or small curd;;;98;11.12;3.38;2.67;4.3;1.718;0;0.788;"{""calcium"":83.0,""eisen"":0.07,""kalium"":104.0,""kupfer"":0.029,""magnesium"":8.0,""mangan"":0.002,""natrium"":315.0,""phosphor"":159.0,""selen"":9.7,""vitamin_a"":37.0,""vitamin_b1"":0.027,""vitamin_b12"":0.43,""vitamin_b2"":0.163,""vitamin_b3"":0.099,""vitamin_b5"":0.557,""vitamin_b6"":0.046,""vitamin_b9"":12.0,""vitamin_c"":0.0,""vitamin_d"":0.1,""vitamin_e"":0.08,""vitamin_k"":0.0,""zink"":0.4}"
170851;Ricotta;Cheese, ricotta, whole milk;;;150;7.54;7.27;0.27;10.18;6.42;0;0.275;"{""calcium"":206.0,""eisen"":0.13,""kalium"":219.0,""kupfer"":0.018,""magnesium"":20.0,""mangan"":0.011,""natrium"":110.0,""phosphor"":154.0,""selen"":5.9,""vitamin_a"":120.0,""vitamin_b1"":0.013,""vitamin_b12"":0.85,""vitamin_b2"":0.298,""vitamin_b3"":0.137,""vitamin_b5"":0.461,""vitamin_b6"":0.097,""vitamin_b9"":4.0,""vitamin_c"":0.0,""vitamin_d"":0.2,""vitamin_e"":0.11,""vitamin_k"":1.1,""zink"":0.53}"
172175;Mascarpone;Cheese, blue;;;353;21.4;2.34;0.5;28.74;18.669;0;2.865;"{""calcium"":528.0,""eisen"":0.31,""kalium"":256.0,""kupfer"":0.04,""magnesium"":23.0,""mangan"":0.009,""natrium"":1146.0,""phosphor"":387.0,""selen"":14.5,""vitamin_a"":198.0,""vitamin_b1"":0.029,""vitamin_b12"":1.22,""vitamin_b2"":0.382,""vitamin_b3"":1.016,""vitamin_b5"":1.729,""vitamin_b6"":0.166,""vitamin_b9"":36.0,""vitamin_c"":0.0,""vitamin_d"":0.5,""vitamin_e"":0.25,""vitamin_k"":2.4,""zink"":2.66}"
173418;Frischkäse;Cheese, cream;;;350;6.15;5.52;3.76;34.44;20.213;0;0.785;"{""calcium"":97.0,""eisen"":0.11,""kalium"":132.0,""kupfer"":0.018,""magnesium"":9.0,""mangan"":0.011,""natrium"":314.0,""phosphor"":107.0,""selen"":8.6,""vitamin_a"":308.0,""vitamin_b1"":0.023,""vitamin_b12"":0.22,""vitamin_b2"":0.23,""vitamin_b3"":0.091,""vitamin_b5"":0.517,""vitamin_b6"":0.056,""vitamin_b9"":9.0,""vitamin_c"":0.0,""vitamin_d"":0.0,""vitamin_e"":0.86,""vitamin_k"":2.1,""zink"":0.5}"
172446;Sojamilch;Soymilk, original and vanilla, unfortified;;;54;3.27;6.28;3.99;1.75;0.205;0.6;0.128;"{""calcium"":25.0,""eisen"":0.64,""kalium"":118.0,""kupfer"":0.128,""magnesium"":25.0,""mangan"":0.223,""natrium"":51.0,""phosphor"":52.0,""selen"":4.8,""vitamin_a"":0.0,""vitamin_b1"":0.06,""vitamin_b12"":0.0,""vitamin_b2"":0.069,""vitamin_b3"":0.513,""vitamin_b5"":0.373,""vitamin_b6"":0.077,""vitamin_b9"":18.0,""vitamin_c"":0.0,""vitamin_d"":0.0,""vitamin_e"":0.11,""vitamin_k"":3.0,""zink"":0.12}"
1999631;Mandelmilch;Almond milk, unsweetened, plain, shelf stable;;;14.556;0.555;0.337;0;1.221;0.104;0;0.149;"{""calcium"":172.7,""eisen"":0.2899,""jod"":0.0,""kalium"":30.79,""kupfer"":0.02126,""magnesium"":6.785,""mangan"":0.04497,""natrium"":59.58,""phosphor"":29.85,""selen"":0.0,""vitamin_a"":41.4,""vitamin_b1"":0.0,""vitamin_b12"":0.3375,""vitamin_b2"":0.03339,""vitamin_b3"":0.07438,""vitamin_b6"":0.0,""vitamin_b7"":1.019,""vitamin_b9"":0.0,""vitamin_d"":0.927,""vitamin_e"":3.323,""zink"":0.1718}"
2257046;Hafermilch;Oat milk, unsweetened, plain, refrigerated;;;48.33;0.797;5.1;0;2.749;0;0;0.105;"{""calcium"":148.5,""eisen"":0.2612,""kalium"":148.4,""kupfer"":0.02712,""magnesium"":5.909,""mangan"":0.1262,""natrium"":41.98,""phosphor"":89.18,""selen"":0.0,""vitamin_b1"":0.04,""vitamin_b12"":0.5064,""vitamin_b2"":0.2807,""vitamin_b3"":0.09625,""vitamin_b6"":0.0065,""vitamin_b7"":1.406,""vitamin_b9"":0.0,""vitamin_d"":1.7,""vitamin_k"":0.4,""zink"":0.09062}"
170173;Kokosmilch;Nuts, coconut milk, canned (liquid expressed from grated meat and water);;;197;2.02;2.81;0;21.33;18.915;0;0.033;"{""calcium"":18.0,""eisen"":3.3,""kalium"":220.0,""kupfer"":0.223,""magnesium"":46.0,""mangan"":0.768,""natrium"":13.0,""phosphor"":96.0,""vitamin_a"":0.0,""vitamin_b1"":0.022,""vitamin_b12"":0.0,""vitamin_b2"":0.0,""vitamin_b3"":0.637,""vitamin_b5"":0.153,""vitamin_b6"":0.028,""vitamin_b9"":14.0,""vitamin_c"":1.0,""vitamin_d"":0.0,""zink"":0.56}"
171241;Gouda;Cheese, gouda;;;356;24.94;2.22;2.22;27.44;17.614;0;2.048;"{""calcium"":700.0,""eisen"":0.24,""kalium"":121.0,""kupfer"":0.036,""magnesium"":29.0,""mangan"":0.011,""natrium"":819.0,""phosphor"":546.0,""selen"":14.5,""vitamin_a"":165.0,""vitamin_b1"":0.03,""vitamin_b12"":1.54,""vitamin_b2"":0.334,""vitamin_b3"":0.063,""vitamin_b5"":0.34,""vitamin_b6"":0.08,""vitamin_b9"":21.0,""vitamin_c"":0.0,""vitamin_d"":0.5,""vitamin_e"":0.24,""vitamin_k"":2.3,""zink"":3.9}"
173419;Edamer;Cheese, edam;;;357;24.99;1.43;0;28.57;18.67;0;2.433;"{""calcium"":731.0,""eisen"":0.44,""kalium"":188.0,""kupfer"":0.036,""magnesium"":30.0,""mangan"":0.011,""natrium"":973.0,""phosphor"":536.0,""selen"":14.5,""vitamin_a"":243.0,""vitamin_b1"":0.037,""vitamin_b12"":1.54,""vitamin_b2"":0.389,""vitamin_b3"":0.082,""vitamin_b5"":0.281,""vitamin_b6"":0.076,""vitamin_b9"":16.0,""vitamin_c"":0.0,""vitamin_d"":0.5,""vitamin_e"":0.24,""vitamin_k"":2.3,""zink"":3.75}"
171251;Emmentaler;Cheese, swiss;;;393;26.96;1.44;0;30.99;18.227;0;0.468;"{""calcium"":890.0,""eisen"":0.13,""kalium"":72.0,""kupfer"":0.047,""magnesium"":33.0,""mangan"":0.026,""natrium"":187.0,""phosphor"":574.0,""selen"":30.0,""vitamin_a"":288.0,""vitamin_b1"":0.011,""vitamin_b12"":3.06,""vitamin_b2"":0.302,""vitamin_b3"":0.064,""vitamin_b5"":0.353,""vitamin_b6"":0.071,""vitamin_b9"":10.0,""vitamin_c"":0.0,""vitamin_d"":0.0,""vitamin_e"":0.6,""vitamin_k"":1.4,""zink"":4.37}"
171242;Bergkäse;Cheese, gruyere;;;413;29.81;0.36;0.36;32.34;18.913;0;1.785;"{""calcium"":1011.0,""eisen"":0.17,""kalium"":81.0,""kupfer"":0.032,""magnesium"":36.0,""mangan"":0.017,""natrium"":714.0,""phosphor"":605.0,""selen"":14.5,""vitamin_a"":271.0,""vitamin_b1"":0.06,""vitamin_b12"":1.6,""vitamin_b2"":0.279,""vitamin_b3"":0.106,""vitamin_b5"":0.562,""vitamin_b6"":0.081,""vitamin_b9"":10.0,""vitamin_c"":0.0,""vitamin_d"":0.6,""vitamin_e"":0.28,""vitamin_k"":2.7,""zink"":3.9}"
169901;Cheddar;Cheese, american cheddar, imitation;;;239;16.7;11.6;7.74;14;8.79;0;3.363;"{""calcium"":562.0,""eisen"":0.33,""kalium"":242.0,""kupfer"":0.033,""magnesium"":29.0,""natrium"":1345.0,""phosphor"":712.0,""selen"":15.2,""vitamin_a"":114.0,""vitamin_b1"":0.05,""vitamin_b12"":0.4,""vitamin_b2"":0.43,""vitamin_b3"":0.13,""vitamin_b6"":0.12,""vitamin_b9"":7.0,""vitamin_c"":0.0,""vitamin_d"":0.0,""vitamin_e"":0.27,""vitamin_k"":2.7,""zink"":2.59}"
171247;Parmesan;Cheese, parmesan, grated;;;420;28.42;13.91;0.07;27.84;15.371;0;4.51;"{""calcium"":853.0,""eisen"":0.49,""kalium"":180.0,""kupfer"":0.04,""magnesium"":34.0,""mangan"":0.071,""natrium"":1804.0,""phosphor"":627.0,""selen"":34.4,""vitamin_a"":262.0,""vitamin_b1"":0.026,""vitamin_b12"":1.4,""vitamin_b2"":0.358,""vitamin_b3"":0.08,""vitamin_b5"":0.45,""vitamin_b6"":0.081,""vitamin_b9"":6.0,""vitamin_c"":0.0,""vitamin_d"":0.5,""vitamin_e"":0.53,""vitamin_k"":1.7,""zink"":4.2}"
171249;Pecorino;Cheese, romano;;;387;31.8;3.63;0.73;26.94;17.115;0;3.583;"{""calcium"":1064.0,""eisen"":0.77,""kalium"":86.0,""kupfer"":0.03,""magnesium"":41.0,""mangan"":0.02,""natrium"":1433.0,""phosphor"":760.0,""selen"":14.5,""vitamin_a"":96.0,""vitamin_b1"":0.037,""vitamin_b12"":1.12,""vitamin_b2"":0.37,""vitamin_b3"":0.077,""vitamin_b5"":0.424,""vitamin_b6"":0.085,""vitamin_b9"":7.0,""vitamin_c"":0.0,""vitamin_d"":0.5,""vitamin_e"":0.23,""vitamin_k"":2.2,""zink"":2.58}"
170848;Grana Padano;Cheese, parmesan, hard;;;392;35.75;3.22;0.11;25;14.85;0;2.938;"{""calcium"":1184.0,""eisen"":0.82,""kalium"":92.0,""kupfer"":0.032,""magnesium"":44.0,""mangan"":0.02,""natrium"":1175.0,""phosphor"":694.0,""selen"":22.5,""vitamin_a"":207.0,""vitamin_b1"":0.039,""vitamin_b12"":1.2,""vitamin_b2"":0.332,""vitamin_b3"":0.271,""vitamin_b5"":0.453,""vitamin_b6"":0.091,""vitamin_b9"":7.0,""vitamin_c"":0.0,""vitamin_d"":0.5,""vitamin_e"":0.22,""vitamin_k"":1.7,""zink"":2.75}"
170845;Mozzarella;Cheese, mozzarella, whole milk;;;299;22.17;2.4;0;22.14;13.9;0;1.215;"{""calcium"":505.0,""eisen"":0.44,""kalium"":76.0,""kupfer"":0.011,""magnesium"":20.0,""mangan"":0.03,""natrium"":486.0,""phosphor"":354.0,""selen"":17.0,""vitamin_a"":179.0,""vitamin_b1"":0.03,""vitamin_b12"":2.28,""vitamin_b2"":0.283,""vitamin_b3"":0.104,""vitamin_b5"":0.141,""vitamin_b6"":0.037,""vitamin_b9"":7.0,""vitamin_c"":0.0,""vitamin_d"":0.4,""vitamin_e"":0.19,""vitamin_k"":2.3,""zink"":2.92}"
170847;Mozzarella Light;Cheese, mozzarella, part skim milk;;;254;24.26;2.77;1.13;15.92;10.114;0;1.548;"{""calcium"":782.0,""eisen"":0.22,""kalium"":84.0,""kupfer"":0.025,""magnesium"":23.0,""mangan"":0.01,""natrium"":619.0,""phosphor"":463.0,""selen"":14.4,""vitamin_a"":127.0,""vitamin_b1"":0.018,""vitamin_b12"":0.82,""vitamin_b2"":0.303,""vitamin_b3"":0.105,""vitamin_b5"":0.079,""vitamin_b6"":0.07,""vitamin_b9"":9.0,""vitamin_c"":0.0,""vitamin_d"":0.3,""vitamin_e"":0.14,""vitamin_k"":1.6,""zink"":2.76}"
170846;Burrata;Cheese, mozzarella, whole milk, low moisture;;;318;21.6;2.47;1.01;24.64;15.561;0;1.775;"{""calcium"":575.0,""eisen"":0.2,""kalium"":75.0,""kupfer"":0.022,""magnesium"":21.0,""mangan"":0.009,""natrium"":710.0,""phosphor"":412.0,""selen"":16.1,""vitamin_a"":197.0,""vitamin_b1"":0.016,""vitamin_b12"":0.73,""vitamin_b2"":0.27,""vitamin_b3"":0.094,""vitamin_b5"":0.071,""vitamin_b6"":0.062,""vitamin_b9"":8.0,""vitamin_c"":0.0,""vitamin_d"":0.5,""vitamin_e"":0.21,""vitamin_k"":2.5,""zink"":2.46}"
170850;Provolone;Cheese, provolone;;;351;25.58;2.14;0.56;26.62;17.078;0;1.818;"{""calcium"":756.0,""eisen"":0.52,""kalium"":138.0,""kupfer"":0.026,""magnesium"":28.0,""mangan"":0.01,""natrium"":727.0,""phosphor"":496.0,""selen"":14.5,""vitamin_a"":236.0,""vitamin_b1"":0.019,""vitamin_b12"":1.46,""vitamin_b2"":0.321,""vitamin_b3"":0.156,""vitamin_b5"":0.476,""vitamin_b6"":0.073,""vitamin_b9"":10.0,""vitamin_c"":0.0,""vitamin_d"":0.5,""vitamin_e"":0.23,""vitamin_k"":2.2,""zink"":3.23}"
172178;Camembert;Cheese, camembert;;;300;19.8;0.46;0.46;24.26;15.259;0;2.105;"{""calcium"":388.0,""eisen"":0.33,""kalium"":187.0,""kupfer"":0.021,""magnesium"":20.0,""mangan"":0.038,""natrium"":842.0,""phosphor"":347.0,""selen"":14.5,""vitamin_a"":241.0,""vitamin_b1"":0.028,""vitamin_b12"":1.3,""vitamin_b2"":0.488,""vitamin_b3"":0.63,""vitamin_b5"":1.364,""vitamin_b6"":0.227,""vitamin_b9"":62.0,""vitamin_c"":0.0,""vitamin_d"":0.4,""vitamin_e"":0.21,""vitamin_k"":2.0,""zink"":2.38}"
172177;Brie;Cheese, brie;;;334;20.75;0.45;0.45;27.68;17.41;0;1.573;"{""calcium"":184.0,""eisen"":0.5,""kalium"":152.0,""kupfer"":0.019,""magnesium"":20.0,""mangan"":0.034,""natrium"":629.0,""phosphor"":188.0,""selen"":14.5,""vitamin_a"":174.0,""vitamin_b1"":0.07,""vitamin_b12"":1.65,""vitamin_b2"":0.52,""vitamin_b3"":0.38,""vitamin_b5"":0.69,""vitamin_b6"":0.235,""vitamin_b9"":65.0,""vitamin_c"":0.0,""vitamin_d"":0.5,""vitamin_e"":0.24,""vitamin_k"":2.3,""zink"":2.38}"
173420;Feta;Cheese, feta;;;265;14.21;3.88;0;21.49;13.3;0;2.848;"{""calcium"":493.0,""eisen"":0.65,""kalium"":62.0,""kupfer"":0.032,""magnesium"":19.0,""mangan"":0.028,""natrium"":1139.0,""phosphor"":337.0,""selen"":15.0,""vitamin_a"":125.0,""vitamin_b1"":0.154,""vitamin_b12"":1.69,""vitamin_b2"":0.844,""vitamin_b3"":0.991,""vitamin_b5"":0.967,""vitamin_b6"":0.424,""vitamin_b9"":32.0,""vitamin_c"":0.0,""vitamin_d"":0.4,""vitamin_e"":0.18,""vitamin_k"":1.8,""zink"":2.88}"
2259796;Feta Vollmilch zerkruemelt;Cheese, feta, whole milk, crumbled;;;273.472;19.708;5.583;0;19.08;11.17;0;2.585;"{""calcium"":371.1,""eisen"":0.0675,""jod"":48.44,""kalium"":105.3,""kupfer"":0.03155,""magnesium"":17.69,""mangan"":0.02003,""natrium"":1034.0,""phosphor"":327.6,""vitamin_b1"":0.05638,""vitamin_b2"":0.4444,""vitamin_b3"":0.2644,""vitamin_b6"":0.03831,""vitamin_b7"":0.4638,""vitamin_d"":0.0,""vitamin_k"":1.2,""zink"":2.353}"
172176;Manchego;Cheese, brick;;;371;23.24;2.79;0.51;29.68;18.764;0;1.4;"{""calcium"":674.0,""eisen"":0.43,""kalium"":136.0,""kupfer"":0.024,""magnesium"":24.0,""mangan"":0.012,""natrium"":560.0,""phosphor"":451.0,""selen"":14.5,""vitamin_a"":292.0,""vitamin_b1"":0.014,""vitamin_b12"":1.26,""vitamin_b2"":0.351,""vitamin_b3"":0.118,""vitamin_b5"":0.288,""vitamin_b6"":0.065,""vitamin_b9"":20.0,""vitamin_c"":0.0,""vitamin_d"":0.5,""vitamin_e"":0.26,""vitamin_k"":2.5,""zink"":2.6}"
171250;Roquefort;Cheese, roquefort;;;369;21.54;2;0;30.64;19.263;0;4.523;"{""calcium"":662.0,""eisen"":0.56,""kalium"":91.0,""kupfer"":0.034,""magnesium"":30.0,""mangan"":0.03,""natrium"":1809.0,""phosphor"":392.0,""selen"":14.5,""vitamin_a"":294.0,""vitamin_b1"":0.04,""vitamin_b12"":0.64,""vitamin_b2"":0.586,""vitamin_b3"":0.734,""vitamin_b5"":1.731,""vitamin_b6"":0.124,""vitamin_b9"":49.0,""vitamin_c"":0.0,""zink"":2.08}"
173416;Gorgonzola;Cheese, colby;;;394;23.76;2.57;0.52;32.11;20.218;0;1.51;"{""calcium"":685.0,""eisen"":0.76,""kalium"":127.0,""kupfer"":0.042,""magnesium"":26.0,""mangan"":0.012,""natrium"":604.0,""phosphor"":457.0,""selen"":14.5,""vitamin_a"":264.0,""vitamin_b1"":0.015,""vitamin_b12"":0.83,""vitamin_b2"":0.375,""vitamin_b3"":0.093,""vitamin_b5"":0.21,""vitamin_b6"":0.079,""vitamin_b9"":18.0,""vitamin_c"":0.0,""vitamin_d"":0.6,""vitamin_e"":0.28,""vitamin_k"":2.7,""zink"":3.07}"
170843;Blauschimmelkäse;Cheese, fontina;;;389;25.6;1.55;1.55;31.14;19.196;0;2;"{""calcium"":550.0,""eisen"":0.23,""kalium"":64.0,""kupfer"":0.025,""magnesium"":14.0,""mangan"":0.014,""natrium"":800.0,""phosphor"":346.0,""selen"":14.5,""vitamin_a"":261.0,""vitamin_b1"":0.021,""vitamin_b12"":1.68,""vitamin_b2"":0.204,""vitamin_b3"":0.15,""vitamin_b5"":0.429,""vitamin_b6"":0.083,""vitamin_b9"":6.0,""vitamin_c"":0.0,""vitamin_d"":0.6,""vitamin_e"":0.27,""vitamin_k"":2.6,""zink"":3.5}"
173435;Ziegenkäse weich;Cheese, goat, soft type;;;264;18.52;0;0;21.08;14.575;0;1.148;"{""calcium"":140.0,""eisen"":1.9,""kalium"":26.0,""kupfer"":0.732,""magnesium"":16.0,""mangan"":0.1,""natrium"":459.0,""phosphor"":256.0,""selen"":2.8,""vitamin_a"":288.0,""vitamin_b1"":0.07,""vitamin_b12"":0.19,""vitamin_b2"":0.38,""vitamin_b3"":0.43,""vitamin_b5"":0.68,""vitamin_b6"":0.25,""vitamin_b9"":12.0,""vitamin_c"":0.0,""vitamin_d"":0.4,""vitamin_e"":0.18,""vitamin_k"":1.8,""zink"":0.92}"
172197;Ziegenkäse hart;Cheese, goat, hard type;;;452;30.52;2.17;2.17;35.59;24.609;0;1.058;"{""calcium"":895.0,""eisen"":1.88,""kalium"":48.0,""kupfer"":0.627,""magnesium"":54.0,""mangan"":0.252,""natrium"":423.0,""phosphor"":729.0,""selen"":5.5,""vitamin_a"":486.0,""vitamin_b1"":0.14,""vitamin_b12"":0.12,""vitamin_b2"":1.19,""vitamin_b3"":2.4,""vitamin_b5"":0.41,""vitamin_b6"":0.08,""vitamin_b9"":4.0,""vitamin_c"":0.0,""vitamin_d"":0.7,""vitamin_e"":0.31,""vitamin_k"":3.0,""zink"":1.59}"
171243;Schafskäse;Cheese, limburger;;;327;20.05;0.49;0.49;27.25;16.746;0;2;"{""calcium"":497.0,""eisen"":0.13,""kalium"":128.0,""kupfer"":0.021,""magnesium"":21.0,""mangan"":0.038,""natrium"":800.0,""phosphor"":393.0,""selen"":14.5,""vitamin_a"":340.0,""vitamin_b1"":0.08,""vitamin_b12"":1.04,""vitamin_b2"":0.503,""vitamin_b3"":0.158,""vitamin_b5"":1.177,""vitamin_b6"":0.086,""vitamin_b9"":58.0,""vitamin_c"":0.0,""vitamin_d"":0.5,""vitamin_e"":0.23,""vitamin_k"":2.3,""zink"":2.1}"
170844;Bergader;Cheese, monterey;;;373;24.48;0.68;0.5;30.28;19.066;0;1.5;"{""calcium"":746.0,""eisen"":0.72,""kalium"":81.0,""kupfer"":0.032,""magnesium"":27.0,""mangan"":0.011,""natrium"":600.0,""phosphor"":444.0,""selen"":14.5,""vitamin_a"":198.0,""vitamin_b1"":0.015,""vitamin_b12"":0.83,""vitamin_b2"":0.39,""vitamin_b3"":0.093,""vitamin_b5"":0.21,""vitamin_b6"":0.079,""vitamin_b9"":18.0,""vitamin_c"":0.0,""vitamin_d"":0.6,""vitamin_e"":0.26,""vitamin_k"":2.5,""zink"":3.0}"
170852;Tilsiter;Cheese, tilsit;;;340;24.41;1.88;0;25.98;16.775;0;1.883;"{""calcium"":700.0,""eisen"":0.23,""kalium"":65.0,""kupfer"":0.026,""magnesium"":13.0,""mangan"":0.013,""natrium"":753.0,""phosphor"":500.0,""selen"":14.5,""vitamin_a"":249.0,""vitamin_b1"":0.061,""vitamin_b12"":2.1,""vitamin_b2"":0.359,""vitamin_b3"":0.205,""vitamin_b5"":0.346,""vitamin_b6"":0.065,""vitamin_b9"":20.0,""vitamin_c"":0.0,""zink"":3.5}"
171245;Raclettekäse;Cheese, muenster;;;368;23.41;1.12;1.12;30.04;19.113;0;1.57;"{""calcium"":717.0,""eisen"":0.41,""kalium"":134.0,""kupfer"":0.031,""magnesium"":27.0,""mangan"":0.008,""natrium"":628.0,""phosphor"":468.0,""selen"":14.5,""vitamin_a"":298.0,""vitamin_b1"":0.013,""vitamin_b12"":1.47,""vitamin_b2"":0.32,""vitamin_b3"":0.103,""vitamin_b5"":0.19,""vitamin_b6"":0.056,""vitamin_b9"":12.0,""vitamin_c"":0.0,""vitamin_d"":0.6,""vitamin_e"":0.26,""vitamin_k"":2.5,""zink"":2.81}"
170900;Reibekäse;Cheese, mozzarella, low moisture, part-skim, shredded;;;304;23.63;8.06;2.24;19.72;11.472;0;1.705;"{""calcium"":716.0,""eisen"":0.23,""kalium"":131.0,""kupfer"":0.034,""magnesium"":29.0,""mangan"":0.041,""natrium"":682.0,""phosphor"":537.0,""selen"":26.8,""vitamin_a"":254.0,""vitamin_b1"":0.029,""vitamin_b12"":1.33,""vitamin_b2"":0.367,""vitamin_b3"":0.151,""vitamin_b5"":0.508,""vitamin_b6"":0.111,""vitamin_b9"":27.0,""vitamin_c"":0.0,""vitamin_d"":0.4,""vitamin_e"":0.49,""vitamin_k"":1.3,""zink"":3.61}"
170853;Schmelzkäse;Cheese, pasteurized process, American, fortified with vitamin D;;;366;18.13;4.78;2.26;30.71;18.057;0;4.178;"{""calcium"":1045.0,""eisen"":0.63,""kalium"":132.0,""kupfer"":0.046,""magnesium"":26.0,""mangan"":0.041,""natrium"":1671.0,""phosphor"":641.0,""selen"":20.2,""vitamin_a"":317.0,""vitamin_b1"":0.015,""vitamin_b12"":1.5,""vitamin_b2"":0.234,""vitamin_b3"":0.076,""vitamin_b5"":0.403,""vitamin_b6"":0.054,""vitamin_b9"":8.0,""vitamin_c"":0.0,""vitamin_d"":7.5,""vitamin_e"":0.8,""vitamin_k"":3.7,""zink"":2.49}"
172215;Käseaufschnitt;Cheese, provolone, reduced fat;;;274;24.7;3.5;0.55;17.6;11.3;0;1.538;"{""calcium"":756.0,""eisen"":0.52,""kalium"":138.0,""kupfer"":0.026,""magnesium"":28.0,""mangan"":0.01,""natrium"":615.0,""phosphor"":496.0,""selen"":14.5,""vitamin_a"":141.0,""vitamin_b1"":0.019,""vitamin_b12"":1.46,""vitamin_b2"":0.321,""vitamin_b3"":0.156,""vitamin_b5"":0.476,""vitamin_b6"":0.073,""vitamin_b9"":10.0,""vitamin_c"":0.0,""vitamin_d"":0.3,""vitamin_e"":0.15,""vitamin_k"":1.5,""zink"":3.23}"
171288;Käsemix gerieben;Cheese, Mexican blend;;;384;23.54;0.13;0;32.14;16.07;0;1.518;"{""calcium"":659.0,""eisen"":0.59,""kalium"":85.0,""kupfer"":0.025,""magnesium"":25.0,""mangan"":0.022,""natrium"":607.0,""phosphor"":438.0,""selen"":15.0,""vitamin_a"":174.0,""vitamin_b1"":0.023,""vitamin_b12"":1.23,""vitamin_b2"":0.318,""vitamin_b3"":0.114,""vitamin_b5"":0.249,""vitamin_b6"":0.061,""vitamin_b9"":13.0,""vitamin_c"":0.0,""vitamin_d"":0.5,""vitamin_e"":0.25,""vitamin_k"":2.5,""zink"":3.01}"
172686;Vollkornbrot;Bread, wheat;;;274;10.67;47.54;5.73;4.53;0.697;4;1.183;"{""calcium"":125.0,""eisen"":3.6,""kalium"":141.0,""kupfer"":0.148,""magnesium"":41.0,""mangan"":1.026,""natrium"":473.0,""phosphor"":129.0,""selen"":28.8,""vitamin_a"":0.0,""vitamin_b1"":0.411,""vitamin_b12"":0.0,""vitamin_b2"":0.252,""vitamin_b3"":5.59,""vitamin_b5"":0.82,""vitamin_b6"":0.111,""vitamin_b9"":85.0,""vitamin_c"":0.2,""vitamin_d"":0.0,""vitamin_e"":0.19,""vitamin_k"":4.9,""zink"":1.04}"
172684;Roggenbrot;Bread, rye;;;259;8.5;48.3;3.85;3.3;0.626;5.8;1.508;"{""calcium"":73.0,""eisen"":2.83,""kalium"":166.0,""kupfer"":0.186,""magnesium"":40.0,""mangan"":0.824,""natrium"":603.0,""phosphor"":125.0,""selen"":30.9,""vitamin_a"":0.0,""vitamin_b1"":0.434,""vitamin_b12"":0.0,""vitamin_b2"":0.335,""vitamin_b3"":3.805,""vitamin_b5"":0.44,""vitamin_b6"":0.075,""vitamin_b9"":110.0,""vitamin_c"":0.4,""vitamin_d"":0.0,""vitamin_e"":0.33,""vitamin_k"":1.2,""zink"":1.14}"
174918;Pumpernickel;Bread, pumpernickel;;;250;8.7;47.5;0.53;3.1;0.437;6.5;1.49;"{""calcium"":68.0,""eisen"":2.87,""kalium"":208.0,""kupfer"":0.287,""magnesium"":54.0,""mangan"":1.305,""natrium"":596.0,""phosphor"":178.0,""selen"":24.5,""vitamin_a"":0.0,""vitamin_b1"":0.327,""vitamin_b12"":0.0,""vitamin_b2"":0.305,""vitamin_b3"":3.091,""vitamin_b5"":0.404,""vitamin_b6"":0.126,""vitamin_b9"":93.0,""vitamin_c"":0.0,""vitamin_d"":0.0,""vitamin_e"":0.42,""vitamin_k"":0.8,""zink"":1.48}"
167532;Weißbrot;Bread, white wheat;;;238;10.66;43.91;5;2.15;0.63;9.2;1.195;"{""calcium"":684.0,""eisen"":4.89,""kalium"":127.0,""kupfer"":0.149,""magnesium"":26.0,""mangan"":0.634,""natrium"":478.0,""phosphor"":103.0,""selen"":16.1,""vitamin_a"":0.0,""vitamin_b1"":0.51,""vitamin_b12"":0.0,""vitamin_b2"":0.255,""vitamin_b3"":4.455,""vitamin_b5"":0.455,""vitamin_b6"":0.08,""vitamin_b9"":127.0,""vitamin_c"":0.0,""vitamin_d"":0.0,""vitamin_e"":0.38,""vitamin_k"":7.7,""zink"":0.95}"
174925;Toastbrot;Bread, white, commercially prepared, toasted;;;290;9;54.5;6.2;4;0.764;2.9;1.343;"{""calcium"":119.0,""eisen"":3.33,""kalium"":131.0,""kupfer"":0.138,""magnesium"":26.0,""mangan"":0.421,""natrium"":537.0,""phosphor"":103.0,""selen"":31.0,""vitamin_a"":0.0,""vitamin_b1"":0.415,""vitamin_b12"":0.02,""vitamin_b2"":0.337,""vitamin_b3"":3.926,""vitamin_b5"":0.278,""vitamin_b6"":0.063,""vitamin_b9"":104.0,""vitamin_c"":0.0,""vitamin_d"":0.0,""vitamin_e"":0.24,""vitamin_k"":3.4,""zink"":0.68}"
167944;Kaesebrot;Bread, cheese;;;408;10.42;44.83;2.08;20.83;6.25;2.1;1.875;"{""calcium"":90.0,""eisen"":2.49,""kalium"":84.0,""kupfer"":0.086,""magnesium"":17.0,""mangan"":0.366,""natrium"":750.0,""phosphor"":120.0,""selen"":19.8,""vitamin_a"":24.0,""vitamin_b1"":0.433,""vitamin_b12"":0.24,""vitamin_b2"":0.303,""vitamin_b3"":3.279,""vitamin_b5"":0.35,""vitamin_b6"":0.048,""vitamin_b9"":107.0,""vitamin_c"":0.0,""vitamin_d"":0.1,""vitamin_e"":1.49,""vitamin_k"":32.4,""zink"":0.96}"
174091;Baguette;Bread, french or vienna, whole wheat;;;239;8.33;49.1;0;1.04;0;4.2;0.938;"{""calcium"":42.0,""eisen"":0.75,""kalium"":163.0,""kupfer"":0.188,""magnesium"":52.0,""natrium"":375.0,""phosphor"":159.0,""selen"":31.4,""vitamin_a"":0.0,""vitamin_b1"":0.522,""vitamin_b12"":0.0,""vitamin_b2"":0.252,""vitamin_b3"":3.902,""vitamin_b6"":0.16,""vitamin_b9"":96.0,""vitamin_c"":0.0,""vitamin_d"":0.0,""vitamin_e"":0.3,""vitamin_k"":0.7,""zink"":1.16}"
175031;Brötchen;Rolls, hard (includes kaiser);;;293;9.9;52.7;1.77;4.3;0.606;2.3;1.36;"{""calcium"":95.0,""eisen"":3.28,""kalium"":108.0,""kupfer"":0.163,""magnesium"":27.0,""mangan"":0.46,""natrium"":544.0,""phosphor"":100.0,""selen"":39.1,""vitamin_a"":0.0,""vitamin_b1"":0.478,""vitamin_b12"":0.0,""vitamin_b2"":0.336,""vitamin_b3"":4.239,""vitamin_b5"":0.41,""vitamin_b6"":0.035,""vitamin_b9"":95.0,""vitamin_c"":0.0,""vitamin_d"":0.0,""vitamin_e"":0.42,""vitamin_k"":0.6,""zink"":0.94}"
175030;Vollkornbrötchen;Rolls, dinner, wheat;;;273;8.6;46;1.63;6.3;1.497;3.8;1.31;"{""calcium"":176.0,""eisen"":3.55,""kalium"":115.0,""kupfer"":0.15,""magnesium"":36.0,""mangan"":1.023,""natrium"":524.0,""phosphor"":104.0,""selen"":33.0,""vitamin_a"":0.0,""vitamin_b1"":0.433,""vitamin_b12"":0.0,""vitamin_b2"":0.273,""vitamin_b3"":4.072,""vitamin_b5"":0.364,""vitamin_b6"":0.076,""vitamin_b9"":60.0,""vitamin_c"":0.0,""vitamin_d"":0.0,""vitamin_e"":0.36,""vitamin_k"":2.7,""zink"":0.9}"
174899;Bagel;Bagels, plain, enriched, with calcium propionate (includes onion, poppy, sesame);;;264;10.56;52.38;8.43;1.32;0.36;1.6;1.055;"{""calcium"":219.0,""eisen"":3.57,""kalium"":107.0,""kupfer"":0.128,""magnesium"":29.0,""mangan"":0.539,""natrium"":422.0,""phosphor"":99.0,""selen"":21.5,""vitamin_a"":0.0,""vitamin_b1"":0.568,""vitamin_b12"":0.0,""vitamin_b2"":0.344,""vitamin_b3"":4.515,""vitamin_b5"":0.407,""vitamin_b6"":0.07,""vitamin_b9"":106.0,""vitamin_c"":0.0,""vitamin_d"":0.0,""vitamin_e"":7.46,""vitamin_k"":0.2,""zink"":0.83}"
174913;Ciabatta;Bread, Italian;;;259;9.49;48.11;4.69;2.73;0.544;2.1;1.545;"{""calcium"":105.0,""eisen"":3.45,""kalium"":124.0,""kupfer"":0.121,""magnesium"":26.0,""mangan"":0.491,""natrium"":618.0,""phosphor"":95.0,""selen"":17.2,""vitamin_a"":0.0,""vitamin_b1"":0.582,""vitamin_b12"":0.0,""vitamin_b2"":0.321,""vitamin_b3"":4.538,""vitamin_b5"":0.371,""vitamin_b6"":0.104,""vitamin_b9"":102.0,""vitamin_c"":0.0,""vitamin_d"":0.0,""vitamin_e"":0.29,""vitamin_k"":3.0,""zink"":0.79}"
167945;Focaccia;Focaccia, Italian flatbread, plain;;;249;8.77;35.82;1.75;7.89;0.877;1.8;1.403;"{""calcium"":35.0,""eisen"":3.16,""kalium"":114.0,""kupfer"":0.091,""magnesium"":20.0,""mangan"":0.364,""natrium"":561.0,""phosphor"":128.0,""selen"":15.9,""vitamin_a"":0.0,""vitamin_b1"":0.47,""vitamin_b12"":0.0,""vitamin_b2"":0.301,""vitamin_b3"":3.67,""vitamin_b5"":0.645,""vitamin_b6"":0.113,""vitamin_b9"":138.0,""vitamin_c"":0.0,""vitamin_d"":0.0,""vitamin_e"":1.42,""vitamin_k"":5.7,""zink"":1.33}"
174915;Pita;Bread, pita, white, enriched;;;275;9.1;55.7;1.3;1.2;0.166;2.2;1.34;"{""calcium"":86.0,""eisen"":2.62,""kalium"":120.0,""kupfer"":0.168,""magnesium"":26.0,""mangan"":0.481,""natrium"":536.0,""phosphor"":97.0,""selen"":27.1,""vitamin_a"":0.0,""vitamin_b1"":0.599,""vitamin_b12"":0.0,""vitamin_b2"":0.327,""vitamin_b3"":4.632,""vitamin_b5"":0.397,""vitamin_b6"":0.034,""vitamin_b9"":107.0,""vitamin_c"":0.0,""vitamin_d"":0.0,""vitamin_e"":0.3,""vitamin_k"":0.2,""zink"":0.84}"
174916;Pita Vollkorn;Bread, pita, whole-wheat;;;262;9.8;55.89;2.87;1.71;0.208;6.1;1.053;"{""calcium"":15.0,""eisen"":3.06,""kalium"":170.0,""kupfer"":0.29,""magnesium"":69.0,""mangan"":1.74,""natrium"":421.0,""phosphor"":180.0,""selen"":44.0,""vitamin_a"":0.0,""vitamin_b1"":0.339,""vitamin_b12"":0.0,""vitamin_b2"":0.08,""vitamin_b3"":2.84,""vitamin_b5"":0.831,""vitamin_b6"":0.265,""vitamin_b9"":35.0,""vitamin_c"":0.0,""vitamin_d"":0.0,""vitamin_e"":0.61,""vitamin_k"":1.4,""zink"":1.52}"
174081;Tortilla Weizen;Tortillas, ready-to-bake or -fry, whole wheat;;;310;9.76;45.89;2.44;9.76;4.878;9.8;1.543;"{""calcium"":244.0,""eisen"":2.63,""kalium"":262.0,""kupfer"":0.266,""magnesium"":85.0,""natrium"":617.0,""phosphor"":346.0,""selen"":37.0,""vitamin_a"":0.0,""vitamin_b1"":0.823,""vitamin_b12"":0.0,""vitamin_b2"":0.289,""vitamin_b3"":4.858,""vitamin_b6"":0.312,""vitamin_b9"":138.0,""vitamin_c"":0.0,""vitamin_d"":0.0,""vitamin_e"":0.9,""vitamin_k"":4.5,""zink"":1.92}"
175036;Tortilla Mais;Tortillas, ready-to-bake or -fry, corn;;;218;5.7;44.64;0.88;2.85;0.453;6.3;0.113;"{""calcium"":81.0,""eisen"":1.23,""kalium"":186.0,""kupfer"":0.154,""magnesium"":72.0,""mangan"":0.326,""natrium"":45.0,""phosphor"":314.0,""selen"":6.1,""vitamin_a"":0.0,""vitamin_b1"":0.094,""vitamin_b12"":0.0,""vitamin_b2"":0.065,""vitamin_b3"":1.498,""vitamin_b5"":0.109,""vitamin_b6"":0.219,""vitamin_b9"":5.0,""vitamin_c"":0.0,""vitamin_d"":0.0,""vitamin_e"":0.28,""vitamin_k"":0.0,""zink"":1.31}"
172739;Knäckebrot;Crackers, crispbread, rye;;;366;7.9;82.2;1.07;1.3;0.145;16.5;1.025;"{""calcium"":31.0,""eisen"":2.43,""kalium"":319.0,""kupfer"":0.255,""magnesium"":78.0,""mangan"":2.475,""natrium"":410.0,""phosphor"":269.0,""selen"":36.6,""vitamin_a"":0.0,""vitamin_b1"":0.243,""vitamin_b12"":0.0,""vitamin_b2"":0.145,""vitamin_b3"":1.04,""vitamin_b5"":0.676,""vitamin_b6"":0.21,""vitamin_b9"":47.0,""vitamin_c"":0.0,""vitamin_d"":0.0,""vitamin_e"":0.81,""vitamin_k"":6.0,""zink"":2.39}"
174977;Zwieback;Crackers, melba toast, plain;;;390;12.1;76.6;0.94;3.2;0.445;6.3;1.495;"{""calcium"":93.0,""eisen"":3.7,""kalium"":202.0,""kupfer"":0.289,""magnesium"":59.0,""mangan"":1.13,""natrium"":598.0,""phosphor"":196.0,""selen"":34.8,""vitamin_a"":0.0,""vitamin_b1"":0.413,""vitamin_b12"":0.0,""vitamin_b2"":0.273,""vitamin_b3"":4.113,""vitamin_b5"":0.693,""vitamin_b6"":0.098,""vitamin_b9"":124.0,""vitamin_c"":0.0,""vitamin_d"":0.0,""vitamin_e"":0.43,""vitamin_k"":0.9,""zink"":2.01}"
174987;Croissant;Croissants, butter;;;406;8.2;45.8;11.26;21;11.659;2.6;0.96;"{""calcium"":37.0,""eisen"":2.03,""kalium"":118.0,""kupfer"":0.08,""magnesium"":16.0,""mangan"":0.33,""natrium"":384.0,""phosphor"":105.0,""selen"":22.7,""vitamin_a"":206.0,""vitamin_b1"":0.388,""vitamin_b12"":0.16,""vitamin_b2"":0.241,""vitamin_b3"":2.188,""vitamin_b5"":0.861,""vitamin_b6"":0.058,""vitamin_b9"":88.0,""vitamin_c"":0.2,""vitamin_d"":0.0,""vitamin_e"":0.84,""vitamin_k"":1.8,""zink"":0.75}"
169064;Brezel;Pretzels, soft;;;338;8.2;69.39;0.25;3.1;0.695;1.7;0.508;"{""calcium"":23.0,""eisen"":3.92,""kalium"":88.0,""kupfer"":0.126,""magnesium"":21.0,""natrium"":203.0,""phosphor"":79.0,""selen"":17.2,""vitamin_a"":0.0,""vitamin_b1"":0.41,""vitamin_b12"":0.0,""vitamin_b2"":0.29,""vitamin_b3"":4.27,""vitamin_b6"":0.02,""vitamin_b9"":24.0,""vitamin_c"":0.0,""vitamin_d"":0.0,""vitamin_e"":0.54,""vitamin_k"":2.7,""zink"":0.94}"
2346397;Haferflocken;Oats, whole grain, steel cut;;;379.208;12.511;69.751;0;5.8;0;0;0.001;"{""calcium"":51.34,""eisen"":3.801,""kalium"":375.9,""kupfer"":0.4113,""magnesium"":128.6,""mangan"":3.414,""natrium"":0.3113,""phosphor"":417.3,""selen"":29.04,""vitamin_b1"":0.3338,""vitamin_b3"":0.9263,""vitamin_b6"":0.1189,""vitamin_b7"":22.0,""vitamin_b9"":29.99,""zink"":2.843}"
168873;Haferkleie;Oat bran, cooked;;;40;3.21;11.44;0;0.86;0.163;2.6;0.003;"{""calcium"":10.0,""eisen"":0.88,""kalium"":92.0,""kupfer"":0.066,""magnesium"":40.0,""mangan"":0.964,""natrium"":1.0,""phosphor"":119.0,""selen"":7.7,""vitamin_a"":0.0,""vitamin_b1"":0.16,""vitamin_b12"":0.0,""vitamin_b2"":0.034,""vitamin_b3"":0.144,""vitamin_b5"":0.217,""vitamin_b6"":0.025,""vitamin_b9"":6.0,""vitamin_c"":0.0,""vitamin_d"":0.0,""zink"":0.53}"
169075;Müsli;Cereals ready-to-eat, ALPEN;;;352;11.2;75.7;20;3.3;0.496;9.1;0.068;"{""calcium"":147.0,""eisen"":3.0,""kalium"":418.0,""kupfer"":0.3,""magnesium"":94.0,""natrium"":27.0,""phosphor"":371.0,""selen"":17.3,""vitamin_a"":0.0,""vitamin_b1"":0.4,""vitamin_b12"":0.12,""vitamin_b2"":0.4,""vitamin_b3"":2.12,""vitamin_b6"":0.28,""vitamin_b9"":30.0,""vitamin_c"":8.7,""vitamin_d"":0.0,""vitamin_e"":0.51,""vitamin_k"":2.5,""zink"":3.0}"
171646;Granola;Cereals ready-to-eat, granola, homemade;;;489;13.67;53.88;19.8;24.31;3.957;8.9;0.065;"{""calcium"":76.0,""eisen"":3.95,""kalium"":539.0,""kupfer"":0.647,""magnesium"":168.0,""mangan"":3.996,""natrium"":26.0,""phosphor"":431.0,""selen"":25.4,""vitamin_a"":1.0,""vitamin_b1"":0.548,""vitamin_b12"":0.0,""vitamin_b2"":0.354,""vitamin_b3"":2.739,""vitamin_b5"":0.752,""vitamin_b6"":0.37,""vitamin_b9"":84.0,""vitamin_c"":1.2,""vitamin_d"":0.0,""vitamin_e"":11.1,""vitamin_k"":5.3,""zink"":4.17}"
174648;Cornflakes;Cereals ready-to-eat, RALSTON Corn Flakes;;;384;5.9;88.01;7.84;0.91;0.227;2.7;1.428;"{""calcium"":2.0,""eisen"":19.4,""kalium"":107.0,""kupfer"":0.075,""magnesium"":7.0,""mangan"":0.095,""natrium"":571.0,""phosphor"":33.0,""selen"":2.2,""vitamin_a"":981.0,""vitamin_b1"":4.483,""vitamin_b12"":5.36,""vitamin_b2"":1.74,""vitamin_b3"":21.033,""vitamin_b5"":0.099,""vitamin_b6"":1.907,""vitamin_b9"":714.0,""vitamin_c"":65.0,""vitamin_d"":7.1,""vitamin_e"":0.02,""vitamin_k"":0.0,""zink"":0.2}"
169722;Weizenkleie;Wheat bran, crude;;;216;15.55;64.51;0.41;4.25;0.63;42.8;0.005;"{""calcium"":73.0,""eisen"":10.57,""kalium"":1182.0,""kupfer"":0.998,""magnesium"":611.0,""mangan"":11.5,""natrium"":2.0,""phosphor"":1013.0,""selen"":77.6,""vitamin_a"":0.0,""vitamin_b1"":0.523,""vitamin_b12"":0.0,""vitamin_b2"":0.577,""vitamin_b3"":13.578,""vitamin_b5"":2.181,""vitamin_b6"":1.303,""vitamin_b9"":79.0,""vitamin_c"":0.0,""vitamin_d"":0.0,""vitamin_e"":1.49,""vitamin_k"":1.9,""zink"":7.27}"
168892;Weizenkeime;Wheat germ, crude;;;360;23.15;51.8;0;9.72;1.665;13.2;0.03;"{""calcium"":39.0,""eisen"":6.26,""kalium"":892.0,""kupfer"":0.796,""magnesium"":239.0,""mangan"":13.301,""natrium"":12.0,""phosphor"":842.0,""selen"":79.2,""vitamin_a"":0.0,""vitamin_b1"":1.882,""vitamin_b12"":0.0,""vitamin_b2"":0.499,""vitamin_b3"":6.813,""vitamin_b5"":2.257,""vitamin_b6"":1.3,""vitamin_b9"":281.0,""vitamin_c"":0.0,""vitamin_d"":0.0,""zink"":12.29}"
170688;Bulgur trocken;Bulgur, dry;;;342;12.29;75.87;0.41;1.33;0.232;12.5;0.043;"{""calcium"":35.0,""eisen"":2.46,""kalium"":410.0,""kupfer"":0.335,""magnesium"":164.0,""mangan"":3.048,""natrium"":17.0,""phosphor"":300.0,""selen"":2.3,""vitamin_a"":0.0,""vitamin_b1"":0.232,""vitamin_b12"":0.0,""vitamin_b2"":0.115,""vitamin_b3"":5.114,""vitamin_b5"":1.045,""vitamin_b6"":0.342,""vitamin_b9"":27.0,""vitamin_c"":0.0,""vitamin_d"":0.0,""vitamin_e"":0.06,""vitamin_k"":1.9,""zink"":1.93}"
169699;Couscous trocken;Couscous, dry;;;376;12.76;77.43;0;0.64;0.117;5;0.025;"{""calcium"":24.0,""eisen"":1.08,""kalium"":166.0,""kupfer"":0.247,""magnesium"":44.0,""mangan"":0.78,""natrium"":10.0,""phosphor"":170.0,""vitamin_a"":0.0,""vitamin_b1"":0.163,""vitamin_b12"":0.0,""vitamin_b2"":0.078,""vitamin_b3"":3.49,""vitamin_b5"":1.243,""vitamin_b6"":0.11,""vitamin_b9"":20.0,""vitamin_c"":0.0,""vitamin_d"":0.0,""zink"":0.83}"
169697;Polenta;Cornmeal, whole-grain, yellow;;;362;8.12;76.89;0.64;3.59;0.505;7.3;0.088;"{""calcium"":6.0,""eisen"":3.45,""kalium"":287.0,""kupfer"":0.193,""magnesium"":127.0,""mangan"":0.498,""natrium"":35.0,""phosphor"":241.0,""selen"":15.5,""vitamin_a"":11.0,""vitamin_b1"":0.385,""vitamin_b12"":0.0,""vitamin_b2"":0.201,""vitamin_b3"":3.632,""vitamin_b5"":0.425,""vitamin_b6"":0.304,""vitamin_b9"":25.0,""vitamin_c"":0.0,""vitamin_d"":0.0,""vitamin_e"":0.42,""vitamin_k"":0.3,""zink"":1.82}"
168878;Reis weiß;Rice, white, long-grain, regular, enriched, cooked;;;130;2.69;28.17;0.05;0.28;0.077;0.4;0.003;"{""calcium"":10.0,""eisen"":1.2,""kalium"":35.0,""kupfer"":0.069,""magnesium"":12.0,""mangan"":0.472,""natrium"":1.0,""phosphor"":43.0,""selen"":7.5,""vitamin_a"":0.0,""vitamin_b1"":0.163,""vitamin_b12"":0.0,""vitamin_b2"":0.013,""vitamin_b3"":1.476,""vitamin_b5"":0.39,""vitamin_b6"":0.093,""vitamin_b9"":58.0,""vitamin_c"":0.0,""vitamin_d"":0.0,""vitamin_e"":0.04,""vitamin_k"":0.0,""zink"":0.49}"
2512380;Reis Vollkorn;Rice, brown, long grain, unenriched, raw;;;368.358;7.253;76.688;0;3.306;0;3.021;0;"{""calcium"":8.058,""eisen"":1.242,""kalium"":250.1,""kupfer"":0.2659,""magnesium"":115.0,""mangan"":2.696,""natrium"":0.0,""phosphor"":302.8,""selen"":14.8,""vitamin_b1"":0.3263,""vitamin_b2"":0.1025,""vitamin_b3"":6.271,""vitamin_b6"":0.1606,""vitamin_b7"":4.988,""zink"":1.854}"
169714;Basmati Reis;Rice flour, white, unenriched;;;366;5.95;80.13;0.12;1.42;0.386;2.4;0;"{""calcium"":10.0,""eisen"":0.35,""kalium"":76.0,""kupfer"":0.13,""magnesium"":35.0,""mangan"":1.2,""natrium"":0.0,""phosphor"":98.0,""selen"":15.1,""vitamin_a"":0.0,""vitamin_b1"":0.138,""vitamin_b12"":0.0,""vitamin_b2"":0.021,""vitamin_b3"":2.59,""vitamin_b5"":0.819,""vitamin_b6"":0.436,""vitamin_b9"":4.0,""vitamin_c"":0.0,""vitamin_d"":0.0,""vitamin_e"":0.11,""vitamin_k"":0.0,""zink"":0.8}"
169711;Jasmin Reis;Rice, white, glutinous, unenriched, cooked;;;97;2.02;21.09;0.05;0.19;0.039;1;0.013;"{""calcium"":2.0,""eisen"":0.14,""kalium"":10.0,""kupfer"":0.049,""magnesium"":5.0,""mangan"":0.262,""natrium"":5.0,""phosphor"":8.0,""selen"":5.6,""vitamin_a"":0.0,""vitamin_b1"":0.02,""vitamin_b12"":0.0,""vitamin_b2"":0.013,""vitamin_b3"":0.29,""vitamin_b5"":0.215,""vitamin_b6"":0.026,""vitamin_b9"":1.0,""vitamin_c"":0.0,""vitamin_d"":0.0,""vitamin_e"":0.04,""vitamin_k"":0.0,""zink"":0.41}"
168897;Wildreis;Wild rice, cooked;;;101;3.99;21.34;0.73;0.34;0.049;1.8;0.008;"{""calcium"":3.0,""eisen"":0.6,""kalium"":101.0,""kupfer"":0.121,""magnesium"":32.0,""mangan"":0.282,""natrium"":3.0,""phosphor"":82.0,""selen"":0.8,""vitamin_a"":0.0,""vitamin_b1"":0.052,""vitamin_b12"":0.0,""vitamin_b2"":0.087,""vitamin_b3"":1.287,""vitamin_b5"":0.154,""vitamin_b6"":0.135,""vitamin_b9"":26.0,""vitamin_c"":0.0,""vitamin_d"":0.0,""vitamin_e"":0.24,""vitamin_k"":0.5,""zink"":1.34}"
168883;Risotto Reis;Rice, white, glutinous, unenriched, uncooked;;;370;6.81;81.68;0;0.55;0.111;2.8;0.018;"{""calcium"":11.0,""eisen"":1.6,""kalium"":77.0,""kupfer"":0.171,""magnesium"":23.0,""mangan"":0.974,""natrium"":7.0,""phosphor"":71.0,""selen"":15.1,""vitamin_a"":0.0,""vitamin_b1"":0.18,""vitamin_b12"":0.0,""vitamin_b2"":0.055,""vitamin_b3"":2.145,""vitamin_b5"":0.824,""vitamin_b6"":0.107,""vitamin_b9"":7.0,""vitamin_c"":0.0,""vitamin_d"":0.0,""zink"":1.2}"
168882;Sushi Reis;Rice, white, short-grain, enriched, cooked;;;130;2.36;28.73;0;0.19;0.051;0;0;"{""calcium"":1.0,""eisen"":1.46,""kalium"":26.0,""kupfer"":0.072,""magnesium"":8.0,""mangan"":0.357,""natrium"":0.0,""phosphor"":33.0,""selen"":7.5,""vitamin_a"":0.0,""vitamin_b1"":0.164,""vitamin_b12"":0.0,""vitamin_b2"":0.016,""vitamin_b3"":1.493,""vitamin_b5"":0.397,""vitamin_b6"":0.059,""vitamin_b9"":59.0,""vitamin_c"":0.0,""vitamin_d"":0.0,""zink"":0.4}"
168880;Reis weiss gekocht;Rice, white, medium-grain, enriched, cooked;;;130;2.38;28.59;0;0.21;0.057;0.3;0;"{""calcium"":3.0,""eisen"":1.49,""kalium"":29.0,""kupfer"":0.038,""magnesium"":13.0,""mangan"":0.377,""natrium"":0.0,""phosphor"":37.0,""selen"":7.5,""vitamin_a"":0.0,""vitamin_b1"":0.167,""vitamin_b12"":0.0,""vitamin_b2"":0.016,""vitamin_b3"":1.835,""vitamin_b5"":0.411,""vitamin_b6"":0.05,""vitamin_b9"":58.0,""vitamin_c"":0.0,""vitamin_d"":0.0,""zink"":0.42}"
2710825;Schwarzer Reis;Rice, black, unenriched, raw;;;360.539;7.569;77.188;0;3.438;0;4.179;0;"{""calcium"":14.4,""eisen"":1.116,""kalium"":255.6,""kupfer"":0.2095,""magnesium"":113.4,""mangan"":3.906,""natrium"":0.0,""phosphor"":306.7,""vitamin_b1"":0.3188,""vitamin_b3"":8.278,""vitamin_b6"":0.2024,""vitamin_b7"":4.875,""zink"":1.716}"
173347;Rice-A-Roni Haehnchen;RICE-A-RONI, chicken flavor, unprepared;;;356;10.64;76.08;0.7;1.04;0.389;1.2;2.21;"{""calcium"":18.0,""eisen"":2.77,""kalium"":153.0,""kupfer"":0.176,""magnesium"":31.0,""mangan"":1.007,""natrium"":884.0,""phosphor"":126.0,""selen"":32.9,""vitamin_a"":3.0,""vitamin_b1"":0.593,""vitamin_b12"":0.0,""vitamin_b2"":0.097,""vitamin_b3"":5.123,""vitamin_b5"":0.565,""vitamin_b6"":0.183,""vitamin_b9"":26.0,""vitamin_c"":0.0,""vitamin_d"":0.0,""vitamin_e"":0.15,""vitamin_k"":0.6,""zink"":1.36}"
169736;Spaghetti;Pasta, dry, enriched;;;371;13.04;74.67;2.67;1.51;0.277;3.2;0.015;"{""calcium"":21.0,""eisen"":3.3,""kalium"":223.0,""kupfer"":0.289,""magnesium"":53.0,""mangan"":0.917,""natrium"":6.0,""phosphor"":189.0,""selen"":63.2,""vitamin_a"":0.0,""vitamin_b1"":0.891,""vitamin_b12"":0.0,""vitamin_b2"":0.4,""vitamin_b3"":7.177,""vitamin_b5"":0.431,""vitamin_b6"":0.142,""vitamin_b9"":237.0,""vitamin_c"":0.0,""vitamin_d"":0.0,""vitamin_e"":0.11,""vitamin_k"":0.1,""zink"":1.41}"
168927;Penne;Pasta, dry, unenriched;;;371;13.04;74.67;2.67;1.51;0.277;3.2;0.015;"{""calcium"":21.0,""eisen"":1.3,""kalium"":223.0,""kupfer"":0.289,""magnesium"":53.0,""mangan"":0.917,""natrium"":6.0,""phosphor"":189.0,""selen"":63.2,""vitamin_a"":0.0,""vitamin_b1"":0.09,""vitamin_b12"":0.0,""vitamin_b2"":0.06,""vitamin_b3"":1.7,""vitamin_b5"":0.431,""vitamin_b6"":0.142,""vitamin_b9"":18.0,""vitamin_c"":0.0,""vitamin_d"":0.0,""vitamin_e"":0.11,""vitamin_k"":0.1,""zink"":1.41}"
168915;Fusilli;Pasta, whole grain, 51% whole wheat, remaining unenriched semolina, dry;;;362;13.51;73.1;2.6;2.68;0.351;10.1;0.028;"{""calcium"":27.0,""eisen"":3.33,""kalium"":366.0,""kupfer"":0.426,""magnesium"":104.0,""mangan"":2.242,""natrium"":11.0,""phosphor"":287.0,""selen"":69.4,""vitamin_b1"":0.371,""vitamin_b2"":0.193,""vitamin_b3"":7.948,""vitamin_b5"":0.8,""vitamin_b6"":0.28,""vitamin_b9"":59.0,""vitamin_e"":0.17,""vitamin_k"":0.9,""zink"":2.4}"
172025;Farfalle;Pasta, whole grain, 51% whole wheat, remaining enriched semolina, dry (Includes foods for USDA's Food Distribution Program);;;361;13.2;73.3;2.2;2.55;0.324;11.3;0.03;"{""calcium"":25.0,""eisen"":3.41,""kalium"":318.0,""kupfer"":0.39,""magnesium"":94.0,""mangan"":2.11,""natrium"":12.0,""phosphor"":252.0,""selen"":76.8,""vitamin_b1"":0.55,""vitamin_b2"":0.313,""vitamin_b3"":8.63,""vitamin_b5"":0.7,""vitamin_b6"":0.24,""vitamin_b9"":114.0,""vitamin_k"":0.9,""zink"":2.2}"
168899;Tagliatelle;Pasta, gluten-free, corn, dry;;;357;7.46;79.26;0;2.08;0.29;11;0.008;"{""calcium"":4.0,""eisen"":0.93,""kalium"":294.0,""kupfer"":0.202,""magnesium"":119.0,""mangan"":0.483,""natrium"":3.0,""phosphor"":253.0,""selen"":7.9,""vitamin_a"":9.0,""vitamin_b1"":0.231,""vitamin_b12"":0.0,""vitamin_b2"":0.087,""vitamin_b3"":2.43,""vitamin_b5"":0.484,""vitamin_b6"":0.206,""vitamin_b9"":25.0,""vitamin_c"":0.0,""zink"":1.79}"
169738;Lasagne Platten;Pasta, whole-wheat, dry (Includes foods for USDA's Food Distribution Program);;;352;13.87;73.37;2.74;2.93;0.428;9.2;0.015;"{""calcium"":29.0,""eisen"":3.62,""kalium"":434.0,""kupfer"":0.497,""magnesium"":128.0,""mangan"":2.983,""natrium"":6.0,""phosphor"":343.0,""selen"":77.6,""vitamin_b1"":0.407,""vitamin_b12"":0.0,""vitamin_b2"":0.218,""vitamin_b3"":8.691,""vitamin_b5"":0.87,""vitamin_b6"":0.283,""vitamin_b9"":69.0,""vitamin_d"":0.0,""vitamin_e"":0.46,""vitamin_k"":1.4,""zink"":2.97}"
168911;Spaghetti mit Spinat trocken;Spaghetti, spinach, dry;;;372;13.35;74.81;2.72;1.57;0.226;10.6;0.09;"{""calcium"":58.0,""eisen"":2.13,""kalium"":376.0,""kupfer"":0.499,""magnesium"":174.0,""mangan"":2.645,""natrium"":36.0,""phosphor"":332.0,""selen"":63.5,""vitamin_a"":23.0,""vitamin_b1"":0.373,""vitamin_b12"":0.0,""vitamin_b2"":0.196,""vitamin_b3"":4.55,""vitamin_b5"":1.214,""vitamin_b6"":0.323,""vitamin_b9"":48.0,""vitamin_c"":0.0,""vitamin_d"":0.0,""vitamin_e"":0.74,""vitamin_k"":151.5,""zink"":2.76}"
169732;Glasnudeln;Noodles, egg, enriched, cooked;;;138;4.54;25.16;0.4;2.07;0.419;1.2;0.013;"{""calcium"":12.0,""eisen"":1.47,""kalium"":38.0,""kupfer"":0.098,""magnesium"":21.0,""mangan"":0.315,""natrium"":5.0,""phosphor"":76.0,""selen"":23.9,""vitamin_a"":6.0,""vitamin_b1"":0.289,""vitamin_b12"":0.09,""vitamin_b2"":0.136,""vitamin_b3"":2.077,""vitamin_b5"":0.263,""vitamin_b6"":0.046,""vitamin_b9"":84.0,""vitamin_c"":0.0,""vitamin_d"":0.1,""vitamin_e"":0.17,""vitamin_k"":0.0,""zink"":0.65}"
169742;Reisnudeln;Rice noodles, dry;;;364;5.95;80.18;0.12;0.56;0.153;1.6;0.455;"{""calcium"":18.0,""eisen"":0.7,""kalium"":30.0,""kupfer"":0.078,""magnesium"":12.0,""mangan"":0.498,""natrium"":182.0,""phosphor"":153.0,""selen"":15.1,""vitamin_a"":0.0,""vitamin_b1"":0.031,""vitamin_b12"":0.0,""vitamin_b2"":0.017,""vitamin_b3"":0.221,""vitamin_b5"":0.051,""vitamin_b6"":0.015,""vitamin_b9"":3.0,""vitamin_c"":0.0,""vitamin_d"":0.0,""vitamin_e"":0.11,""vitamin_k"":0.0,""zink"":0.74}"
169731;Eiernudeln;Noodles, egg, dry, enriched;;;384;14.16;71.27;1.88;4.44;1.18;3.3;0.053;"{""calcium"":35.0,""eisen"":4.01,""kalium"":244.0,""kupfer"":0.297,""magnesium"":58.0,""mangan"":0.855,""natrium"":21.0,""phosphor"":241.0,""selen"":78.8,""vitamin_a"":17.0,""vitamin_b1"":1.133,""vitamin_b12"":0.29,""vitamin_b2"":0.426,""vitamin_b3"":8.387,""vitamin_b5"":0.912,""vitamin_b6"":0.216,""vitamin_b9"":230.0,""vitamin_c"":0.0,""vitamin_d"":0.3,""vitamin_e"":0.37,""vitamin_k"":0.5,""zink"":1.92}"
168906;Soba Nudeln;Noodles, japanese, soba, dry;;;336;14.38;74.62;0;0.71;0.136;0;1.98;"{""calcium"":35.0,""eisen"":2.7,""kalium"":252.0,""kupfer"":0.23,""magnesium"":95.0,""mangan"":1.291,""natrium"":792.0,""phosphor"":254.0,""vitamin_a"":0.0,""vitamin_b1"":0.48,""vitamin_b12"":0.0,""vitamin_b2"":0.13,""vitamin_b3"":3.21,""vitamin_b5"":0.954,""vitamin_b6"":0.24,""vitamin_b9"":60.0,""vitamin_c"":0.0,""vitamin_d"":0.0,""zink"":1.71}"
168905;Chow-Mein-Nudeln (chinesisch);Noodles, chinese, chow mein;;;471;10.88;63.64;0;21.24;6.738;6.7;2.165;"{""calcium"":0.0,""eisen"":6.43,""kalium"":103.0,""kupfer"":0.124,""magnesium"":19.0,""mangan"":0.577,""natrium"":866.0,""phosphor"":98.0,""selen"":28.5,""vitamin_a"":0.0,""vitamin_b1"":0.567,""vitamin_b12"":0.0,""vitamin_b2"":0.397,""vitamin_b3"":4.717,""vitamin_b6"":0.043,""vitamin_b9"":125.0,""vitamin_c"":0.0,""vitamin_d"":0.0,""vitamin_e"":0.83,""vitamin_k"":5.3,""zink"":0.81}"
169755;Ramen Nudeln;Noodles, egg, dry, unenriched;;;384;14.16;71.27;1.88;4.44;1.18;3.3;0.053;"{""calcium"":35.0,""eisen"":1.9,""kalium"":244.0,""kupfer"":0.297,""magnesium"":58.0,""mangan"":0.855,""natrium"":21.0,""phosphor"":241.0,""selen"":78.8,""vitamin_a"":17.0,""vitamin_b1"":0.17,""vitamin_b12"":0.29,""vitamin_b2"":0.09,""vitamin_b3"":2.1,""vitamin_b5"":0.912,""vitamin_b6"":0.216,""vitamin_b9"":29.0,""vitamin_c"":0.0,""vitamin_d"":0.3,""vitamin_e"":0.37,""vitamin_k"":0.5,""zink"":1.92}"
171714;Brotfrucht roh;Breadfruit, raw;;;103;1.07;27.12;11;0.23;0.048;4.9;0.005;"{""calcium"":17.0,""eisen"":0.54,""kalium"":490.0,""kupfer"":0.084,""magnesium"":25.0,""mangan"":0.06,""natrium"":2.0,""phosphor"":30.0,""selen"":0.6,""vitamin_a"":0.0,""vitamin_b1"":0.11,""vitamin_b12"":0.0,""vitamin_b2"":0.03,""vitamin_b3"":0.9,""vitamin_b5"":0.457,""vitamin_b6"":0.1,""vitamin_b9"":14.0,""vitamin_c"":29.0,""vitamin_d"":0.0,""vitamin_e"":0.1,""vitamin_k"":0.5,""zink"":0.12}"
172094;Tortellini;Tortellini, pasta with cheese filling, fresh-refrigerated, as purchased;;;307;13.5;47;0.95;7.23;3.6;1.9;1.015;"{""calcium"":152.0,""eisen"":1.5,""kalium"":89.0,""kupfer"":0.08,""magnesium"":21.0,""natrium"":406.0,""phosphor"":212.0,""selen"":23.9,""vitamin_a"":38.0,""vitamin_b1"":0.313,""vitamin_b12"":0.16,""vitamin_b2"":0.31,""vitamin_b3"":2.696,""vitamin_b6"":0.043,""vitamin_b9"":74.0,""vitamin_c"":0.0,""vitamin_d"":0.0,""vitamin_e"":0.16,""vitamin_k"":1.3,""zink"":1.02}"
168894;Weizenmehl Type 405;Wheat flour, white, all-purpose, enriched, bleached;;;364;10.33;76.31;0.27;0.98;0.155;2.7;0.005;"{""calcium"":15.0,""eisen"":4.64,""kalium"":107.0,""kupfer"":0.144,""magnesium"":22.0,""mangan"":0.682,""natrium"":2.0,""phosphor"":108.0,""selen"":33.9,""vitamin_a"":0.0,""vitamin_b1"":0.785,""vitamin_b12"":0.0,""vitamin_b2"":0.494,""vitamin_b3"":5.904,""vitamin_b5"":0.438,""vitamin_b6"":0.044,""vitamin_b9"":183.0,""vitamin_c"":0.0,""vitamin_d"":0.0,""vitamin_e"":0.06,""vitamin_k"":0.3,""zink"":0.7}"
168944;Weizenmehl Vollkorn;Wheat flour, whole-grain, soft wheat;;;332;9.61;74.48;1.02;1.95;0.43;13.1;0.008;"{""calcium"":33.0,""eisen"":3.71,""kalium"":394.0,""kupfer"":0.475,""magnesium"":117.0,""mangan"":3.399,""natrium"":3.0,""phosphor"":323.0,""selen"":12.7,""vitamin_a"":0.0,""vitamin_b1"":0.297,""vitamin_b2"":0.188,""vitamin_b3"":5.347,""vitamin_b5"":1.011,""vitamin_b6"":0.191,""vitamin_b9"":28.0,""vitamin_c"":0.0,""vitamin_d"":0.0,""vitamin_e"":0.53,""vitamin_k"":1.9,""zink"":2.96}"
169746;Dinkelmehl;Spelt, cooked;;;127;5.5;26.44;0;0.85;0;3.9;0.013;"{""calcium"":10.0,""eisen"":1.67,""kalium"":143.0,""kupfer"":0.215,""magnesium"":49.0,""mangan"":1.091,""natrium"":5.0,""phosphor"":150.0,""selen"":4.0,""vitamin_a"":0.0,""vitamin_b1"":0.103,""vitamin_b12"":0.0,""vitamin_b2"":0.03,""vitamin_b3"":2.57,""vitamin_b6"":0.08,""vitamin_b9"":13.0,""vitamin_c"":0.0,""vitamin_e"":0.26,""zink"":1.25}"
168885;Roggenmehl;Rye flour, dark;;;325;15.91;68.63;2.31;2.22;0.269;23.8;0.005;"{""calcium"":37.0,""eisen"":4.97,""kalium"":717.0,""kupfer"":0.56,""magnesium"":160.0,""mangan"":6.062,""natrium"":2.0,""phosphor"":499.0,""selen"":18.0,""vitamin_a"":1.0,""vitamin_b1"":0.316,""vitamin_b12"":0.0,""vitamin_b2"":0.251,""vitamin_b3"":4.27,""vitamin_b5"":1.456,""vitamin_b6"":0.443,""vitamin_b9"":33.0,""vitamin_c"":0.0,""vitamin_d"":0.0,""vitamin_e"":2.73,""vitamin_k"":5.9,""zink"":5.04}"
169741;Hafermehl;Oat flour, partially debranned;;;404;14.66;65.7;0.8;9.12;1.607;6.5;0.048;"{""calcium"":55.0,""eisen"":4.0,""kalium"":371.0,""kupfer"":0.437,""magnesium"":144.0,""mangan"":4.019,""natrium"":19.0,""phosphor"":452.0,""selen"":34.0,""vitamin_a"":0.0,""vitamin_b1"":0.692,""vitamin_b12"":0.0,""vitamin_b2"":0.125,""vitamin_b3"":1.474,""vitamin_b5"":0.201,""vitamin_b6"":0.125,""vitamin_b9"":32.0,""vitamin_c"":0.0,""vitamin_d"":0.0,""vitamin_e"":0.7,""vitamin_k"":3.2,""zink"":3.2}"
170687;Buchweizenmehl;Buckwheat flour, whole-groat;;;335;12.62;70.59;2.6;3.1;0.677;10;0.028;"{""calcium"":41.0,""eisen"":4.06,""kalium"":577.0,""kupfer"":0.515,""magnesium"":251.0,""mangan"":2.03,""natrium"":11.0,""phosphor"":337.0,""selen"":5.7,""vitamin_a"":0.0,""vitamin_b1"":0.417,""vitamin_b12"":0.0,""vitamin_b2"":0.19,""vitamin_b3"":6.15,""vitamin_b5"":0.44,""vitamin_b6"":0.582,""vitamin_b9"":54.0,""vitamin_c"":0.0,""vitamin_d"":0.0,""vitamin_e"":0.32,""vitamin_k"":7.0,""zink"":3.12}"
170290;Maismehl;Corn flour, whole-grain, yellow;;;361;6.93;76.85;0.64;3.86;0.543;7.3;0.013;"{""calcium"":7.0,""eisen"":2.38,""kalium"":315.0,""kupfer"":0.23,""magnesium"":93.0,""mangan"":0.46,""natrium"":5.0,""phosphor"":272.0,""selen"":15.4,""vitamin_a"":11.0,""vitamin_b1"":0.246,""vitamin_b12"":0.0,""vitamin_b2"":0.08,""vitamin_b3"":1.9,""vitamin_b5"":0.658,""vitamin_b6"":0.37,""vitamin_b9"":25.0,""vitamin_c"":0.0,""vitamin_d"":0.0,""vitamin_e"":0.42,""vitamin_k"":0.3,""zink"":1.73}"
168898;Reismehl;Rice flour, brown;;;363;7.23;76.48;0.66;2.78;0.557;4.6;0.02;"{""calcium"":11.0,""eisen"":1.98,""kalium"":289.0,""kupfer"":0.23,""magnesium"":112.0,""mangan"":4.013,""natrium"":8.0,""phosphor"":337.0,""vitamin_b1"":0.443,""vitamin_b12"":0.0,""vitamin_b2"":0.08,""vitamin_b3"":6.34,""vitamin_b5"":1.591,""vitamin_b6"":0.736,""vitamin_b9"":16.0,""vitamin_c"":0.0,""vitamin_d"":0.0,""vitamin_e"":0.6,""zink"":2.45}"
2261420;Mandelmehl;Flour, almond;;;577.625;26.244;16.249;0;50.23;0;9.266;0.002;"{""calcium"":232.3,""eisen"":3.225,""kalium"":666.8,""kupfer"":0.9753,""magnesium"":251.1,""mangan"":1.813,""natrium"":0.8944,""phosphor"":512.1,""selen"":0.7419,""vitamin_b1"":0.1125,""vitamin_b2"":0.7475,""vitamin_b3"":3.998,""vitamin_b6"":0.09988,""vitamin_b7"":69.09,""vitamin_b9"":37.83,""zink"":2.795}"
2515382;Kokosmehl;Flour, coconut;;;423.627;16.139;58.903;0;15.28;13.999;34.24;0.117;"{""calcium"":35.98,""eisen"":8.018,""kalium"":2088.0,""kupfer"":2.081,""magnesium"":247.7,""mangan"":5.293,""natrium"":46.94,""phosphor"":507.2,""selen"":26.76,""zink"":3.698}"
174288;Kichererbsenmehl;Chickpea flour (besan);;;387;22.39;57.82;10.85;6.69;0.693;10.8;0.16;"{""calcium"":45.0,""eisen"":4.86,""kalium"":846.0,""kupfer"":0.912,""magnesium"":166.0,""mangan"":1.6,""natrium"":64.0,""phosphor"":318.0,""selen"":8.3,""vitamin_a"":2.0,""vitamin_b1"":0.486,""vitamin_b12"":0.0,""vitamin_b2"":0.106,""vitamin_b3"":1.762,""vitamin_b5"":0.606,""vitamin_b6"":0.492,""vitamin_b9"":437.0,""vitamin_c"":0.0,""vitamin_d"":0.0,""vitamin_e"":0.83,""vitamin_k"":9.1,""zink"":2.81}"
174273;Sojamehl;Soy flour, full-fat, raw;;;434;37.81;31.92;7.5;20.65;2.987;9.6;0.033;"{""calcium"":206.0,""eisen"":6.37,""kalium"":2515.0,""kupfer"":2.92,""magnesium"":429.0,""mangan"":2.275,""natrium"":13.0,""phosphor"":494.0,""selen"":7.5,""vitamin_a"":6.0,""vitamin_b1"":0.581,""vitamin_b12"":0.0,""vitamin_b2"":1.16,""vitamin_b3"":4.32,""vitamin_b5"":1.59,""vitamin_b6"":0.461,""vitamin_b9"":345.0,""vitamin_c"":0.0,""vitamin_d"":0.0,""vitamin_e"":1.95,""vitamin_k"":70.0,""zink"":3.92}"
169715;Hartweizengrieß;Semolina, enriched;;;360;12.68;72.83;0;1.05;0.15;3.9;0.003;"{""calcium"":17.0,""eisen"":4.36,""kalium"":186.0,""kupfer"":0.189,""magnesium"":47.0,""mangan"":0.619,""natrium"":1.0,""phosphor"":136.0,""selen"":89.4,""vitamin_a"":0.0,""vitamin_b1"":0.811,""vitamin_b12"":0.0,""vitamin_b2"":0.571,""vitamin_b3"":5.99,""vitamin_b5"":0.58,""vitamin_b6"":0.103,""vitamin_b9"":183.0,""vitamin_c"":0.0,""vitamin_d"":0.0,""vitamin_e"":0.26,""zink"":1.05}"
169698;Speisestärke Mais;Cornstarch;;;381;0.26;91.27;0;0.05;0.009;0.9;0.023;"{""calcium"":2.0,""eisen"":0.47,""kalium"":3.0,""kupfer"":0.05,""magnesium"":3.0,""mangan"":0.053,""natrium"":9.0,""phosphor"":13.0,""selen"":2.8,""vitamin_a"":0.0,""vitamin_b1"":0.0,""vitamin_b12"":0.0,""vitamin_b2"":0.0,""vitamin_b3"":0.0,""vitamin_b5"":0.0,""vitamin_b6"":0.0,""vitamin_b9"":0.0,""vitamin_c"":0.0,""vitamin_d"":0.0,""vitamin_e"":0.0,""vitamin_k"":0.0,""zink"":0.06}"
168446;Speisestärke Kartoffel;Potato flour;;;357;6.9;83.1;3.52;0.34;0.09;5.9;0.138;"{""calcium"":65.0,""eisen"":1.38,""kalium"":1001.0,""kupfer"":0.197,""magnesium"":65.0,""mangan"":0.313,""natrium"":55.0,""phosphor"":168.0,""selen"":1.1,""vitamin_a"":0.0,""vitamin_b1"":0.228,""vitamin_b12"":0.0,""vitamin_b2"":0.051,""vitamin_b3"":3.507,""vitamin_b5"":0.474,""vitamin_b6"":0.769,""vitamin_b9"":25.0,""vitamin_c"":3.8,""vitamin_d"":0.0,""vitamin_e"":0.25,""vitamin_k"":0.0,""zink"":0.54}"
172805;Backpulver;Leavening agents, baking powder, low-sodium;;;97;0.1;46.9;0;0.4;0.073;2.2;0.225;"{""calcium"":4332.0,""eisen"":8.17,""kalium"":10100.0,""kupfer"":0.019,""magnesium"":29.0,""mangan"":0.42,""natrium"":90.0,""phosphor"":6869.0,""selen"":0.2,""vitamin_a"":0.0,""vitamin_b1"":0.0,""vitamin_b12"":0.0,""vitamin_b2"":0.0,""vitamin_b3"":0.0,""vitamin_b5"":0.0,""vitamin_b6"":0.0,""vitamin_b9"":0.0,""vitamin_c"":0.0,""vitamin_d"":0.0,""vitamin_e"":0.0,""vitamin_k"":0.0,""zink"":0.72}"
175040;Natron;Leavening agents, baking soda;;;0;0;0;0;0;0;0;68.4;"{""calcium"":0.0,""eisen"":0.0,""kalium"":0.0,""kupfer"":0.0,""magnesium"":0.0,""mangan"":0.0,""natrium"":27360.0,""phosphor"":0.0,""selen"":0.2,""vitamin_a"":0.0,""vitamin_b1"":0.0,""vitamin_b12"":0.0,""vitamin_b2"":0.0,""vitamin_b3"":0.0,""vitamin_b5"":0.0,""vitamin_b6"":0.0,""vitamin_b9"":0.0,""vitamin_c"":0.0,""vitamin_d"":0.0,""vitamin_e"":0.0,""vitamin_k"":0.0,""zink"":0.0}"
175042;Hefe frisch;Leavening agents, yeast, baker's, compressed;;;105;8.4;18.1;0;1.9;0.243;8.1;0.075;"{""calcium"":19.0,""eisen"":3.25,""kalium"":601.0,""kupfer"":0.148,""magnesium"":40.0,""mangan"":0.2,""natrium"":30.0,""phosphor"":336.0,""selen"":8.1,""vitamin_a"":0.0,""vitamin_b1"":1.88,""vitamin_b12"":0.01,""vitamin_b2"":1.13,""vitamin_b3"":12.3,""vitamin_b5"":4.9,""vitamin_b6"":0.43,""vitamin_b9"":785.0,""vitamin_c"":0.1,""vitamin_d"":0.0,""vitamin_e"":0.0,""vitamin_k"":0.0,""zink"":9.97}"
175043;Hefe trocken;Leavening agents, yeast, baker's, active dry;;;325;40.44;41.22;0;7.61;1.001;26.9;0.128;"{""calcium"":30.0,""eisen"":2.17,""kalium"":955.0,""kupfer"":0.436,""magnesium"":54.0,""mangan"":0.312,""natrium"":51.0,""phosphor"":637.0,""selen"":7.9,""vitamin_a"":0.0,""vitamin_b1"":10.99,""vitamin_b12"":0.07,""vitamin_b2"":4.0,""vitamin_b3"":40.2,""vitamin_b5"":13.5,""vitamin_b6"":1.5,""vitamin_b9"":2340.0,""vitamin_c"":0.3,""vitamin_d"":0.0,""vitamin_e"":0.0,""vitamin_k"":0.4,""zink"":7.94}"
175041;Weinstein (Cream of Tartar);Leavening agents, cream of tartar;;;258;0;61.5;0;0;0;0.2;0.13;"{""calcium"":8.0,""eisen"":3.72,""kalium"":16500.0,""kupfer"":0.195,""magnesium"":2.0,""mangan"":0.205,""natrium"":52.0,""phosphor"":5.0,""selen"":0.2,""vitamin_a"":0.0,""vitamin_b1"":0.0,""vitamin_b12"":0.0,""vitamin_b2"":0.0,""vitamin_b3"":0.0,""vitamin_b5"":0.0,""vitamin_b6"":0.0,""vitamin_b9"":0.0,""vitamin_c"":0.0,""vitamin_d"":0.0,""vitamin_e"":0.0,""vitamin_k"":0.0,""zink"":0.42}"
168147;Gluten Weizen;Vital wheat gluten;;;370;75.16;13.79;0;1.85;0.272;0.6;0.073;"{""calcium"":142.0,""eisen"":5.2,""kalium"":100.0,""kupfer"":0.182,""magnesium"":25.0,""natrium"":29.0,""phosphor"":260.0,""selen"":39.7,""vitamin_a"":0.0,""vitamin_b1"":0.0,""vitamin_b12"":0.0,""vitamin_b2"":0.0,""vitamin_b3"":0.0,""vitamin_b5"":0.0,""vitamin_b6"":0.0,""vitamin_b9"":0.0,""vitamin_c"":0.0,""vitamin_d"":0.0,""vitamin_e"":0.0,""vitamin_k"":0.0,""zink"":0.85}"
169593;Kakaopulver;Cocoa, dry powder, unsweetened;;;228;19.6;57.9;1.75;13.7;8.07;37;0.053;"{""calcium"":128.0,""eisen"":13.86,""kalium"":1524.0,""kupfer"":3.788,""magnesium"":499.0,""mangan"":3.837,""natrium"":21.0,""phosphor"":734.0,""selen"":14.3,""vitamin_a"":0.0,""vitamin_b1"":0.078,""vitamin_b12"":0.0,""vitamin_b2"":0.241,""vitamin_b3"":2.185,""vitamin_b5"":0.254,""vitamin_b6"":0.118,""vitamin_b9"":32.0,""vitamin_c"":0.0,""vitamin_d"":0.0,""vitamin_e"":0.1,""vitamin_k"":2.5,""zink"":6.81}"
173471;Vanilleextrakt;Vanilla extract;;;288;0.06;12.65;12.65;0.06;0.01;0;0.023;"{""calcium"":11.0,""eisen"":0.12,""kalium"":148.0,""kupfer"":0.072,""magnesium"":12.0,""mangan"":0.23,""natrium"":9.0,""phosphor"":6.0,""selen"":0.0,""vitamin_a"":0.0,""vitamin_b1"":0.011,""vitamin_b12"":0.0,""vitamin_b2"":0.095,""vitamin_b3"":0.425,""vitamin_b5"":0.035,""vitamin_b6"":0.026,""vitamin_b9"":0.0,""vitamin_c"":0.0,""vitamin_d"":0.0,""vitamin_e"":0.0,""vitamin_k"":0.0,""zink"":0.11}"
169599;Gelatine;Gelatins, dry powder, unsweetened;;;335;85.6;0;0;0.1;0.07;0;0.49;"{""calcium"":55.0,""eisen"":1.11,""kalium"":16.0,""kupfer"":2.161,""magnesium"":22.0,""mangan"":0.105,""natrium"":196.0,""phosphor"":39.0,""selen"":39.5,""vitamin_a"":0.0,""vitamin_b1"":0.025,""vitamin_b12"":0.0,""vitamin_b2"":0.23,""vitamin_b3"":0.085,""vitamin_b5"":0.125,""vitamin_b6"":0.007,""vitamin_b9"":30.0,""vitamin_c"":0.0,""vitamin_d"":0.0,""vitamin_e"":0.0,""vitamin_k"":0.0,""zink"":0.14}"
172420;Linsen rot;Lentils, raw;;;352;24.63;63.35;2.03;1.06;0.154;10.7;0.015;"{""calcium"":35.0,""eisen"":6.51,""kalium"":677.0,""kupfer"":0.754,""magnesium"":47.0,""mangan"":1.393,""natrium"":6.0,""phosphor"":281.0,""selen"":0.1,""vitamin_a"":2.0,""vitamin_b1"":0.873,""vitamin_b12"":0.0,""vitamin_b2"":0.211,""vitamin_b3"":2.605,""vitamin_b5"":2.14,""vitamin_b6"":0.54,""vitamin_b9"":479.0,""vitamin_c"":4.5,""vitamin_d"":0.0,""vitamin_e"":0.49,""vitamin_k"":5.0,""zink"":3.27}"
168427;Linsen grün;Lentils, sprouted, raw;;;106;8.96;22.14;0;0.55;0.057;0;0.028;"{""calcium"":25.0,""eisen"":3.21,""kalium"":322.0,""kupfer"":0.352,""magnesium"":37.0,""mangan"":0.506,""natrium"":11.0,""phosphor"":173.0,""selen"":0.6,""vitamin_a"":2.0,""vitamin_b1"":0.228,""vitamin_b12"":0.0,""vitamin_b2"":0.128,""vitamin_b3"":1.128,""vitamin_b5"":0.578,""vitamin_b6"":0.19,""vitamin_b9"":100.0,""vitamin_c"":16.5,""vitamin_d"":0.0,""zink"":1.51}"
174284;Linsen Beluga;Lentils, pink or red, raw;;;358;23.91;63.1;0;2.17;0.379;10.8;0.018;"{""calcium"":48.0,""eisen"":7.39,""kalium"":668.0,""kupfer"":1.303,""magnesium"":59.0,""mangan"":1.716,""natrium"":7.0,""phosphor"":294.0,""selen"":0.0,""vitamin_a"":3.0,""vitamin_b1"":0.51,""vitamin_b12"":0.0,""vitamin_b2"":0.106,""vitamin_b3"":1.495,""vitamin_b5"":0.348,""vitamin_b6"":0.403,""vitamin_b9"":204.0,""vitamin_c"":1.7,""vitamin_d"":0.0,""zink"":3.6}"
175254;Linsen Berg;Lentils, mature seeds, cooked, boiled, with salt;;;114;9.02;19.54;1.8;0.38;0.053;7.9;0.595;"{""calcium"":19.0,""eisen"":3.33,""kalium"":369.0,""kupfer"":0.251,""magnesium"":36.0,""mangan"":0.494,""natrium"":238.0,""phosphor"":180.0,""selen"":2.8,""vitamin_a"":0.0,""vitamin_b1"":0.169,""vitamin_b12"":0.0,""vitamin_b2"":0.073,""vitamin_b3"":1.06,""vitamin_b5"":0.638,""vitamin_b6"":0.178,""vitamin_b9"":181.0,""vitamin_c"":1.5,""vitamin_d"":0.0,""vitamin_e"":0.11,""vitamin_k"":1.7,""zink"":1.27}"
2644282;Kichererbsen trocken;Chickpeas, (garbanzo beans, bengal gram), dry;;;371.995;21.275;60.358;0;6.274;0;0;0.022;"{""calcium"":111.1,""eisen"":5.094,""kalium"":1074.0,""kupfer"":0.8041,""magnesium"":134.8,""mangan"":3.581,""natrium"":8.779,""phosphor"":353.1,""zink"":3.124}"
173800;Kichererbsen Dose;Chickpeas (garbanzo beans, bengal gram), mature seeds, canned, drained solids;;;139;7.05;22.53;4.01;2.77;0.214;6.4;0.615;"{""calcium"":45.0,""eisen"":1.07,""kalium"":126.0,""kupfer"":0.253,""magnesium"":26.0,""mangan"":0.846,""natrium"":246.0,""phosphor"":85.0,""selen"":3.1,""vitamin_a"":1.0,""vitamin_b1"":0.027,""vitamin_b12"":0.0,""vitamin_b2"":0.015,""vitamin_b3"":0.14,""vitamin_b6"":0.116,""vitamin_b9"":48.0,""vitamin_c"":0.1,""vitamin_d"":0.0,""vitamin_e"":0.29,""vitamin_k"":3.4,""zink"":0.63}"
173744;Kidneybohnen trocken;Beans, kidney, red, mature seeds, raw;;;337;22.53;61.29;2.1;1.06;0.154;15.2;0.03;"{""calcium"":83.0,""eisen"":6.69,""kalium"":1359.0,""kupfer"":0.699,""magnesium"":138.0,""mangan"":1.111,""natrium"":12.0,""phosphor"":406.0,""selen"":3.2,""vitamin_a"":0.0,""vitamin_b1"":0.608,""vitamin_b12"":0.0,""vitamin_b2"":0.215,""vitamin_b3"":2.11,""vitamin_b5"":0.78,""vitamin_b6"":0.397,""vitamin_b9"":394.0,""vitamin_c"":4.5,""vitamin_d"":0.0,""vitamin_e"":0.21,""vitamin_k"":5.6,""zink"":2.79}"
175195;Kidneybohnen Dose;Beans, kidney, red, mature seeds, canned, solids and liquids;;;81;5.22;14.83;1.85;0.36;0.125;4.3;0.64;"{""calcium"":29.0,""eisen"":1.25,""kalium"":260.0,""kupfer"":0.147,""magnesium"":30.0,""mangan"":0.291,""natrium"":256.0,""phosphor"":106.0,""selen"":1.1,""vitamin_a"":0.0,""vitamin_b1"":0.106,""vitamin_b12"":0.0,""vitamin_b2"":0.067,""vitamin_b3"":0.494,""vitamin_b5"":0.13,""vitamin_b6"":0.08,""vitamin_b9"":23.0,""vitamin_c"":0.8,""vitamin_d"":0.0,""vitamin_e"":0.02,""vitamin_k"":4.1,""zink"":0.62}"
175202;Weiße Bohnen;Beans, white, mature seeds, raw;;;333;23.36;60.27;2.11;0.85;0.219;15.2;0.04;"{""calcium"":240.0,""eisen"":10.44,""kalium"":1795.0,""kupfer"":0.984,""magnesium"":190.0,""mangan"":1.796,""natrium"":16.0,""phosphor"":301.0,""selen"":12.8,""vitamin_a"":0.0,""vitamin_b1"":0.437,""vitamin_b12"":0.0,""vitamin_b2"":0.146,""vitamin_b3"":0.479,""vitamin_b5"":0.732,""vitamin_b6"":0.318,""vitamin_b9"":388.0,""vitamin_c"":0.0,""vitamin_d"":0.0,""vitamin_e"":0.21,""vitamin_k"":5.6,""zink"":3.67}"
175204;Cannellini Bohnen;Beans, white, mature seeds, canned;;;114;7.26;21.2;0.29;0.29;0.074;4.8;0.85;"{""calcium"":73.0,""eisen"":2.99,""kalium"":454.0,""kupfer"":0.232,""magnesium"":51.0,""mangan"":0.515,""natrium"":340.0,""phosphor"":91.0,""selen"":1.6,""vitamin_a"":0.0,""vitamin_b1"":0.096,""vitamin_b12"":0.0,""vitamin_b2"":0.037,""vitamin_b3"":0.113,""vitamin_b5"":0.185,""vitamin_b6"":0.075,""vitamin_b9"":65.0,""vitamin_c"":0.0,""vitamin_d"":0.0,""vitamin_e"":0.79,""vitamin_k"":2.9,""zink"":1.12}"
173734;Schwarze Bohnen;Beans, black, mature seeds, raw;;;341;21.6;62.36;2.12;1.42;0.366;15.5;0.013;"{""calcium"":123.0,""eisen"":5.02,""kalium"":1483.0,""kupfer"":0.841,""magnesium"":171.0,""mangan"":1.06,""natrium"":5.0,""phosphor"":352.0,""selen"":3.2,""vitamin_a"":0.0,""vitamin_b1"":0.9,""vitamin_b12"":0.0,""vitamin_b2"":0.193,""vitamin_b3"":1.955,""vitamin_b5"":0.899,""vitamin_b6"":0.286,""vitamin_b9"":444.0,""vitamin_c"":0.0,""vitamin_d"":0.0,""vitamin_e"":0.21,""vitamin_k"":5.6,""zink"":3.65}"
170086;Pintobohnen;Beans, pinto, mature seeds, sprouted, raw;;;62;5.25;11.6;0;0.9;0.109;0;0.383;"{""calcium"":43.0,""eisen"":1.97,""kalium"":307.0,""kupfer"":0.32,""magnesium"":53.0,""mangan"":0.366,""natrium"":153.0,""phosphor"":94.0,""selen"":0.6,""vitamin_a"":0.0,""vitamin_b1"":0.23,""vitamin_b12"":0.0,""vitamin_b2"":0.175,""vitamin_b3"":2.28,""vitamin_b5"":0.74,""vitamin_b6"":0.171,""vitamin_b9"":118.0,""vitamin_c"":21.7,""vitamin_d"":0.0,""zink"":0.5}"
174252;Limabohnen;Lima beans, large, mature seeds, raw;;;338;21.46;63.38;8.5;0.69;0.161;19;0.045;"{""calcium"":81.0,""eisen"":7.51,""kalium"":1724.0,""kupfer"":0.74,""magnesium"":224.0,""mangan"":1.672,""natrium"":18.0,""phosphor"":385.0,""selen"":7.2,""vitamin_a"":0.0,""vitamin_b1"":0.507,""vitamin_b12"":0.0,""vitamin_b2"":0.202,""vitamin_b3"":1.537,""vitamin_b5"":1.355,""vitamin_b6"":0.512,""vitamin_b9"":395.0,""vitamin_c"":0.0,""vitamin_d"":0.0,""vitamin_e"":0.72,""vitamin_k"":6.0,""zink"":2.83}"
174259;Mungbohnen;Mungo beans, mature seeds, raw;;;341;25.21;58.99;0;1.64;0.114;18.3;0.095;"{""calcium"":138.0,""eisen"":7.57,""kalium"":983.0,""kupfer"":0.981,""magnesium"":267.0,""mangan"":1.527,""natrium"":38.0,""phosphor"":379.0,""selen"":8.2,""vitamin_a"":1.0,""vitamin_b1"":0.273,""vitamin_b12"":0.0,""vitamin_b2"":0.254,""vitamin_b3"":1.447,""vitamin_b5"":0.906,""vitamin_b6"":0.281,""vitamin_b9"":216.0,""vitamin_c"":0.0,""vitamin_d"":0.0,""zink"":3.35}"
173727;Adzuki Bohnen;Beans, adzuki, mature seeds, raw;;;329;19.87;62.9;0;0.53;0.191;12.7;0.013;"{""calcium"":66.0,""eisen"":4.98,""kalium"":1254.0,""kupfer"":1.094,""magnesium"":127.0,""mangan"":1.73,""natrium"":5.0,""phosphor"":381.0,""selen"":3.1,""vitamin_a"":1.0,""vitamin_b1"":0.455,""vitamin_b12"":0.0,""vitamin_b2"":0.22,""vitamin_b3"":2.63,""vitamin_b5"":1.471,""vitamin_b6"":0.351,""vitamin_b9"":622.0,""vitamin_c"":0.0,""vitamin_d"":0.0,""zink"":5.04}"
172423;Lupinen;Lupins, mature seeds, raw;;;371;36.17;40.37;0;9.74;1.156;18.9;0.038;"{""calcium"":176.0,""eisen"":4.36,""kalium"":1013.0,""kupfer"":1.022,""magnesium"":198.0,""mangan"":2.382,""natrium"":15.0,""phosphor"":440.0,""selen"":8.2,""vitamin_a"":0.0,""vitamin_b1"":0.64,""vitamin_b12"":0.0,""vitamin_b2"":0.22,""vitamin_b3"":2.19,""vitamin_b5"":0.75,""vitamin_b6"":0.357,""vitamin_b9"":355.0,""vitamin_c"":4.8,""vitamin_d"":0.0,""zink"":4.75}"
172428;Erbsen getrocknet;Peas, green, split, mature seeds, raw;;;364;23.12;61.63;3.14;3.89;0.408;22.2;0.013;"{""calcium"":46.0,""eisen"":4.73,""kalium"":852.0,""kupfer"":0.809,""magnesium"":63.0,""mangan"":1.19,""natrium"":5.0,""phosphor"":334.0,""selen"":10.7,""vitamin_a"":7.0,""vitamin_b1"":0.719,""vitamin_b12"":0.0,""vitamin_b2"":0.244,""vitamin_b3"":3.608,""vitamin_b5"":0.962,""vitamin_b6"":0.14,""vitamin_b9"":15.0,""vitamin_c"":1.8,""vitamin_d"":0.0,""vitamin_e"":0.12,""vitamin_k"":15.9,""zink"":3.49}"
172430;Erdnüsse;Peanuts, all types, raw;;;567;25.8;16.13;4.72;49.24;6.279;8.5;0.045;"{""calcium"":92.0,""eisen"":4.58,""kalium"":705.0,""kupfer"":1.144,""magnesium"":168.0,""mangan"":1.934,""natrium"":18.0,""phosphor"":376.0,""selen"":7.2,""vitamin_a"":0.0,""vitamin_b1"":0.64,""vitamin_b12"":0.0,""vitamin_b2"":0.135,""vitamin_b3"":12.066,""vitamin_b5"":1.767,""vitamin_b6"":0.348,""vitamin_b9"":240.0,""vitamin_c"":0.0,""vitamin_d"":0.0,""vitamin_e"":8.33,""vitamin_k"":0.0,""zink"":3.27}"
174262;Erdnüsse geröstet;Peanuts, all types, dry-roasted, with salt;;;587;24.35;21.26;4.9;49.66;7.723;8.4;1.025;"{""calcium"":58.0,""eisen"":1.58,""kalium"":634.0,""kupfer"":0.428,""magnesium"":178.0,""mangan"":1.786,""natrium"":410.0,""phosphor"":363.0,""selen"":9.3,""vitamin_a"":0.0,""vitamin_b1"":0.152,""vitamin_b12"":0.0,""vitamin_b2"":0.197,""vitamin_b3"":14.355,""vitamin_b5"":1.011,""vitamin_b6"":0.466,""vitamin_b9"":97.0,""vitamin_c"":0.0,""vitamin_d"":0.0,""vitamin_e"":4.93,""vitamin_k"":0.0,""zink"":2.77}"
174270;Sojabohnen trocken;Soybeans, mature seeds, raw;;;446;36.49;30.16;7.33;19.94;2.884;9.3;0.005;"{""calcium"":277.0,""eisen"":15.7,""kalium"":1797.0,""kupfer"":1.658,""magnesium"":280.0,""mangan"":2.517,""natrium"":2.0,""phosphor"":704.0,""selen"":17.8,""vitamin_a"":1.0,""vitamin_b1"":0.874,""vitamin_b12"":0.0,""vitamin_b2"":0.87,""vitamin_b3"":1.623,""vitamin_b5"":0.793,""vitamin_b6"":0.377,""vitamin_b9"":375.0,""vitamin_c"":6.0,""vitamin_d"":0.0,""vitamin_e"":0.85,""vitamin_k"":47.0,""zink"":4.89}"
170567;Mandeln;Almonds, raw;;ALMONDS;579;21.15;21.55;4.35;49.93;3.802;12.5;0.001;"{""vitamin_e"":25.6,""vitamin_b2"":1.14,""calcium"":269,""magnesium"":270,""phosphor"":481,""kalium"":733,""eisen"":3.71,""zink"":3.12}"
168596;Mandeln geröstet;Nuts, almonds, dry roasted, with salt added;;;598;20.96;21.01;4.86;52.54;4.092;10.9;0.585;"{""calcium"":268.0,""eisen"":3.73,""kalium"":713.0,""kupfer"":1.099,""magnesium"":279.0,""mangan"":2.232,""natrium"":234.0,""phosphor"":471.0,""selen"":2.0,""vitamin_a"":0.0,""vitamin_b1"":0.077,""vitamin_b12"":0.0,""vitamin_b2"":1.197,""vitamin_b3"":3.637,""vitamin_b5"":0.321,""vitamin_b6"":0.136,""vitamin_b9"":55.0,""vitamin_c"":0.0,""vitamin_d"":0.0,""vitamin_e"":23.9,""vitamin_k"":0.0,""zink"":3.31}"
169827;Haselnüsse;Hazelnuts, beaked (Northern Plains Indians);;;628;14.89;22.98;0;52.99;0;9.8;0.005;"{""calcium"":441.0,""eisen"":3.12,""kalium"":738.0,""kupfer"":1.2,""magnesium"":235.0,""mangan"":7.6,""natrium"":2.0,""phosphor"":411.0,""vitamin_b1"":0.48,""vitamin_b2"":0.16,""vitamin_b3"":3.19,""vitamin_b6"":0.55,""zink"":2.06}"
170187;Walnüsse;Nuts, walnuts, english;;;654;15.23;13.71;2.61;65.21;6.126;6.7;0.005;"{""calcium"":98.0,""eisen"":2.91,""kalium"":441.0,""kupfer"":1.586,""magnesium"":158.0,""mangan"":3.414,""natrium"":2.0,""phosphor"":346.0,""selen"":4.9,""vitamin_a"":1.0,""vitamin_b1"":0.341,""vitamin_b12"":0.0,""vitamin_b2"":0.15,""vitamin_b3"":1.125,""vitamin_b5"":0.57,""vitamin_b6"":0.537,""vitamin_b9"":98.0,""vitamin_c"":1.3,""vitamin_d"":0.0,""vitamin_e"":0.7,""vitamin_k"":2.7,""zink"":3.09}"
170182;Pekannüsse;Nuts, pecans;;;691;9.17;13.86;3.97;71.97;6.18;9.6;0;"{""calcium"":70.0,""eisen"":2.53,""kalium"":410.0,""kupfer"":1.2,""magnesium"":121.0,""mangan"":4.5,""natrium"":0.0,""phosphor"":277.0,""selen"":3.8,""vitamin_a"":3.0,""vitamin_b1"":0.66,""vitamin_b12"":0.0,""vitamin_b2"":0.13,""vitamin_b3"":1.167,""vitamin_b5"":0.863,""vitamin_b6"":0.21,""vitamin_b9"":22.0,""vitamin_c"":1.1,""vitamin_d"":0.0,""vitamin_e"":1.4,""vitamin_k"":3.5,""zink"":4.53}"
170162;Cashewkerne roh;Nuts, cashew nuts, raw;;;553;18.22;30.19;5.91;43.85;7.783;3.3;0.03;"{""calcium"":37.0,""eisen"":6.68,""kalium"":660.0,""kupfer"":2.195,""magnesium"":292.0,""mangan"":1.655,""natrium"":12.0,""phosphor"":593.0,""selen"":19.9,""vitamin_a"":0.0,""vitamin_b1"":0.423,""vitamin_b12"":0.0,""vitamin_b2"":0.058,""vitamin_b3"":1.062,""vitamin_b5"":0.864,""vitamin_b6"":0.417,""vitamin_b9"":25.0,""vitamin_c"":0.5,""vitamin_d"":0.0,""vitamin_e"":0.9,""vitamin_k"":34.1,""zink"":5.78}"
169421;Cashewkerne geröstet;Nuts, cashew nuts, dry roasted, with salt added;;;574;15.31;32.69;5.01;46.35;9.157;3;1.6;"{""calcium"":45.0,""eisen"":6.0,""kalium"":565.0,""kupfer"":2.22,""magnesium"":260.0,""mangan"":0.826,""natrium"":640.0,""phosphor"":490.0,""selen"":11.7,""vitamin_a"":0.0,""vitamin_b1"":0.2,""vitamin_b12"":0.0,""vitamin_b2"":0.2,""vitamin_b3"":1.4,""vitamin_b5"":1.217,""vitamin_b6"":0.256,""vitamin_b9"":69.0,""vitamin_c"":0.0,""vitamin_d"":0.0,""vitamin_e"":0.92,""vitamin_k"":34.7,""zink"":5.6}"
170184;Pistazien roh;Nuts, pistachio nuts, raw;;;560;20.16;27.17;7.66;45.32;5.907;10.6;0.003;"{""calcium"":105.0,""eisen"":3.92,""kalium"":1025.0,""kupfer"":1.3,""magnesium"":121.0,""mangan"":1.2,""natrium"":1.0,""phosphor"":490.0,""selen"":7.0,""vitamin_a"":26.0,""vitamin_b1"":0.87,""vitamin_b12"":0.0,""vitamin_b2"":0.16,""vitamin_b3"":1.3,""vitamin_b5"":0.52,""vitamin_b6"":1.7,""vitamin_b9"":51.0,""vitamin_c"":5.6,""vitamin_d"":0.0,""vitamin_e"":2.86,""zink"":2.2}"
169426;Pistazien geröstet;Nuts, pistachio nuts, dry roasted, with salt added;;;569;21.05;27.55;7.74;45.82;5.645;10.3;1.07;"{""calcium"":107.0,""eisen"":4.03,""kalium"":1007.0,""kupfer"":1.293,""magnesium"":109.0,""mangan"":1.243,""natrium"":428.0,""phosphor"":469.0,""selen"":10.0,""vitamin_a"":13.0,""vitamin_b1"":0.695,""vitamin_b12"":0.0,""vitamin_b2"":0.234,""vitamin_b3"":1.373,""vitamin_b5"":0.513,""vitamin_b6"":1.122,""vitamin_b9"":51.0,""vitamin_c"":3.0,""vitamin_d"":0.0,""vitamin_e"":2.17,""vitamin_k"":13.2,""zink"":2.34}"
170569;Paranüsse;Nuts, brazilnuts, dried, unblanched;;;659;14.32;11.74;2.33;67.1;16.134;7.5;0.008;"{""calcium"":160.0,""eisen"":2.43,""kalium"":659.0,""kupfer"":1.743,""magnesium"":376.0,""mangan"":1.223,""natrium"":3.0,""phosphor"":725.0,""selen"":1917.0,""vitamin_a"":0.0,""vitamin_b1"":0.617,""vitamin_b12"":0.0,""vitamin_b2"":0.035,""vitamin_b3"":0.295,""vitamin_b5"":0.184,""vitamin_b6"":0.101,""vitamin_b9"":22.0,""vitamin_c"":0.7,""vitamin_d"":0.0,""vitamin_e"":5.65,""vitamin_k"":0.0,""zink"":4.06}"
170178;Macadamia;Nuts, macadamia nuts, raw;;;718;7.91;13.82;4.57;75.77;12.061;8.6;0.013;"{""calcium"":85.0,""eisen"":3.69,""kalium"":368.0,""kupfer"":0.756,""magnesium"":130.0,""mangan"":4.131,""natrium"":5.0,""phosphor"":188.0,""selen"":3.6,""vitamin_a"":0.0,""vitamin_b1"":1.195,""vitamin_b12"":0.0,""vitamin_b2"":0.162,""vitamin_b3"":2.473,""vitamin_b5"":0.758,""vitamin_b6"":0.275,""vitamin_b9"":11.0,""vitamin_c"":1.2,""vitamin_d"":0.0,""vitamin_e"":0.54,""zink"":1.3}"
170591;Pinienkerne;Nuts, pine nuts, dried;;;673;13.69;13.08;3.59;68.37;4.899;3.7;0.005;"{""calcium"":16.0,""eisen"":5.53,""kalium"":597.0,""kupfer"":1.324,""magnesium"":251.0,""mangan"":8.802,""natrium"":2.0,""phosphor"":575.0,""selen"":0.7,""vitamin_a"":1.0,""vitamin_b1"":0.364,""vitamin_b12"":0.0,""vitamin_b2"":0.227,""vitamin_b3"":4.387,""vitamin_b5"":0.313,""vitamin_b6"":0.094,""vitamin_b9"":34.0,""vitamin_c"":0.8,""vitamin_d"":0.0,""vitamin_e"":9.33,""vitamin_k"":53.9,""zink"":6.45}"
170169;Kokosnuss frisch;Nuts, coconut meat, raw;;;354;3.33;15.23;6.23;33.49;29.698;9;0.05;"{""calcium"":14.0,""eisen"":2.43,""kalium"":356.0,""kupfer"":0.435,""magnesium"":32.0,""mangan"":1.5,""natrium"":20.0,""phosphor"":113.0,""selen"":10.1,""vitamin_a"":0.0,""vitamin_b1"":0.066,""vitamin_b12"":0.0,""vitamin_b2"":0.02,""vitamin_b3"":0.54,""vitamin_b5"":0.3,""vitamin_b6"":0.054,""vitamin_b9"":26.0,""vitamin_c"":3.3,""vitamin_d"":0.0,""vitamin_e"":0.24,""vitamin_k"":0.2,""zink"":1.1}"
168585;Kokosflocken;Nuts, coconut meat, dried (desiccated), creamed;;;684;5.3;21.52;0;69.08;61.257;0;0.093;"{""calcium"":26.0,""eisen"":3.36,""kalium"":551.0,""kupfer"":0.807,""magnesium"":92.0,""mangan"":2.783,""natrium"":37.0,""phosphor"":209.0,""vitamin_a"":0.0,""vitamin_b1"":0.061,""vitamin_b12"":0.0,""vitamin_b2"":0.101,""vitamin_b3"":0.611,""vitamin_b5"":0.811,""vitamin_b6"":0.304,""vitamin_b9"":9.0,""vitamin_c"":1.5,""vitamin_d"":0.0,""zink"":2.04}"
170556;Kürbiskerne;Seeds, pumpkin and squash seed kernels, dried;;;559;30.23;10.71;1.4;49.05;8.659;6;0.018;"{""calcium"":46.0,""eisen"":8.82,""kalium"":809.0,""kupfer"":1.343,""magnesium"":592.0,""mangan"":4.543,""natrium"":7.0,""phosphor"":1233.0,""selen"":9.4,""vitamin_a"":1.0,""vitamin_b1"":0.273,""vitamin_b12"":0.0,""vitamin_b2"":0.153,""vitamin_b3"":4.987,""vitamin_b5"":0.75,""vitamin_b6"":0.143,""vitamin_b9"":58.0,""vitamin_c"":1.9,""vitamin_d"":0.0,""vitamin_e"":2.18,""vitamin_k"":7.3,""zink"":7.81}"
170562;Sonnenblumenkerne;Seeds, sunflower seed kernels, dried;;;584;20.78;20;2.62;51.46;4.455;8.6;0.023;"{""calcium"":78.0,""eisen"":5.25,""kalium"":645.0,""kupfer"":1.8,""magnesium"":325.0,""mangan"":1.95,""natrium"":9.0,""phosphor"":660.0,""selen"":53.0,""vitamin_a"":3.0,""vitamin_b1"":1.48,""vitamin_b12"":0.0,""vitamin_b2"":0.355,""vitamin_b3"":8.335,""vitamin_b5"":1.13,""vitamin_b6"":1.345,""vitamin_b9"":227.0,""vitamin_c"":1.4,""vitamin_d"":0.0,""vitamin_e"":35.17,""vitamin_k"":0.0,""zink"":5.0}"
170150;Sesam;Seeds, sesame seeds, whole, dried;;;573;17.73;23.45;0.3;49.67;6.957;11.8;0.028;"{""calcium"":975.0,""eisen"":14.55,""kalium"":468.0,""kupfer"":4.082,""magnesium"":351.0,""mangan"":2.46,""natrium"":11.0,""phosphor"":629.0,""selen"":34.4,""vitamin_a"":0.0,""vitamin_b1"":0.791,""vitamin_b12"":0.0,""vitamin_b2"":0.247,""vitamin_b3"":4.515,""vitamin_b5"":0.05,""vitamin_b6"":0.79,""vitamin_b9"":97.0,""vitamin_c"":0.0,""vitamin_d"":0.0,""vitamin_e"":0.25,""vitamin_k"":0.0,""zink"":7.75}"
169414;Leinsamen;Seeds, flaxseed;;;534;18.29;28.88;1.55;42.16;3.663;27.3;0.075;"{""calcium"":255.0,""eisen"":5.73,""kalium"":813.0,""kupfer"":1.22,""magnesium"":392.0,""mangan"":2.482,""natrium"":30.0,""phosphor"":642.0,""selen"":25.4,""vitamin_a"":0.0,""vitamin_b1"":1.644,""vitamin_b12"":0.0,""vitamin_b2"":0.161,""vitamin_b3"":3.08,""vitamin_b5"":0.985,""vitamin_b6"":0.473,""vitamin_b9"":87.0,""vitamin_c"":0.6,""vitamin_d"":0.0,""vitamin_e"":0.31,""vitamin_k"":4.3,""zink"":4.34}"
170554;Chia Samen;Seeds, chia seeds, dried;;;486;16.54;42.12;0;30.74;3.33;34.4;0.04;"{""calcium"":631.0,""eisen"":7.72,""kalium"":407.0,""kupfer"":0.924,""magnesium"":335.0,""mangan"":2.723,""natrium"":16.0,""phosphor"":860.0,""selen"":55.2,""vitamin_b1"":0.62,""vitamin_b12"":0.0,""vitamin_b2"":0.17,""vitamin_b3"":8.83,""vitamin_b9"":49.0,""vitamin_c"":1.6,""vitamin_e"":0.5,""zink"":4.58}"
170148;Hanfsamen;Seeds, hemp seed, hulled;;;553;31.56;8.67;1.5;48.75;4.6;4;0.013;"{""calcium"":70.0,""eisen"":7.95,""kalium"":1200.0,""kupfer"":1.6,""magnesium"":700.0,""mangan"":7.6,""natrium"":5.0,""phosphor"":1650.0,""vitamin_a"":1.0,""vitamin_b1"":1.275,""vitamin_b2"":0.285,""vitamin_b3"":9.2,""vitamin_b6"":0.6,""vitamin_b9"":110.0,""vitamin_c"":0.5,""vitamin_e"":0.8,""zink"":9.9}"
170558;Mohn;Seeds, safflower seed kernels, dried;;;517;16.18;34.29;0;38.45;3.682;0;0.008;"{""calcium"":78.0,""eisen"":4.9,""kalium"":687.0,""kupfer"":1.747,""magnesium"":353.0,""mangan"":2.014,""natrium"":3.0,""phosphor"":644.0,""vitamin_a"":3.0,""vitamin_b1"":1.163,""vitamin_b12"":0.0,""vitamin_b2"":0.415,""vitamin_b3"":2.284,""vitamin_b5"":4.03,""vitamin_b6"":1.17,""vitamin_b9"":160.0,""vitamin_c"":0.0,""vitamin_d"":0.0,""zink"":5.05}"
172470;Erdnussbutter;Peanut butter, smooth style, without salt;;;598;22.21;22.31;10.49;51.36;10.325;5;0.043;"{""calcium"":49.0,""eisen"":1.74,""kalium"":558.0,""kupfer"":0.422,""magnesium"":168.0,""mangan"":1.665,""natrium"":17.0,""phosphor"":335.0,""selen"":4.1,""vitamin_a"":0.0,""vitamin_b1"":0.15,""vitamin_b12"":0.0,""vitamin_b2"":0.192,""vitamin_b3"":13.112,""vitamin_b5"":1.137,""vitamin_b6"":0.441,""vitamin_b9"":87.0,""vitamin_c"":0.0,""vitamin_d"":0.0,""vitamin_e"":9.1,""vitamin_k"":0.3,""zink"":2.51}"
168603;Mandelmus;Nuts, almond butter, plain, with salt added;;;614;20.96;18.82;6.27;55.5;6.55;10.3;0.568;"{""calcium"":347.0,""eisen"":3.49,""kalium"":748.0,""kupfer"":0.934,""magnesium"":279.0,""mangan"":2.131,""natrium"":227.0,""phosphor"":508.0,""selen"":2.4,""vitamin_a"":0.0,""vitamin_b1"":0.041,""vitamin_b12"":0.0,""vitamin_b2"":0.939,""vitamin_b3"":3.155,""vitamin_b5"":0.318,""vitamin_b6"":0.103,""vitamin_b9"":53.0,""vitamin_c"":0.0,""vitamin_d"":0.0,""vitamin_e"":24.21,""vitamin_k"":0.0,""zink"":3.29}"
168597;Cashewmus;Nuts, cashew butter, plain, with salt added;;;609;12.12;30.3;9.09;53.03;10.606;3;0.738;"{""calcium"":61.0,""eisen"":4.91,""kalium"":447.0,""kupfer"":1.758,""magnesium"":206.0,""natrium"":295.0,""phosphor"":388.0,""selen"":9.3,""vitamin_a"":0.0,""vitamin_b1"":0.158,""vitamin_b12"":0.0,""vitamin_b2"":0.159,""vitamin_b3"":1.108,""vitamin_b6"":0.203,""vitamin_b9"":55.0,""vitamin_c"":0.0,""vitamin_d"":0.0,""vitamin_e"":5.08,""vitamin_k"":30.3,""zink"":4.43}"
2262073;Tahini;Sesame butter, creamy;;;648.374;19.705;14.179;0;62.4;8.966;8.372;0.159;"{""calcium"":115.8,""eisen"":7.003,""kalium"":407.7,""kupfer"":1.646,""magnesium"":356.8,""mangan"":1.609,""natrium"":63.63,""phosphor"":719.3,""selen"":46.48,""vitamin_b1"":0.9928,""vitamin_b3"":5.813,""vitamin_b6"":0.5953,""vitamin_b7"":13.31,""vitamin_b9"":108.4,""vitamin_e"":0.0,""vitamin_k"":1.713,""zink"":6.039}"
173411;Butter geschlagen gesalzen;Butter, whipped, with salt;;;731;0.49;0;0.06;78.3;45.39;0;1.458;"{""calcium"":23.0,""eisen"":0.05,""kalium"":41.0,""kupfer"":0.01,""magnesium"":1.0,""mangan"":0.001,""natrium"":583.0,""phosphor"":24.0,""selen"":0.0,""vitamin_a"":683.0,""vitamin_b1"":0.007,""vitamin_b12"":0.07,""vitamin_b2"":0.064,""vitamin_b3"":0.022,""vitamin_b5"":0.097,""vitamin_b6"":0.008,""vitamin_b9"":4.0,""vitamin_c"":0.0,""vitamin_d"":0.0,""vitamin_e"":1.37,""vitamin_k"":4.6,""zink"":0.05}"
170155;Sonnenblumenkernmus;Seeds, sunflower seed butter, without salt;;;617;17.28;23.32;10.54;55.2;4.678;5.7;0.008;"{""calcium"":64.0,""eisen"":4.12,""kalium"":576.0,""kupfer"":1.597,""magnesium"":311.0,""mangan"":2.073,""natrium"":3.0,""phosphor"":666.0,""selen"":104.4,""vitamin_b1"":0.053,""vitamin_b12"":0.0,""vitamin_b2"":0.163,""vitamin_b3"":6.747,""vitamin_b5"":1.167,""vitamin_b6"":0.55,""vitamin_b9"":237.0,""vitamin_c"":2.7,""vitamin_d"":0.0,""vitamin_e"":22.89,""zink"":4.89}"
168828;Kokoscreme-Pudding Trockenmischung;Puddings, coconut cream, dry mix, regular;;;434;1;81.84;80.54;11.36;11.364;1.6;1.705;"{""calcium"":8.0,""eisen"":0.57,""kalium"":133.0,""kupfer"":0.143,""magnesium"":15.0,""mangan"":0.462,""natrium"":682.0,""phosphor"":35.0,""selen"":3.6,""vitamin_a"":0.0,""vitamin_b1"":0.01,""vitamin_b12"":0.0,""vitamin_b2"":0.029,""vitamin_b3"":0.102,""vitamin_b5"":0.135,""vitamin_b6"":0.05,""vitamin_b9"":2.0,""vitamin_c"":0.3,""vitamin_d"":0.0,""vitamin_e"":0.07,""vitamin_k"":0.1,""zink"":0.35}"
171421;Kakaobutteroel;Oil, cocoa butter;;;884;0;0;0;100;59.7;0;0;"{""calcium"":0.0,""eisen"":0.0,""kalium"":0.0,""kupfer"":0.0,""magnesium"":0.0,""mangan"":0.0,""natrium"":0.0,""phosphor"":0.0,""selen"":0.0,""vitamin_a"":0.0,""vitamin_b1"":0.0,""vitamin_b12"":0.0,""vitamin_b2"":0.0,""vitamin_b3"":0.0,""vitamin_b5"":0.0,""vitamin_b6"":0.0,""vitamin_b9"":0.0,""vitamin_c"":0.0,""vitamin_e"":1.8,""vitamin_k"":24.7,""zink"":0.0}"
173430;Butter;Butter, without salt;;;717;0.85;0.06;0.06;81.11;50.489;0;0.028;"{""calcium"":24.0,""eisen"":0.02,""kalium"":24.0,""kupfer"":0.016,""magnesium"":2.0,""mangan"":0.004,""natrium"":11.0,""phosphor"":24.0,""selen"":1.0,""vitamin_a"":684.0,""vitamin_b1"":0.005,""vitamin_b12"":0.17,""vitamin_b2"":0.034,""vitamin_b3"":0.042,""vitamin_b5"":0.11,""vitamin_b6"":0.003,""vitamin_b9"":3.0,""vitamin_c"":0.0,""vitamin_d"":0.0,""vitamin_e"":2.32,""vitamin_k"":7.0,""zink"":0.09}"
173412;Butter gesalzen;Butter oil, anhydrous;;;876;0.28;0;0;99.48;61.924;0;0.005;"{""calcium"":4.0,""eisen"":0.0,""kalium"":5.0,""kupfer"":0.001,""magnesium"":0.0,""mangan"":0.0,""natrium"":2.0,""phosphor"":3.0,""selen"":0.0,""vitamin_a"":840.0,""vitamin_b1"":0.001,""vitamin_b12"":0.01,""vitamin_b2"":0.005,""vitamin_b3"":0.003,""vitamin_b5"":0.01,""vitamin_b6"":0.001,""vitamin_b9"":0.0,""vitamin_c"":0.0,""vitamin_d"":0.0,""vitamin_e"":2.8,""vitamin_k"":8.6,""zink"":0.01}"
172346;Margarine;Margarine, regular, 80% fat, composite, stick, with salt;;;717;0.16;0.7;0;80.71;15.189;0;1.878;"{""calcium"":3.0,""eisen"":0.06,""kalium"":18.0,""kupfer"":0.0,""magnesium"":3.0,""natrium"":751.0,""phosphor"":5.0,""selen"":0.0,""vitamin_a"":819.0,""vitamin_b1"":0.01,""vitamin_b12"":0.1,""vitamin_b2"":0.037,""vitamin_b3"":0.023,""vitamin_b5"":0.0,""vitamin_b6"":0.009,""vitamin_b9"":1.0,""vitamin_c"":0.2,""vitamin_d"":0.0,""vitamin_e"":9.0,""vitamin_k"":93.0,""zink"":0.0}"
169334;Pestwurz gekocht;Butterbur, cooked, boiled, drained, with salt;;;8;0.23;2.16;0;0.02;0;0;0.6;"{""calcium"":59.0,""eisen"":0.1,""kalium"":354.0,""kupfer"":0.059,""magnesium"":8.0,""mangan"":0.156,""natrium"":240.0,""phosphor"":7.0,""selen"":0.9,""vitamin_a"":1.0,""vitamin_b1"":0.01,""vitamin_b12"":0.0,""vitamin_b2"":0.01,""vitamin_b3"":0.1,""vitamin_b5"":0.018,""vitamin_b6"":0.052,""vitamin_b9"":4.0,""vitamin_c"":18.9,""vitamin_d"":0.0,""zink"":0.09}"
171413;Olivenöl;Oil, olive, salad or cooking;;;884;0;0;0;100;13.808;0;0.005;"{""calcium"":1.0,""eisen"":0.56,""kalium"":1.0,""kupfer"":0.0,""magnesium"":0.0,""mangan"":0.0,""natrium"":2.0,""phosphor"":0.0,""selen"":0.0,""vitamin_a"":0.0,""vitamin_b1"":0.0,""vitamin_b12"":0.0,""vitamin_b2"":0.0,""vitamin_b3"":0.0,""vitamin_b5"":0.0,""vitamin_b6"":0.0,""vitamin_b9"":0.0,""vitamin_c"":0.0,""vitamin_d"":0.0,""vitamin_e"":14.35,""vitamin_k"":60.2,""zink"":0.0}"
172336;Rapsöl;Oil, canola;;;884;0;0;0;100;7.365;0;0;"{""calcium"":0.0,""eisen"":0.0,""kalium"":0.0,""kupfer"":0.0,""magnesium"":0.0,""mangan"":0.0,""natrium"":0.0,""phosphor"":0.0,""selen"":0.0,""vitamin_a"":0.0,""vitamin_b1"":0.0,""vitamin_b12"":0.0,""vitamin_b2"":0.0,""vitamin_b3"":0.0,""vitamin_b5"":0.0,""vitamin_b6"":0.0,""vitamin_b9"":0.0,""vitamin_c"":0.0,""vitamin_d"":0.0,""vitamin_e"":17.46,""vitamin_k"":71.3,""zink"":0.0}"
171025;Sonnenblumenöl;Oil, sunflower, linoleic, (approx. 65%);;;884;0;0;0;100;10.3;0;0;"{""calcium"":0.0,""eisen"":0.0,""kalium"":0.0,""kupfer"":0.0,""magnesium"":0.0,""natrium"":0.0,""phosphor"":0.0,""selen"":0.0,""vitamin_a"":0.0,""vitamin_b1"":0.0,""vitamin_b12"":0.0,""vitamin_b2"":0.0,""vitamin_b3"":0.0,""vitamin_b5"":0.0,""vitamin_b6"":0.0,""vitamin_b9"":0.0,""vitamin_c"":0.0,""vitamin_d"":0.0,""vitamin_e"":41.08,""vitamin_k"":5.4,""zink"":0.0}"
171016;Sesamöl;Oil, sesame, salad or cooking;;;884;0;0;0;100;14.2;0;0;"{""calcium"":0.0,""eisen"":0.0,""kalium"":0.0,""kupfer"":0.0,""magnesium"":0.0,""natrium"":0.0,""phosphor"":0.0,""selen"":0.0,""vitamin_a"":0.0,""vitamin_b1"":0.0,""vitamin_b12"":0.0,""vitamin_b2"":0.0,""vitamin_b3"":0.0,""vitamin_b5"":0.0,""vitamin_b6"":0.0,""vitamin_b9"":0.0,""vitamin_c"":0.0,""vitamin_d"":0.0,""vitamin_e"":1.4,""vitamin_k"":13.6,""zink"":0.0}"
171030;Walnussöl;Oil, walnut;;;884;0;0;0;100;9.1;0;0;"{""calcium"":0.0,""eisen"":0.0,""kalium"":0.0,""kupfer"":0.0,""magnesium"":0.0,""natrium"":0.0,""phosphor"":0.0,""selen"":0.0,""vitamin_a"":0.0,""vitamin_b1"":0.0,""vitamin_b12"":0.0,""vitamin_b2"":0.0,""vitamin_b3"":0.0,""vitamin_b5"":0.0,""vitamin_b6"":0.0,""vitamin_b9"":0.0,""vitamin_c"":0.0,""vitamin_d"":0.0,""vitamin_e"":0.4,""vitamin_k"":15.0,""zink"":0.0}"
167702;Leinöl;Oil, flaxseed, cold pressed;;;884;0.11;0;0;99.98;8.976;0;0;"{""calcium"":1.0,""eisen"":0.0,""kalium"":0.0,""kupfer"":0.0,""magnesium"":0.0,""mangan"":0.0,""natrium"":0.0,""phosphor"":1.0,""selen"":0.0,""vitamin_a"":0.0,""vitamin_b1"":0.0,""vitamin_b12"":0.0,""vitamin_b2"":0.0,""vitamin_b3"":0.0,""vitamin_b6"":0.0,""vitamin_b9"":0.0,""vitamin_c"":0.0,""vitamin_d"":0.0,""vitamin_e"":0.47,""vitamin_k"":9.3,""zink"":0.07}"
171412;Kokosöl;Oil, coconut;;;892;0;0;0;99.06;82.475;0;0;"{""calcium"":1.0,""eisen"":0.05,""kalium"":0.0,""kupfer"":0.0,""magnesium"":0.0,""mangan"":0.0,""natrium"":0.0,""phosphor"":0.0,""selen"":0.0,""vitamin_a"":0.0,""vitamin_b1"":0.0,""vitamin_b12"":0.0,""vitamin_b2"":0.0,""vitamin_b3"":0.0,""vitamin_b5"":0.0,""vitamin_b6"":0.0,""vitamin_b9"":0.0,""vitamin_c"":0.0,""vitamin_d"":0.0,""vitamin_e"":0.11,""vitamin_k"":0.6,""zink"":0.02}"
171410;Erdnussöl;Oil, peanut, salad or cooking;;;884;0;0;0;100;16.9;0;0;"{""calcium"":0.0,""eisen"":0.03,""kalium"":0.0,""kupfer"":0.0,""magnesium"":0.0,""natrium"":0.0,""phosphor"":0.0,""selen"":0.0,""vitamin_a"":0.0,""vitamin_b1"":0.0,""vitamin_b12"":0.0,""vitamin_b2"":0.0,""vitamin_b3"":0.0,""vitamin_b5"":0.0,""vitamin_b6"":0.0,""vitamin_b9"":0.0,""vitamin_c"":0.0,""vitamin_d"":0.0,""vitamin_e"":15.69,""vitamin_k"":0.7,""zink"":0.01}"
173573;Avocadoöl;Oil, avocado;;;884;0;0;0;100;11.56;0;0;"{""calcium"":0.0,""eisen"":0.0,""kalium"":0.0,""kupfer"":0.0,""magnesium"":0.0,""mangan"":0.0,""natrium"":0.0,""phosphor"":0.0,""selen"":0.0,""vitamin_a"":0.0,""vitamin_b1"":0.0,""vitamin_b12"":0.0,""vitamin_b2"":0.0,""vitamin_b3"":0.0,""vitamin_b5"":0.0,""vitamin_b6"":0.0,""vitamin_b9"":0.0,""vitamin_c"":0.0,""zink"":0.0}"
171027;Distelöl;Oil, safflower, salad or cooking, high oleic (primary safflower oil of commerce);;;884;0;0;0;100;7.541;0;0;"{""calcium"":0.0,""eisen"":0.0,""kalium"":0.0,""kupfer"":0.0,""magnesium"":0.0,""mangan"":0.0,""natrium"":0.0,""phosphor"":0.0,""selen"":0.0,""vitamin_a"":0.0,""vitamin_b1"":0.0,""vitamin_b12"":0.0,""vitamin_b2"":0.0,""vitamin_b3"":0.0,""vitamin_b5"":0.0,""vitamin_b6"":0.0,""vitamin_b9"":0.0,""vitamin_c"":0.0,""vitamin_d"":0.0,""vitamin_e"":34.1,""vitamin_k"":7.1,""zink"":0.0}"
171411;Sojaöl;Oil, soybean, salad or cooking;;;884;0;0;0;100;15.65;0;0;"{""calcium"":0.0,""eisen"":0.05,""kalium"":0.0,""kupfer"":0.0,""magnesium"":0.0,""mangan"":0.0,""natrium"":0.0,""phosphor"":0.0,""selen"":0.0,""vitamin_a"":0.0,""vitamin_b1"":0.0,""vitamin_b12"":0.0,""vitamin_b2"":0.0,""vitamin_b3"":0.0,""vitamin_b5"":0.0,""vitamin_b6"":0.0,""vitamin_b9"":0.0,""vitamin_c"":0.0,""vitamin_d"":0.0,""vitamin_e"":8.18,""vitamin_k"":183.9,""zink"":0.01}"
171029;Maiskeimöl;Oil, corn, industrial and retail, all purpose salad or cooking;;;900;0;0;0;100;12.948;0;0;"{""calcium"":0.0,""eisen"":0.0,""kalium"":0.0,""kupfer"":0.0,""magnesium"":0.0,""natrium"":0.0,""phosphor"":0.0,""selen"":0.0,""vitamin_a"":0.0,""vitamin_b1"":0.0,""vitamin_b12"":0.0,""vitamin_b2"":0.0,""vitamin_b3"":0.0,""vitamin_b5"":0.0,""vitamin_b6"":0.0,""vitamin_b9"":0.0,""vitamin_c"":0.0,""vitamin_d"":0.0,""vitamin_e"":14.3,""vitamin_k"":1.9,""zink"":0.0}"
171028;Traubenkernöl;Oil, grapeseed;;;884;0;0;0;100;9.6;0;0;"{""calcium"":0.0,""eisen"":0.0,""kalium"":0.0,""magnesium"":0.0,""natrium"":0.0,""phosphor"":0.0,""selen"":0.0,""vitamin_a"":0.0,""vitamin_b1"":0.0,""vitamin_b12"":0.0,""vitamin_b2"":0.0,""vitamin_b3"":0.0,""vitamin_b5"":0.0,""vitamin_b6"":0.0,""vitamin_b9"":0.0,""vitamin_c"":0.0,""vitamin_e"":28.8,""zink"":0.0}"
171015;Palmöl;Oil, palm;;;884;0;0;0;100;49.3;0;0;"{""calcium"":0.0,""eisen"":0.01,""kalium"":0.0,""kupfer"":0.0,""magnesium"":0.0,""natrium"":0.0,""phosphor"":0.0,""selen"":0.0,""vitamin_a"":0.0,""vitamin_b1"":0.0,""vitamin_b12"":0.0,""vitamin_b2"":0.0,""vitamin_b3"":0.0,""vitamin_b5"":0.0,""vitamin_b6"":0.0,""vitamin_b9"":0.0,""vitamin_c"":0.0,""vitamin_e"":15.94,""vitamin_k"":8.0,""zink"":0.0}"
171401;Schmalz;Lard;;;902;0;0;0;100;39.2;0;0;"{""calcium"":0.0,""eisen"":0.0,""kalium"":0.0,""kupfer"":0.0,""magnesium"":0.0,""mangan"":0.0,""natrium"":0.0,""phosphor"":0.0,""selen"":0.2,""vitamin_a"":0.0,""vitamin_b1"":0.0,""vitamin_b12"":0.0,""vitamin_b2"":0.0,""vitamin_b3"":0.0,""vitamin_b5"":0.0,""vitamin_b6"":0.0,""vitamin_b9"":0.0,""vitamin_c"":0.0,""vitamin_d"":2.5,""vitamin_e"":0.6,""vitamin_k"":0.0,""zink"":0.11}"
171468;Haehnchenfett roh;Chicken, broilers or fryers, separable fat, raw;;;629;3.73;0;0;67.95;20.25;0;0.08;"{""calcium"":7.0,""eisen"":0.7,""kalium"":64.0,""kupfer"":0.029,""magnesium"":6.0,""mangan"":0.014,""natrium"":32.0,""phosphor"":54.0,""selen"":9.7,""vitamin_a"":125.0,""vitamin_b1"":0.021,""vitamin_b12"":0.07,""vitamin_b2"":0.059,""vitamin_b3"":2.041,""vitamin_b5"":0.19,""vitamin_b6"":0.02,""vitamin_b9"":1.0,""vitamin_c"":0.0,""vitamin_d"":3.3,""vitamin_e"":2.73,""vitamin_k"":2.4,""zink"":0.45}"
172232;Basilikum frisch;Basil, fresh;;;23;3.15;2.65;0.3;0.64;0.041;1.6;0.01;"{""calcium"":177.0,""eisen"":3.17,""kalium"":295.0,""kupfer"":0.385,""magnesium"":64.0,""mangan"":1.148,""natrium"":4.0,""phosphor"":56.0,""selen"":0.3,""vitamin_a"":264.0,""vitamin_b1"":0.034,""vitamin_b12"":0.0,""vitamin_b2"":0.076,""vitamin_b3"":0.902,""vitamin_b5"":0.209,""vitamin_b6"":0.155,""vitamin_b9"":68.0,""vitamin_c"":18.0,""vitamin_d"":0.0,""vitamin_e"":0.8,""vitamin_k"":414.8,""zink"":0.81}"
171317;Basilikum getrocknet;Spices, basil, dried;;;233;22.98;47.75;1.71;4.07;2.157;37.7;0.19;"{""calcium"":2240.0,""eisen"":89.8,""kalium"":2630.0,""kupfer"":2.1,""magnesium"":711.0,""mangan"":9.8,""natrium"":76.0,""phosphor"":274.0,""selen"":3.0,""vitamin_a"":37.0,""vitamin_b1"":0.08,""vitamin_b12"":0.0,""vitamin_b2"":1.2,""vitamin_b3"":4.9,""vitamin_b5"":0.838,""vitamin_b6"":1.34,""vitamin_b9"":310.0,""vitamin_c"":0.8,""vitamin_d"":0.0,""vitamin_e"":10.7,""vitamin_k"":1714.5,""zink"":7.1}"
170416;Petersilie frisch;Parsley, fresh;;;36;2.97;6.33;0.85;0.79;0.132;3.3;0.14;"{""calcium"":138.0,""eisen"":6.2,""kalium"":554.0,""kupfer"":0.149,""magnesium"":50.0,""mangan"":0.16,""natrium"":56.0,""phosphor"":58.0,""selen"":0.1,""vitamin_a"":421.0,""vitamin_b1"":0.086,""vitamin_b12"":0.0,""vitamin_b2"":0.098,""vitamin_b3"":1.313,""vitamin_b5"":0.4,""vitamin_b6"":0.09,""vitamin_b9"":152.0,""vitamin_c"":133.0,""vitamin_d"":0.0,""vitamin_e"":0.75,""vitamin_k"":1640.0,""zink"":1.07}"
170486;Petersilie getrocknet;Parsley, freeze-dried;;;271;31.3;42.38;0;5.2;0;32.7;0.978;"{""calcium"":176.0,""eisen"":53.9,""kalium"":6300.0,""kupfer"":0.459,""magnesium"":372.0,""mangan"":1.338,""natrium"":391.0,""phosphor"":548.0,""selen"":32.3,""vitamin_b1"":1.04,""vitamin_b12"":0.0,""vitamin_b2"":2.26,""vitamin_b3"":10.4,""vitamin_b5"":2.516,""vitamin_b6"":1.375,""vitamin_b9"":194.0,""vitamin_c"":149.0,""vitamin_d"":0.0,""zink"":6.11}"
169994;Schnittlauch;Chives, raw;;;30;3.27;4.35;1.85;0.73;0.146;2.5;0.008;"{""calcium"":92.0,""eisen"":1.6,""kalium"":296.0,""kupfer"":0.157,""magnesium"":42.0,""mangan"":0.373,""natrium"":3.0,""phosphor"":58.0,""selen"":0.9,""vitamin_a"":218.0,""vitamin_b1"":0.078,""vitamin_b12"":0.0,""vitamin_b2"":0.115,""vitamin_b3"":0.647,""vitamin_b5"":0.324,""vitamin_b6"":0.138,""vitamin_b9"":105.0,""vitamin_c"":58.1,""vitamin_d"":0.0,""vitamin_e"":0.21,""vitamin_k"":212.7,""zink"":0.56}"
172233;Dill frisch;Dill weed, fresh;;;43;3.46;7.02;0;1.12;0.06;2.1;0.153;"{""calcium"":208.0,""eisen"":6.59,""kalium"":738.0,""kupfer"":0.146,""magnesium"":55.0,""mangan"":1.264,""natrium"":61.0,""phosphor"":66.0,""vitamin_a"":386.0,""vitamin_b1"":0.058,""vitamin_b12"":0.0,""vitamin_b2"":0.296,""vitamin_b3"":1.57,""vitamin_b5"":0.397,""vitamin_b6"":0.185,""vitamin_b9"":150.0,""vitamin_c"":85.0,""vitamin_d"":0.0,""zink"":0.91}"
171322;Dill getrocknet;Spices, dill weed, dried;;;253;19.96;55.82;0;4.36;0.234;13.6;0.52;"{""calcium"":1784.0,""eisen"":48.78,""kalium"":3308.0,""kupfer"":0.49,""magnesium"":451.0,""mangan"":3.95,""natrium"":208.0,""phosphor"":543.0,""vitamin_a"":293.0,""vitamin_b1"":0.418,""vitamin_b12"":0.0,""vitamin_b2"":0.284,""vitamin_b3"":2.807,""vitamin_b6"":1.71,""vitamin_c"":50.0,""vitamin_d"":0.0,""zink"":3.3}"
169997;Koriander frisch;Coriander (cilantro) leaves, raw;;;23;2.13;3.67;0.87;0.52;0.014;2.8;0.115;"{""calcium"":67.0,""eisen"":1.77,""kalium"":521.0,""kupfer"":0.225,""magnesium"":26.0,""mangan"":0.426,""natrium"":46.0,""phosphor"":48.0,""selen"":0.9,""vitamin_a"":337.0,""vitamin_b1"":0.067,""vitamin_b12"":0.0,""vitamin_b2"":0.162,""vitamin_b3"":1.114,""vitamin_b5"":0.57,""vitamin_b6"":0.149,""vitamin_b9"":62.0,""vitamin_c"":27.0,""vitamin_d"":0.0,""vitamin_e"":2.5,""vitamin_k"":310.0,""zink"":0.5}"
170921;Koriander getrocknet;Spices, coriander leaf, dried;;;279;21.93;52.1;7.27;4.78;0.115;10.4;0.528;"{""calcium"":1246.0,""eisen"":42.46,""kalium"":4466.0,""kupfer"":1.786,""magnesium"":694.0,""mangan"":6.355,""natrium"":211.0,""phosphor"":481.0,""selen"":29.3,""vitamin_a"":293.0,""vitamin_b1"":1.252,""vitamin_b12"":0.0,""vitamin_b2"":1.5,""vitamin_b3"":10.707,""vitamin_b6"":0.61,""vitamin_b9"":274.0,""vitamin_c"":566.7,""vitamin_d"":0.0,""vitamin_e"":1.03,""vitamin_k"":1359.5,""zink"":4.72}"
173474;Minze frisch;Peppermint, fresh;;;70;3.75;14.89;0;0.94;0.246;8;0.078;"{""calcium"":243.0,""eisen"":5.08,""kalium"":569.0,""kupfer"":0.329,""magnesium"":80.0,""mangan"":1.176,""natrium"":31.0,""phosphor"":73.0,""vitamin_a"":212.0,""vitamin_b1"":0.082,""vitamin_b12"":0.0,""vitamin_b2"":0.266,""vitamin_b3"":1.706,""vitamin_b5"":0.338,""vitamin_b6"":0.129,""vitamin_b9"":114.0,""vitamin_c"":31.8,""vitamin_d"":0.0,""zink"":1.11}"
171320;Minze getrocknet;Spices, cinnamon, ground;;;247;3.99;80.59;2.17;1.24;0.345;53.1;0.025;"{""calcium"":1002.0,""eisen"":8.32,""kalium"":431.0,""kupfer"":0.339,""magnesium"":60.0,""mangan"":17.466,""natrium"":10.0,""phosphor"":64.0,""selen"":3.1,""vitamin_a"":15.0,""vitamin_b1"":0.022,""vitamin_b12"":0.0,""vitamin_b2"":0.041,""vitamin_b3"":1.332,""vitamin_b5"":0.358,""vitamin_b6"":0.158,""vitamin_b9"":6.0,""vitamin_c"":3.8,""vitamin_d"":0.0,""vitamin_e"":2.32,""vitamin_k"":31.2,""zink"":1.83}"
170286;Oregano frisch;Buckwheat;;;343;13.25;71.5;0;3.4;0.741;10;0.003;"{""calcium"":18.0,""eisen"":2.2,""kalium"":460.0,""kupfer"":1.1,""magnesium"":231.0,""mangan"":1.3,""natrium"":1.0,""phosphor"":347.0,""selen"":8.3,""vitamin_a"":0.0,""vitamin_b1"":0.101,""vitamin_b12"":0.0,""vitamin_b2"":0.425,""vitamin_b3"":7.02,""vitamin_b5"":1.233,""vitamin_b6"":0.21,""vitamin_b9"":30.0,""vitamin_c"":0.0,""vitamin_d"":0.0,""zink"":2.4}"
171328;Oregano getrocknet;Spices, oregano, dried;;;265;9;68.92;4.09;4.28;1.551;42.5;0.063;"{""calcium"":1597.0,""eisen"":36.8,""kalium"":1260.0,""kupfer"":0.633,""magnesium"":270.0,""mangan"":4.99,""natrium"":25.0,""phosphor"":148.0,""selen"":4.5,""vitamin_a"":85.0,""vitamin_b1"":0.177,""vitamin_b12"":0.0,""vitamin_b2"":0.528,""vitamin_b3"":4.64,""vitamin_b5"":0.921,""vitamin_b6"":1.044,""vitamin_b9"":237.0,""vitamin_c"":2.3,""vitamin_d"":0.0,""vitamin_e"":18.26,""vitamin_k"":621.7,""zink"":2.69}"
173473;Rosmarin frisch;Rosemary, fresh;;;131;3.31;20.7;0;5.86;2.838;14.1;0.065;"{""calcium"":317.0,""eisen"":6.65,""kalium"":668.0,""kupfer"":0.301,""magnesium"":91.0,""mangan"":0.96,""natrium"":26.0,""phosphor"":66.0,""vitamin_a"":146.0,""vitamin_b1"":0.036,""vitamin_b12"":0.0,""vitamin_b2"":0.152,""vitamin_b3"":0.912,""vitamin_b5"":0.804,""vitamin_b6"":0.336,""vitamin_b9"":109.0,""vitamin_c"":21.8,""vitamin_d"":0.0,""zink"":0.93}"
171333;Rosmarin getrocknet;Spices, rosemary, dried;;;331;4.88;64.06;0;15.22;7.371;42.6;0.125;"{""calcium"":1280.0,""eisen"":29.25,""kalium"":955.0,""kupfer"":0.55,""magnesium"":220.0,""mangan"":1.867,""natrium"":50.0,""phosphor"":70.0,""selen"":4.6,""vitamin_a"":156.0,""vitamin_b1"":0.514,""vitamin_b12"":0.0,""vitamin_b2"":0.428,""vitamin_b3"":1.0,""vitamin_b6"":1.74,""vitamin_b9"":307.0,""vitamin_c"":61.2,""vitamin_d"":0.0,""zink"":3.23}"
173470;Thymian frisch;Thyme, fresh;;;101;5.56;24.45;0;1.68;0.467;14;0.023;"{""calcium"":405.0,""eisen"":17.45,""kalium"":609.0,""kupfer"":0.555,""magnesium"":160.0,""mangan"":1.719,""natrium"":9.0,""phosphor"":106.0,""vitamin_a"":238.0,""vitamin_b1"":0.048,""vitamin_b12"":0.0,""vitamin_b2"":0.471,""vitamin_b3"":1.824,""vitamin_b5"":0.409,""vitamin_b6"":0.348,""vitamin_b9"":45.0,""vitamin_c"":160.1,""vitamin_d"":0.0,""zink"":1.81}"
170938;Thymian getrocknet;Spices, thyme, dried;;;276;9.11;63.94;1.71;7.43;2.73;37;0.138;"{""calcium"":1890.0,""eisen"":123.6,""kalium"":814.0,""kupfer"":0.86,""magnesium"":220.0,""mangan"":7.867,""natrium"":55.0,""phosphor"":201.0,""selen"":4.6,""vitamin_a"":190.0,""vitamin_b1"":0.513,""vitamin_b12"":0.0,""vitamin_b2"":0.399,""vitamin_b3"":4.94,""vitamin_b6"":0.55,""vitamin_b9"":274.0,""vitamin_c"":50.0,""vitamin_d"":0.0,""vitamin_e"":7.48,""vitamin_k"":1714.5,""zink"":6.18}"
168007;Salbei frisch;Sage Valley, Gluten Free Vanilla Sandwich Cookies;;;499;3.13;71.88;43.94;22.15;5.918;1;0.53;"{""calcium"":17.0,""eisen"":0.45,""kalium"":144.0,""kupfer"":0.062,""magnesium"":17.0,""mangan"":0.206,""natrium"":212.0,""phosphor"":47.0,""zink"":0.29}"
170935;Salbei getrocknet;Spices, sage, ground;;;315;10.63;60.73;1.71;12.75;7.03;40.3;0.028;"{""calcium"":1652.0,""eisen"":28.12,""kalium"":1070.0,""kupfer"":0.757,""magnesium"":428.0,""mangan"":3.133,""natrium"":11.0,""phosphor"":91.0,""selen"":3.7,""vitamin_a"":295.0,""vitamin_b1"":0.754,""vitamin_b12"":0.0,""vitamin_b2"":0.336,""vitamin_b3"":5.72,""vitamin_b6"":2.69,""vitamin_b9"":274.0,""vitamin_c"":32.4,""vitamin_d"":0.0,""vitamin_e"":7.48,""vitamin_k"":1714.5,""zink"":4.7}"
170287;Estragon frisch;Bulgur, cooked;;;83;3.08;18.58;0.1;0.24;0.042;4.5;0.013;"{""calcium"":10.0,""eisen"":0.96,""kalium"":68.0,""kupfer"":0.075,""magnesium"":32.0,""mangan"":0.609,""natrium"":5.0,""phosphor"":40.0,""selen"":0.6,""vitamin_a"":0.0,""vitamin_b1"":0.057,""vitamin_b12"":0.0,""vitamin_b2"":0.028,""vitamin_b3"":1.0,""vitamin_b5"":0.344,""vitamin_b6"":0.083,""vitamin_b9"":18.0,""vitamin_c"":0.0,""vitamin_d"":0.0,""vitamin_e"":0.01,""vitamin_k"":0.5,""zink"":0.57}"
170937;Estragon getrocknet;Spices, tarragon, dried;;;295;22.77;50.22;0;7.24;1.881;7.4;0.155;"{""calcium"":1139.0,""eisen"":32.3,""kalium"":3020.0,""kupfer"":0.677,""magnesium"":347.0,""mangan"":7.967,""natrium"":62.0,""phosphor"":313.0,""selen"":4.4,""vitamin_a"":210.0,""vitamin_b1"":0.251,""vitamin_b12"":0.0,""vitamin_b2"":1.339,""vitamin_b3"":8.95,""vitamin_b6"":2.41,""vitamin_b9"":274.0,""vitamin_c"":50.0,""vitamin_d"":0.0,""zink"":3.9}"
170928;Kerbel;Spices, marjoram, dried;;;271;12.66;60.56;4.09;7.04;0.529;40.3;0.193;"{""calcium"":1990.0,""eisen"":82.71,""kalium"":1522.0,""kupfer"":1.133,""magnesium"":346.0,""mangan"":5.433,""natrium"":77.0,""phosphor"":306.0,""selen"":4.5,""vitamin_a"":403.0,""vitamin_b1"":0.289,""vitamin_b12"":0.0,""vitamin_b2"":0.316,""vitamin_b3"":4.12,""vitamin_b6"":1.19,""vitamin_b9"":274.0,""vitamin_c"":51.4,""vitamin_d"":0.0,""vitamin_e"":1.69,""vitamin_k"":621.7,""zink"":3.6}"
170917;Lorbeerblatt;Spices, bay leaf;;;313;7.61;74.97;0;8.36;2.28;26.3;0.058;"{""calcium"":834.0,""eisen"":43.0,""kalium"":529.0,""kupfer"":0.416,""magnesium"":120.0,""mangan"":8.167,""natrium"":23.0,""phosphor"":113.0,""selen"":2.8,""vitamin_a"":309.0,""vitamin_b1"":0.009,""vitamin_b12"":0.0,""vitamin_b2"":0.421,""vitamin_b3"":2.005,""vitamin_b6"":1.74,""vitamin_b9"":180.0,""vitamin_c"":46.5,""vitamin_d"":0.0,""zink"":3.7}"
170920;Liebstöckel;Spices, celery seed;;;392;18.07;41.35;0.67;25.27;2.19;11.8;0.4;"{""calcium"":1767.0,""eisen"":44.9,""kalium"":1400.0,""kupfer"":1.37,""magnesium"":440.0,""mangan"":7.567,""natrium"":160.0,""phosphor"":547.0,""selen"":12.1,""vitamin_a"":3.0,""vitamin_b1"":0.34,""vitamin_b12"":0.0,""vitamin_b2"":0.29,""vitamin_b3"":3.06,""vitamin_b6"":0.89,""vitamin_b9"":10.0,""vitamin_c"":17.1,""vitamin_d"":0.0,""vitamin_e"":1.07,""vitamin_k"":0.0,""zink"":6.93}"
171599;Rinderbratensosse (HEINZ);Gravy, HEINZ Home Style, savory beef;;;39;1.09;6.24;0.52;1.13;0.4;0.7;1.468;"{""calcium"":6.0,""eisen"":0.13,""kalium"":22.0,""kupfer"":0.019,""magnesium"":3.0,""mangan"":0.027,""natrium"":587.0,""phosphor"":10.0,""selen"":2.2,""vitamin_b1"":0.007,""vitamin_b12"":0.09,""vitamin_b2"":0.022,""vitamin_b3"":0.172,""vitamin_b5"":0.086,""vitamin_b6"":0.014,""vitamin_b9"":4.0,""vitamin_c"":0.0,""zink"":0.15}"
171321;Majoran;Spices, cloves, ground;;;274;5.97;65.53;2.38;13;3.952;33.9;0.693;"{""calcium"":632.0,""eisen"":11.83,""kalium"":1020.0,""kupfer"":0.368,""magnesium"":259.0,""mangan"":60.127,""natrium"":277.0,""phosphor"":104.0,""selen"":7.2,""vitamin_a"":8.0,""vitamin_b1"":0.158,""vitamin_b12"":0.0,""vitamin_b2"":0.22,""vitamin_b3"":1.56,""vitamin_b5"":0.509,""vitamin_b6"":0.391,""vitamin_b9"":25.0,""vitamin_c"":0.2,""vitamin_d"":0.0,""vitamin_e"":8.82,""vitamin_k"":141.8,""zink"":2.32}"
170075;Bärlauch;Chives, freeze-dried;;;311;21.2;64.29;0;3.5;0.591;26.2;0.175;"{""calcium"":813.0,""eisen"":20.0,""kalium"":2960.0,""kupfer"":0.686,""magnesium"":640.0,""mangan"":1.35,""natrium"":70.0,""phosphor"":518.0,""selen"":9.4,""vitamin_a"":3415.0,""vitamin_b1"":0.9,""vitamin_b12"":0.0,""vitamin_b2"":1.5,""vitamin_b3"":5.9,""vitamin_b5"":2.106,""vitamin_b6"":1.996,""vitamin_b9"":108.0,""vitamin_c"":660.0,""vitamin_d"":0.0,""zink"":5.12}"
169981;Zitronenmelisse;Cardoon, raw;;;17;0.7;4.07;0;0.1;0.011;1.6;0.425;"{""calcium"":70.0,""eisen"":0.7,""kalium"":400.0,""kupfer"":0.231,""magnesium"":42.0,""mangan"":0.256,""natrium"":170.0,""phosphor"":23.0,""selen"":0.2,""vitamin_a"":0.0,""vitamin_b1"":0.02,""vitamin_b12"":0.0,""vitamin_b2"":0.03,""vitamin_b3"":0.3,""vitamin_b5"":0.338,""vitamin_b6"":0.116,""vitamin_b9"":68.0,""vitamin_c"":2.0,""vitamin_d"":0.0,""zink"":0.17}"
168407;Kresse;Cress, garden, raw;;;32;2.6;5.5;4.4;0.7;0.023;1.1;0.035;"{""calcium"":81.0,""eisen"":1.3,""kalium"":606.0,""kupfer"":0.17,""magnesium"":38.0,""mangan"":0.553,""natrium"":14.0,""phosphor"":76.0,""selen"":0.9,""vitamin_a"":346.0,""vitamin_b1"":0.08,""vitamin_b12"":0.0,""vitamin_b2"":0.26,""vitamin_b3"":1.0,""vitamin_b5"":0.242,""vitamin_b6"":0.247,""vitamin_b9"":80.0,""vitamin_c"":69.0,""vitamin_d"":0.0,""vitamin_e"":0.7,""vitamin_k"":541.9,""zink"":0.23}"
169990;Basilikum Thai;Celtuce, raw;;;18;0.85;3.65;0;0.3;0;1.7;0.028;"{""calcium"":39.0,""eisen"":0.55,""kalium"":330.0,""kupfer"":0.04,""magnesium"":28.0,""mangan"":0.688,""natrium"":11.0,""phosphor"":39.0,""selen"":0.9,""vitamin_a"":175.0,""vitamin_b1"":0.055,""vitamin_b12"":0.0,""vitamin_b2"":0.07,""vitamin_b3"":0.55,""vitamin_b5"":0.183,""vitamin_b6"":0.05,""vitamin_b9"":46.0,""vitamin_c"":19.5,""vitamin_d"":0.0,""zink"":0.27}"
173468;Salz;Salt, table;;;0;0;0;0;0;0;0;96.895;"{""calcium"":24.0,""eisen"":0.33,""kalium"":8.0,""kupfer"":0.03,""magnesium"":1.0,""mangan"":0.1,""natrium"":38758.0,""phosphor"":0.0,""selen"":0.1,""vitamin_a"":0.0,""vitamin_b1"":0.0,""vitamin_b12"":0.0,""vitamin_b2"":0.0,""vitamin_b3"":0.0,""vitamin_b5"":0.0,""vitamin_b6"":0.0,""vitamin_b9"":0.0,""vitamin_c"":0.0,""vitamin_d"":0.0,""vitamin_e"":0.0,""vitamin_k"":0.0,""zink"":0.1}"
169388;Meersalz;Nopales, cooked, without salt;;;15;1.35;3.28;1.12;0.05;0.006;2;0.05;"{""calcium"":164.0,""eisen"":0.5,""kalium"":195.0,""kupfer"":0.049,""magnesium"":47.0,""mangan"":0.408,""natrium"":20.0,""phosphor"":16.0,""selen"":0.7,""vitamin_a"":22.0,""vitamin_b1"":0.011,""vitamin_b12"":0.0,""vitamin_b2"":0.04,""vitamin_b3"":0.296,""vitamin_b5"":0.15,""vitamin_b6"":0.067,""vitamin_b9"":3.0,""vitamin_c"":5.3,""vitamin_d"":0.0,""vitamin_e"":0.0,""vitamin_k"":5.1,""zink"":0.21}"
170931;Pfeffer schwarz;Spices, pepper, black;;;251;10.39;63.95;0.64;3.26;1.392;25.3;0.05;"{""calcium"":443.0,""eisen"":9.71,""kalium"":1329.0,""kupfer"":1.33,""magnesium"":171.0,""mangan"":12.753,""natrium"":20.0,""phosphor"":158.0,""selen"":4.9,""vitamin_a"":27.0,""vitamin_b1"":0.108,""vitamin_b12"":0.0,""vitamin_b2"":0.18,""vitamin_b3"":1.143,""vitamin_b5"":1.399,""vitamin_b6"":0.291,""vitamin_b9"":17.0,""vitamin_c"":0.0,""vitamin_d"":0.0,""vitamin_e"":1.04,""vitamin_k"":163.7,""zink"":1.19}"
170933;Pfeffer weiß;Spices, pepper, white;;;296;10.4;68.61;0;2.12;0.626;26.2;0.013;"{""calcium"":265.0,""eisen"":14.31,""kalium"":73.0,""kupfer"":0.91,""magnesium"":90.0,""mangan"":4.3,""natrium"":5.0,""phosphor"":176.0,""selen"":3.1,""vitamin_a"":0.0,""vitamin_b1"":0.022,""vitamin_b12"":0.0,""vitamin_b2"":0.126,""vitamin_b3"":0.212,""vitamin_b6"":0.1,""vitamin_b9"":10.0,""vitamin_c"":21.0,""vitamin_d"":0.0,""zink"":1.13}"
170932;Cayennepfeffer;Spices, pepper, red or cayenne;;;318;12.01;56.63;10.34;17.27;3.26;27.2;0.075;"{""calcium"":148.0,""eisen"":7.8,""kalium"":2014.0,""kupfer"":0.373,""magnesium"":152.0,""mangan"":2.0,""natrium"":30.0,""phosphor"":293.0,""selen"":8.8,""vitamin_a"":2081.0,""vitamin_b1"":0.328,""vitamin_b12"":0.0,""vitamin_b2"":0.919,""vitamin_b3"":8.701,""vitamin_b6"":2.45,""vitamin_b9"":106.0,""vitamin_c"":76.4,""vitamin_d"":0.0,""vitamin_e"":29.83,""vitamin_k"":80.3,""zink"":2.48}"
171329;Paprika edelsüß;Spices, paprika;;;282;14.14;53.99;10.34;12.89;2.14;34.9;0.17;"{""calcium"":229.0,""eisen"":21.14,""kalium"":2280.0,""kupfer"":0.713,""magnesium"":178.0,""mangan"":1.59,""natrium"":68.0,""phosphor"":314.0,""selen"":6.3,""vitamin_a"":2463.0,""vitamin_b1"":0.33,""vitamin_b12"":0.0,""vitamin_b2"":1.23,""vitamin_b3"":10.06,""vitamin_b5"":2.51,""vitamin_b6"":2.141,""vitamin_b9"":49.0,""vitamin_c"":0.9,""vitamin_d"":0.0,""vitamin_e"":29.1,""vitamin_k"":80.3,""zink"":4.33}"
170926;Paprika rosenscharf;Spices, ginger, ground;;;335;8.98;71.62;3.39;4.24;2.599;14.1;0.068;"{""calcium"":114.0,""eisen"":19.8,""kalium"":1320.0,""kupfer"":0.48,""magnesium"":214.0,""mangan"":33.3,""natrium"":27.0,""phosphor"":168.0,""selen"":55.8,""vitamin_a"":2.0,""vitamin_b1"":0.046,""vitamin_b12"":0.0,""vitamin_b2"":0.17,""vitamin_b3"":9.62,""vitamin_b5"":0.477,""vitamin_b6"":0.626,""vitamin_b9"":13.0,""vitamin_c"":0.7,""vitamin_d"":0.0,""vitamin_e"":0.0,""vitamin_k"":0.8,""zink"":3.64}"
171326;Paprika geräuchert;Spices, nutmeg, ground;;;525;5.84;49.29;2.99;36.31;25.94;20.8;0.04;"{""calcium"":184.0,""eisen"":3.04,""kalium"":350.0,""kupfer"":1.027,""magnesium"":183.0,""mangan"":2.9,""natrium"":16.0,""phosphor"":213.0,""selen"":1.6,""vitamin_a"":5.0,""vitamin_b1"":0.346,""vitamin_b12"":0.0,""vitamin_b2"":0.057,""vitamin_b3"":1.299,""vitamin_b6"":0.16,""vitamin_b9"":76.0,""vitamin_c"":3.0,""vitamin_d"":0.0,""vitamin_e"":0.0,""vitamin_k"":0.0,""zink"":2.15}"
171319;Chilipulver;Spices, chili powder;;;282;13.46;49.7;7.19;14.28;2.462;34.8;7.168;"{""calcium"":330.0,""eisen"":17.3,""kalium"":1950.0,""kupfer"":1.0,""magnesium"":149.0,""mangan"":1.7,""natrium"":2867.0,""phosphor"":300.0,""selen"":20.4,""vitamin_a"":1483.0,""vitamin_b1"":0.25,""vitamin_b12"":0.0,""vitamin_b2"":0.94,""vitamin_b3"":11.6,""vitamin_b5"":0.888,""vitamin_b6"":2.094,""vitamin_b9"":28.0,""vitamin_c"":0.7,""vitamin_d"":0.0,""vitamin_e"":38.14,""vitamin_k"":105.7,""zink"":4.3}"
170924;Currypulver;Spices, curry powder;;;325;14.29;55.83;2.76;14.01;1.648;53.2;0.13;"{""calcium"":525.0,""eisen"":19.1,""kalium"":1170.0,""kupfer"":1.2,""magnesium"":255.0,""mangan"":8.3,""natrium"":52.0,""phosphor"":367.0,""selen"":40.3,""vitamin_a"":1.0,""vitamin_b1"":0.176,""vitamin_b12"":0.0,""vitamin_b2"":0.2,""vitamin_b3"":3.26,""vitamin_b5"":1.07,""vitamin_b6"":0.105,""vitamin_b9"":56.0,""vitamin_c"":0.7,""vitamin_d"":0.0,""vitamin_e"":25.24,""vitamin_k"":99.8,""zink"":4.7}"
170923;Kreuzkümmel ganz;Spices, cumin seed;;;375;17.81;44.24;2.25;22.27;1.535;10.5;0.42;"{""calcium"":931.0,""eisen"":66.36,""kalium"":1788.0,""kupfer"":0.867,""magnesium"":366.0,""mangan"":3.333,""natrium"":168.0,""phosphor"":499.0,""selen"":5.2,""vitamin_a"":64.0,""vitamin_b1"":0.628,""vitamin_b12"":0.0,""vitamin_b2"":0.327,""vitamin_b3"":4.579,""vitamin_b6"":0.435,""vitamin_b9"":10.0,""vitamin_c"":7.7,""vitamin_d"":0.0,""vitamin_e"":3.33,""vitamin_k"":5.4,""zink"":4.8}"
171316;Kreuzkümmel gemahlen;Spices, anise seed;;;337;17.6;50.02;0;15.9;0.586;14.6;0.04;"{""calcium"":646.0,""eisen"":36.96,""kalium"":1441.0,""kupfer"":0.91,""magnesium"":170.0,""mangan"":2.3,""natrium"":16.0,""phosphor"":440.0,""selen"":5.0,""vitamin_a"":16.0,""vitamin_b1"":0.34,""vitamin_b12"":0.0,""vitamin_b2"":0.29,""vitamin_b3"":3.06,""vitamin_b5"":0.797,""vitamin_b6"":0.65,""vitamin_b9"":10.0,""vitamin_c"":21.0,""vitamin_d"":0.0,""zink"":5.3}"
170918;Kümmel ganz;Spices, caraway seed;;;333;19.77;49.9;0.64;14.59;0.62;38;0.043;"{""calcium"":689.0,""eisen"":16.23,""kalium"":1351.0,""kupfer"":0.91,""magnesium"":258.0,""mangan"":1.3,""natrium"":17.0,""phosphor"":568.0,""selen"":12.1,""vitamin_a"":18.0,""vitamin_b1"":0.383,""vitamin_b12"":0.0,""vitamin_b2"":0.379,""vitamin_b3"":3.606,""vitamin_b6"":0.36,""vitamin_b9"":10.0,""vitamin_c"":21.0,""vitamin_d"":0.0,""vitamin_e"":2.5,""vitamin_k"":0.0,""zink"":5.5}"
170922;Koriander gemahlen;Spices, coriander seed;;;298;12.37;54.99;0;17.77;0.99;41.9;0.088;"{""calcium"":709.0,""eisen"":16.32,""kalium"":1267.0,""kupfer"":0.975,""magnesium"":330.0,""mangan"":1.9,""natrium"":35.0,""phosphor"":409.0,""selen"":26.2,""vitamin_a"":0.0,""vitamin_b1"":0.239,""vitamin_b12"":0.0,""vitamin_b2"":0.29,""vitamin_b3"":2.13,""vitamin_b9"":0.0,""vitamin_c"":21.0,""vitamin_d"":0.0,""zink"":4.7}"
171323;Fenchelsamen;Spices, fennel seed;;;345;15.8;52.29;0;14.87;0.48;39.8;0.22;"{""calcium"":1196.0,""eisen"":18.54,""kalium"":1694.0,""kupfer"":1.067,""magnesium"":385.0,""mangan"":6.533,""natrium"":88.0,""phosphor"":487.0,""vitamin_a"":7.0,""vitamin_b1"":0.408,""vitamin_b12"":0.0,""vitamin_b2"":0.353,""vitamin_b3"":6.05,""vitamin_b6"":0.47,""vitamin_c"":21.0,""vitamin_d"":0.0,""zink"":3.7}"
170929;Senfsamen;Spices, mustard seed, ground;;;508;26.08;28.09;6.79;36.24;1.989;12.2;0.033;"{""calcium"":266.0,""eisen"":9.21,""kalium"":738.0,""kupfer"":0.645,""magnesium"":370.0,""mangan"":2.448,""natrium"":13.0,""phosphor"":828.0,""selen"":208.1,""vitamin_a"":2.0,""vitamin_b1"":0.805,""vitamin_b12"":0.0,""vitamin_b2"":0.261,""vitamin_b3"":4.733,""vitamin_b5"":0.81,""vitamin_b6"":0.397,""vitamin_b9"":162.0,""vitamin_c"":7.1,""vitamin_d"":0.0,""vitamin_e"":5.07,""vitamin_k"":5.4,""zink"":6.08}"
171330;Anis;Spices, poppy seed;;;525;17.99;28.13;2.99;41.56;4.517;19.5;0.065;"{""calcium"":1438.0,""eisen"":9.76,""kalium"":719.0,""kupfer"":1.627,""magnesium"":347.0,""mangan"":6.707,""natrium"":26.0,""phosphor"":870.0,""selen"":13.5,""vitamin_a"":0.0,""vitamin_b1"":0.854,""vitamin_b12"":0.0,""vitamin_b2"":0.1,""vitamin_b3"":0.896,""vitamin_b5"":0.324,""vitamin_b6"":0.247,""vitamin_b9"":82.0,""vitamin_c"":1.0,""vitamin_d"":0.0,""vitamin_e"":1.77,""vitamin_k"":0.0,""zink"":7.9}"
170930;Sternanis;Spices, parsley, dried;;;292;26.63;50.64;7.27;5.48;1.378;26.7;1.13;"{""calcium"":1140.0,""eisen"":22.04,""kalium"":2683.0,""kupfer"":0.78,""magnesium"":400.0,""mangan"":9.81,""natrium"":452.0,""phosphor"":436.0,""selen"":14.1,""vitamin_a"":97.0,""vitamin_b1"":0.196,""vitamin_b12"":0.0,""vitamin_b2"":2.383,""vitamin_b3"":9.943,""vitamin_b5"":1.062,""vitamin_b6"":0.9,""vitamin_b9"":180.0,""vitamin_c"":125.0,""vitamin_d"":0.0,""vitamin_e"":8.96,""vitamin_k"":1359.5,""zink"":5.44}"
170919;Kardamom;Spices, cardamom;;;311;10.76;68.47;0;6.7;0.68;28;0.045;"{""calcium"":383.0,""eisen"":13.97,""kalium"":1119.0,""kupfer"":0.383,""magnesium"":229.0,""mangan"":28.0,""natrium"":18.0,""phosphor"":178.0,""vitamin_a"":0.0,""vitamin_b1"":0.198,""vitamin_b12"":0.0,""vitamin_b2"":0.182,""vitamin_b3"":1.102,""vitamin_b6"":0.23,""vitamin_c"":21.0,""vitamin_d"":0.0,""zink"":7.47}"
172231;Zimt gemahlen;Spices, turmeric, ground;;;312;9.68;67.14;3.21;3.25;1.838;22.7;0.068;"{""calcium"":168.0,""eisen"":55.0,""kalium"":2080.0,""kupfer"":1.3,""magnesium"":208.0,""mangan"":19.8,""natrium"":27.0,""phosphor"":299.0,""selen"":6.2,""vitamin_a"":0.0,""vitamin_b1"":0.058,""vitamin_b12"":0.0,""vitamin_b2"":0.15,""vitamin_b3"":1.35,""vitamin_b5"":0.542,""vitamin_b6"":0.107,""vitamin_b9"":20.0,""vitamin_c"":0.7,""vitamin_d"":0.0,""vitamin_e"":4.43,""vitamin_k"":13.4,""zink"":4.5}"
171315;Zimtstange;Spices, allspice, ground;;;263;6.09;72.12;0;8.69;2.55;21.6;0.193;"{""calcium"":661.0,""eisen"":7.06,""kalium"":1044.0,""kupfer"":0.553,""magnesium"":135.0,""mangan"":2.943,""natrium"":77.0,""phosphor"":113.0,""selen"":2.7,""vitamin_a"":27.0,""vitamin_b1"":0.101,""vitamin_b12"":0.0,""vitamin_b2"":0.063,""vitamin_b3"":2.86,""vitamin_b6"":0.21,""vitamin_b9"":36.0,""vitamin_c"":39.2,""vitamin_d"":0.0,""zink"":1.01}"
171318;Nelken;Spices, chervil, dried;;;237;23.2;49.1;0;3.9;0.169;11.3;0.208;"{""calcium"":1346.0,""eisen"":31.95,""kalium"":4740.0,""kupfer"":0.44,""magnesium"":130.0,""mangan"":2.1,""natrium"":83.0,""phosphor"":450.0,""selen"":29.3,""vitamin_a"":293.0,""vitamin_b1"":0.38,""vitamin_b12"":0.0,""vitamin_b2"":0.68,""vitamin_b3"":5.4,""vitamin_b6"":0.93,""vitamin_b9"":274.0,""vitamin_c"":50.0,""vitamin_d"":0.0,""zink"":8.8}"
170927;Muskatnuss;Spices, mace, ground;;;475;6.71;50.5;0;32.38;9.51;20.2;0.2;"{""calcium"":252.0,""eisen"":13.9,""kalium"":463.0,""kupfer"":2.467,""magnesium"":163.0,""mangan"":1.5,""natrium"":80.0,""phosphor"":110.0,""selen"":2.7,""vitamin_a"":40.0,""vitamin_b1"":0.312,""vitamin_b12"":0.0,""vitamin_b2"":0.448,""vitamin_b3"":1.35,""vitamin_b6"":0.16,""vitamin_b9"":76.0,""vitamin_c"":21.0,""vitamin_d"":0.0,""zink"":2.3}"
171331;Piment;Spices, poultry seasoning;;;307;9.59;65.59;1.8;7.53;3.29;11.3;0.068;"{""calcium"":996.0,""eisen"":35.3,""kalium"":684.0,""kupfer"":0.843,""magnesium"":224.0,""mangan"":6.857,""natrium"":27.0,""phosphor"":171.0,""selen"":7.2,""vitamin_a"":132.0,""vitamin_b1"":0.264,""vitamin_b12"":0.0,""vitamin_b2"":0.191,""vitamin_b3"":2.97,""vitamin_b6"":1.32,""vitamin_b9"":138.0,""vitamin_c"":12.0,""vitamin_d"":0.0,""vitamin_e"":1.32,""vitamin_k"":805.4,""zink"":3.14}"
170406;Wacholderbeeren;Collards, raw;;;32;3.02;5.42;0.46;0.61;0.055;4;0.043;"{""calcium"":232.0,""eisen"":0.47,""kalium"":213.0,""kupfer"":0.046,""magnesium"":27.0,""mangan"":0.658,""natrium"":17.0,""phosphor"":25.0,""selen"":1.3,""vitamin_a"":251.0,""vitamin_b1"":0.054,""vitamin_b12"":0.0,""vitamin_b2"":0.13,""vitamin_b3"":0.742,""vitamin_b5"":0.267,""vitamin_b6"":0.165,""vitamin_b9"":129.0,""vitamin_c"":35.3,""vitamin_d"":0.0,""vitamin_e"":2.26,""vitamin_k"":437.1,""zink"":0.21}"
170934;Ingwer gemahlen;Spices, saffron;;;310;11.43;65.37;0;5.85;1.586;3.9;0.37;"{""calcium"":111.0,""eisen"":11.1,""kalium"":1724.0,""kupfer"":0.328,""magnesium"":264.0,""mangan"":28.408,""natrium"":148.0,""phosphor"":252.0,""selen"":5.6,""vitamin_a"":27.0,""vitamin_b1"":0.115,""vitamin_b12"":0.0,""vitamin_b2"":0.267,""vitamin_b3"":1.46,""vitamin_b6"":1.01,""vitamin_b9"":93.0,""vitamin_c"":80.8,""vitamin_d"":0.0,""zink"":1.09}"
170925;Kurkuma gemahlen;Spices, dill seed;;;305;15.98;55.17;0;14.54;0.73;21.1;0.05;"{""calcium"":1516.0,""eisen"":16.33,""kalium"":1186.0,""kupfer"":0.78,""magnesium"":256.0,""mangan"":1.833,""natrium"":20.0,""phosphor"":277.0,""selen"":12.1,""vitamin_a"":3.0,""vitamin_b1"":0.418,""vitamin_b12"":0.0,""vitamin_b2"":0.284,""vitamin_b3"":2.807,""vitamin_b6"":0.25,""vitamin_b9"":10.0,""vitamin_c"":21.0,""vitamin_d"":0.0,""zink"":5.2}"
171324;Safran;Spices, fenugreek seed;;;323;23;58.35;0;6.41;1.46;24.6;0.168;"{""calcium"":176.0,""eisen"":33.53,""kalium"":770.0,""kupfer"":1.11,""magnesium"":191.0,""mangan"":1.228,""natrium"":67.0,""phosphor"":296.0,""selen"":6.3,""vitamin_a"":3.0,""vitamin_b1"":0.322,""vitamin_b12"":0.0,""vitamin_b2"":0.366,""vitamin_b3"":1.64,""vitamin_b6"":0.6,""vitamin_b9"":57.0,""vitamin_c"":3.0,""vitamin_d"":0.0,""zink"":2.5}"
169222;Spargelbohne roh;Yardlong bean, raw;;;47;2.8;8.35;0;0.4;0.105;0;0.01;"{""calcium"":50.0,""eisen"":0.47,""kalium"":240.0,""kupfer"":0.048,""magnesium"":44.0,""mangan"":0.205,""natrium"":4.0,""phosphor"":59.0,""selen"":1.5,""vitamin_a"":43.0,""vitamin_b1"":0.107,""vitamin_b12"":0.0,""vitamin_b2"":0.11,""vitamin_b3"":0.41,""vitamin_b5"":0.055,""vitamin_b6"":0.024,""vitamin_b9"":62.0,""vitamin_c"":18.8,""vitamin_d"":0.0,""zink"":0.37}"
169219;Sumach;Cornsalad, raw;;;21;2;3.6;0;0.4;0;0;0.01;"{""calcium"":38.0,""eisen"":2.18,""kalium"":459.0,""kupfer"":0.134,""magnesium"":13.0,""mangan"":0.359,""natrium"":4.0,""phosphor"":53.0,""selen"":0.9,""vitamin_a"":355.0,""vitamin_b1"":0.071,""vitamin_b12"":0.0,""vitamin_b2"":0.087,""vitamin_b3"":0.415,""vitamin_b5"":0.042,""vitamin_b6"":0.273,""vitamin_b9"":14.0,""vitamin_c"":38.2,""vitamin_d"":0.0,""zink"":0.59}"
171332;Za'atar;Spices, pumpkin pie spice;;;342;5.76;69.28;7.76;12.6;6.53;14.8;0.13;"{""calcium"":682.0,""eisen"":19.71,""kalium"":663.0,""kupfer"":0.484,""magnesium"":136.0,""mangan"":15.844,""natrium"":52.0,""phosphor"":118.0,""selen"":9.3,""vitamin_a"":13.0,""vitamin_b1"":0.131,""vitamin_b12"":0.0,""vitamin_b2"":0.137,""vitamin_b3"":2.243,""vitamin_b6"":0.4,""vitamin_b9"":24.0,""vitamin_c"":23.4,""vitamin_d"":0.0,""vitamin_e"":1.93,""vitamin_k"":28.4,""zink"":2.37}"
170936;Italienische Kräuter;Spices, savory, ground;;;272;6.73;68.73;0;5.91;3.26;45.7;0.06;"{""calcium"":2132.0,""eisen"":37.88,""kalium"":1051.0,""kupfer"":0.847,""magnesium"":377.0,""mangan"":6.1,""natrium"":24.0,""phosphor"":140.0,""selen"":4.6,""vitamin_a"":257.0,""vitamin_b1"":0.366,""vitamin_b12"":0.0,""vitamin_b3"":4.08,""vitamin_b6"":1.81,""vitamin_c"":50.0,""vitamin_d"":0.0,""zink"":4.3}"
169850;Kräuter der Provence;Restaurant, Italian, lasagna with meat;;;185;10.83;11.36;3.15;10.69;4.941;1.5;1.165;"{""calcium"":197.0,""eisen"":0.79,""kalium"":255.0,""kupfer"":0.07,""magnesium"":22.0,""mangan"":0.139,""natrium"":466.0,""phosphor"":178.0,""selen"":18.0,""vitamin_a"":81.0,""vitamin_b1"":0.14,""vitamin_b12"":0.66,""vitamin_b2"":0.237,""vitamin_b3"":1.843,""vitamin_b5"":0.492,""vitamin_b6"":0.122,""vitamin_b9"":26.0,""vitamin_c"":0.7,""vitamin_d"":0.0,""vitamin_e"":0.91,""vitamin_k"":6.8,""zink"":1.32}"
171006;Bockshornklee;Salad dressing, sesame seed dressing, regular;;;443;3.1;8.6;8.32;45.2;6.2;1;2.5;"{""calcium"":19.0,""eisen"":0.6,""kalium"":157.0,""kupfer"":0.0,""magnesium"":0.0,""natrium"":1000.0,""phosphor"":37.0,""selen"":1.6,""vitamin_a"":2.0,""vitamin_b1"":0.0,""vitamin_b12"":0.0,""vitamin_b2"":0.0,""vitamin_b3"":0.0,""vitamin_b5"":0.0,""vitamin_b6"":0.0,""vitamin_b9"":0.0,""vitamin_c"":0.0,""vitamin_d"":0.0,""vitamin_e"":5.0,""vitamin_k"":56.0,""zink"":0.1}"
169700;Asafötida;Couscous, cooked;;;112;3.79;23.22;0.1;0.16;0.029;1.4;0.013;"{""calcium"":8.0,""eisen"":0.38,""kalium"":58.0,""kupfer"":0.041,""magnesium"":8.0,""mangan"":0.084,""natrium"":5.0,""phosphor"":22.0,""selen"":27.5,""vitamin_a"":0.0,""vitamin_b1"":0.063,""vitamin_b12"":0.0,""vitamin_b2"":0.027,""vitamin_b3"":0.983,""vitamin_b5"":0.371,""vitamin_b6"":0.051,""vitamin_b9"":15.0,""vitamin_c"":0.0,""vitamin_d"":0.0,""vitamin_e"":0.13,""vitamin_k"":0.1,""zink"":0.26}"
172335;Muskatbutteroel;Oil, nutmeg butter;;;884;0;0;0;100;90;0;0;"{""calcium"":0.0,""eisen"":0.0,""kalium"":0.0,""magnesium"":0.0,""natrium"":0.0,""phosphor"":0.0,""selen"":0.0,""vitamin_a"":0.0,""vitamin_b1"":0.0,""vitamin_b12"":0.0,""vitamin_b2"":0.0,""vitamin_b3"":0.0,""vitamin_b5"":0.0,""vitamin_b6"":0.0,""vitamin_b9"":0.0,""vitamin_c"":0.0,""vitamin_e"":0.2,""zink"":0.0}"
169412;Mohnpaste;Seeds, sesame seed kernels, dried (decorticated);;;631;20.45;11.73;0.48;61.21;9.055;11.6;0.118;"{""calcium"":60.0,""eisen"":6.36,""kalium"":370.0,""kupfer"":1.4,""magnesium"":345.0,""mangan"":1.44,""natrium"":47.0,""phosphor"":667.0,""selen"":34.4,""vitamin_a"":3.0,""vitamin_b1"":0.699,""vitamin_b12"":0.0,""vitamin_b2"":0.09,""vitamin_b3"":5.8,""vitamin_b5"":0.29,""vitamin_b6"":0.4,""vitamin_b9"":115.0,""vitamin_c"":0.0,""vitamin_d"":0.0,""vitamin_e"":1.68,""vitamin_k"":0.0,""zink"":6.73}"
171325;Knoblauchpulver;Spices, garlic powder;;;331;16.55;72.73;2.43;0.73;0.249;9;0.15;"{""calcium"":79.0,""eisen"":5.65,""kalium"":1193.0,""kupfer"":0.533,""magnesium"":77.0,""mangan"":0.979,""natrium"":60.0,""phosphor"":414.0,""selen"":23.9,""vitamin_a"":0.0,""vitamin_b1"":0.435,""vitamin_b12"":0.0,""vitamin_b2"":0.141,""vitamin_b3"":0.796,""vitamin_b5"":0.743,""vitamin_b6"":1.654,""vitamin_b9"":47.0,""vitamin_c"":1.2,""vitamin_d"":0.0,""vitamin_e"":0.67,""vitamin_k"":0.4,""zink"":2.99}"
171327;Zwiebelpulver;Spices, onion powder;;;341;10.41;79.12;6.63;1.04;0.219;15.2;0.183;"{""calcium"":384.0,""eisen"":3.9,""kalium"":985.0,""kupfer"":0.59,""magnesium"":113.0,""mangan"":1.3,""natrium"":73.0,""phosphor"":322.0,""selen"":14.3,""vitamin_a"":0.0,""vitamin_b1"":0.457,""vitamin_b12"":0.0,""vitamin_b2"":0.08,""vitamin_b3"":0.321,""vitamin_b5"":0.732,""vitamin_b6"":0.718,""vitamin_b9"":64.0,""vitamin_c"":23.4,""vitamin_d"":0.0,""vitamin_e"":0.27,""vitamin_k"":4.1,""zink"":4.05}"
169655;Zucker weiß;Sugars, granulated;;;387;0;99.98;99.8;0;0;0;0.003;"{""calcium"":1.0,""eisen"":0.05,""kalium"":2.0,""kupfer"":0.007,""magnesium"":0.0,""mangan"":0.004,""natrium"":1.0,""phosphor"":0.0,""selen"":0.6,""vitamin_a"":0.0,""vitamin_b1"":0.0,""vitamin_b12"":0.0,""vitamin_b2"":0.019,""vitamin_b3"":0.0,""vitamin_b5"":0.0,""vitamin_b6"":0.0,""vitamin_b9"":0.0,""vitamin_c"":0.0,""vitamin_d"":0.0,""vitamin_e"":0.0,""vitamin_k"":0.0,""zink"":0.01}"
168833;Zucker braun;Sugars, brown;;;380;0.12;98.09;97.02;0;0;0;0.07;"{""calcium"":83.0,""eisen"":0.71,""kalium"":133.0,""kupfer"":0.047,""magnesium"":9.0,""mangan"":0.064,""natrium"":28.0,""phosphor"":4.0,""selen"":1.2,""vitamin_a"":0.0,""vitamin_b1"":0.0,""vitamin_b12"":0.0,""vitamin_b2"":0.0,""vitamin_b3"":0.11,""vitamin_b5"":0.132,""vitamin_b6"":0.041,""vitamin_b9"":1.0,""vitamin_c"":0.0,""vitamin_d"":0.0,""vitamin_e"":0.0,""vitamin_k"":0.0,""zink"":0.03}"
169656;Puderzucker;Sugars, powdered;;;389;0;99.77;97.81;0;0;0;0.005;"{""calcium"":1.0,""eisen"":0.06,""kalium"":2.0,""kupfer"":0.007,""magnesium"":0.0,""mangan"":0.004,""natrium"":2.0,""phosphor"":0.0,""selen"":0.6,""vitamin_a"":0.0,""vitamin_b1"":0.0,""vitamin_b12"":0.0,""vitamin_b2"":0.019,""vitamin_b3"":0.0,""vitamin_b5"":0.0,""vitamin_b6"":0.0,""vitamin_b9"":0.0,""vitamin_c"":0.0,""vitamin_d"":0.0,""vitamin_e"":0.0,""vitamin_k"":0.0,""zink"":0.01}"
746784;Rohrzucker;Sugars, granulated;;;385;0;99.6;0;0.32;0;0;0.003;"{""calcium"":1.0,""eisen"":0.05,""kalium"":2.0,""kupfer"":0.007,""magnesium"":0.3,""mangan"":0.004,""natrium"":1.0,""phosphor"":0.0,""zink"":0.01}"
169658;Kokosblütenzucker;Sugars, maple;;;354;0.1;90.9;84.87;0.2;0.036;0;0.028;"{""calcium"":90.0,""eisen"":1.61,""kalium"":274.0,""kupfer"":0.099,""magnesium"":19.0,""mangan"":4.422,""natrium"":11.0,""phosphor"":3.0,""selen"":0.8,""vitamin_a"":0.0,""vitamin_b1"":0.009,""vitamin_b12"":0.0,""vitamin_b2"":0.013,""vitamin_b3"":0.04,""vitamin_b5"":0.048,""vitamin_b6"":0.003,""vitamin_b9"":0.0,""vitamin_c"":0.0,""vitamin_d"":0.0,""vitamin_e"":0.0,""vitamin_k"":0.0,""zink"":6.06}"
169640;Honig;Honey;;;304;0.3;82.4;82.12;0;0;0.2;0.01;"{""calcium"":6.0,""eisen"":0.42,""kalium"":52.0,""kupfer"":0.036,""magnesium"":2.0,""mangan"":0.08,""natrium"":4.0,""phosphor"":4.0,""selen"":0.8,""vitamin_a"":0.0,""vitamin_b1"":0.0,""vitamin_b12"":0.0,""vitamin_b2"":0.038,""vitamin_b3"":0.121,""vitamin_b5"":0.068,""vitamin_b6"":0.024,""vitamin_b9"":2.0,""vitamin_c"":0.5,""vitamin_d"":0.0,""vitamin_e"":0.0,""vitamin_k"":0.0,""zink"":0.22}"
169661;Ahornsirup;Syrups, maple;;;260;0.04;67.04;60.46;0.06;0.007;0;0.03;"{""calcium"":102.0,""eisen"":0.11,""kalium"":212.0,""kupfer"":0.018,""magnesium"":21.0,""mangan"":2.908,""natrium"":12.0,""phosphor"":2.0,""selen"":0.6,""vitamin_a"":0.0,""vitamin_b1"":0.066,""vitamin_b12"":0.0,""vitamin_b2"":1.27,""vitamin_b3"":0.081,""vitamin_b5"":0.036,""vitamin_b6"":0.002,""vitamin_b9"":0.0,""vitamin_c"":0.0,""vitamin_d"":0.0,""vitamin_e"":0.0,""vitamin_k"":0.0,""zink"":1.47}"
168088;Agavendicksaft;Syrups, grenadine;;;268;0;66.91;46.55;0;0;0;0.068;"{""calcium"":6.0,""eisen"":0.05,""kalium"":28.0,""kupfer"":0.026,""magnesium"":4.0,""natrium"":27.0,""phosphor"":4.0,""selen"":0.6,""vitamin_a"":0.0,""vitamin_b1"":0.0,""vitamin_b12"":0.0,""vitamin_b2"":0.01,""vitamin_b3"":0.0,""vitamin_b6"":0.0,""vitamin_b9"":0.0,""vitamin_c"":0.0,""vitamin_d"":0.0,""vitamin_e"":0.0,""vitamin_k"":0.0,""zink"":0.13}"
168838;Reissirup;Syrups, table blends, pancake, with 2% maple;;;265;0;69.6;42;0.1;0.018;0;0.153;"{""calcium"":5.0,""eisen"":0.07,""kalium"":6.0,""kupfer"":0.045,""magnesium"":2.0,""mangan"":0.185,""natrium"":61.0,""phosphor"":10.0,""selen"":0.4,""vitamin_a"":0.0,""vitamin_b1"":0.005,""vitamin_b12"":0.0,""vitamin_b2"":0.017,""vitamin_b3"":0.003,""vitamin_b5"":0.008,""vitamin_b6"":0.0,""vitamin_b9"":0.0,""vitamin_c"":0.0,""vitamin_d"":0.0,""vitamin_e"":0.0,""vitamin_k"":0.0,""zink"":0.23}"
170076;Stevia;Dock, raw;;;22;2;3.2;0;0.7;0;2.9;0.01;"{""calcium"":44.0,""eisen"":2.4,""kalium"":390.0,""kupfer"":0.131,""magnesium"":103.0,""mangan"":0.349,""natrium"":4.0,""phosphor"":63.0,""selen"":0.9,""vitamin_a"":200.0,""vitamin_b1"":0.04,""vitamin_b12"":0.0,""vitamin_b2"":0.1,""vitamin_b3"":0.5,""vitamin_b5"":0.041,""vitamin_b6"":0.122,""vitamin_b9"":13.0,""vitamin_c"":48.0,""vitamin_d"":0.0,""zink"":0.2}"
171287;Huehnerei roh ganz;Egg, whole, raw, fresh;;;143;12.56;0.72;0.37;9.51;3.126;0;0.355;"{""calcium"":56.0,""eisen"":1.75,""kalium"":138.0,""kupfer"":0.072,""magnesium"":12.0,""mangan"":0.028,""natrium"":142.0,""phosphor"":198.0,""selen"":30.7,""vitamin_a"":160.0,""vitamin_b1"":0.04,""vitamin_b12"":0.89,""vitamin_b2"":0.457,""vitamin_b3"":0.075,""vitamin_b5"":1.533,""vitamin_b6"":0.17,""vitamin_b9"":47.0,""vitamin_c"":0.0,""vitamin_d"":2.0,""vitamin_e"":1.05,""vitamin_k"":0.3,""zink"":1.29}"
171258;Xylit;Eggnog;;;88;4.55;8.05;8.05;4.19;2.591;0;0.135;"{""calcium"":130.0,""eisen"":0.2,""kalium"":165.0,""kupfer"":0.013,""magnesium"":19.0,""mangan"":0.005,""natrium"":54.0,""phosphor"":109.0,""selen"":4.2,""vitamin_a"":59.0,""vitamin_b1"":0.034,""vitamin_b12"":0.45,""vitamin_b2"":0.19,""vitamin_b3"":0.105,""vitamin_b5"":0.417,""vitamin_b6"":0.05,""vitamin_b9"":1.0,""vitamin_c"":1.5,""vitamin_d"":1.2,""vitamin_e"":0.21,""vitamin_k"":0.3,""zink"":0.46}"
168820;Melasse;Molasses;;;290;0;74.73;74.72;0.1;0.018;0;0.093;"{""calcium"":205.0,""eisen"":4.72,""kalium"":1464.0,""kupfer"":0.487,""magnesium"":242.0,""mangan"":1.53,""natrium"":37.0,""phosphor"":31.0,""selen"":17.8,""vitamin_a"":0.0,""vitamin_b1"":0.041,""vitamin_b12"":0.0,""vitamin_b2"":0.002,""vitamin_b3"":0.93,""vitamin_b5"":0.804,""vitamin_b6"":0.67,""vitamin_b9"":0.0,""vitamin_c"":0.0,""vitamin_d"":0.0,""vitamin_e"":0.0,""vitamin_k"":0.0,""zink"":0.29}"
168837;Karamellsirup;Syrups, corn, light;;;283;0;76.79;76.77;0.2;0;0;0.155;"{""calcium"":13.0,""eisen"":0.0,""kalium"":1.0,""kupfer"":0.0,""magnesium"":1.0,""mangan"":0.0,""natrium"":62.0,""phosphor"":0.0,""selen"":0.7,""vitamin_a"":0.0,""vitamin_b1"":0.059,""vitamin_b12"":0.0,""vitamin_b2"":0.0,""vitamin_b3"":0.0,""vitamin_b5"":0.0,""vitamin_b6"":0.0,""vitamin_b9"":0.0,""vitamin_c"":0.0,""vitamin_d"":0.0,""vitamin_e"":0.0,""vitamin_k"":0.0,""zink"":0.44}"
172832;Zuckersirup;Emu, ground, raw;;;134;22.77;0;0;4.03;1.022;0;0.14;"{""calcium"":7.0,""eisen"":4.02,""kalium"":320.0,""kupfer"":0.199,""magnesium"":24.0,""mangan"":0.027,""natrium"":56.0,""phosphor"":222.0,""selen"":30.5,""vitamin_a"":0.0,""vitamin_b1"":0.27,""vitamin_b12"":6.75,""vitamin_b2"":0.457,""vitamin_b3"":7.485,""vitamin_b5"":2.74,""vitamin_b6"":0.642,""vitamin_b9"":13.0,""vitamin_c"":0.0,""vitamin_e"":0.24,""zink"":3.48}"
172237;Essig Weißwein;Vinegar, distilled;;;18;0;0.04;0.04;0;0;0;0.005;"{""calcium"":6.0,""eisen"":0.03,""kalium"":2.0,""kupfer"":0.006,""magnesium"":1.0,""mangan"":0.055,""natrium"":2.0,""phosphor"":4.0,""selen"":0.5,""vitamin_a"":0.0,""vitamin_b1"":0.0,""vitamin_b12"":0.0,""vitamin_b2"":0.0,""vitamin_b3"":0.0,""vitamin_b5"":0.0,""vitamin_b6"":0.0,""vitamin_b9"":0.0,""vitamin_c"":0.0,""vitamin_d"":0.0,""vitamin_e"":0.0,""vitamin_k"":0.0,""zink"":0.01}"
172240;Essig Rotwein;Vinegar, red wine;;;19;0.04;0.27;0;0;0;0;0.02;"{""calcium"":6.0,""eisen"":0.45,""kalium"":39.0,""kupfer"":0.01,""magnesium"":4.0,""mangan"":0.046,""natrium"":8.0,""phosphor"":8.0,""vitamin_a"":0.0,""vitamin_c"":0.5,""zink"":0.03}"
173469;Apfelessig;Vinegar, cider;;;21;0;0.93;0.4;0;0;0;0.013;"{""calcium"":7.0,""eisen"":0.2,""kalium"":73.0,""kupfer"":0.008,""magnesium"":5.0,""mangan"":0.249,""natrium"":5.0,""phosphor"":8.0,""selen"":0.1,""vitamin_a"":0.0,""vitamin_b1"":0.0,""vitamin_b12"":0.0,""vitamin_b2"":0.0,""vitamin_b3"":0.0,""vitamin_b5"":0.0,""vitamin_b6"":0.0,""vitamin_b9"":0.0,""vitamin_c"":0.0,""vitamin_d"":0.0,""vitamin_e"":0.0,""vitamin_k"":0.0,""zink"":0.04}"
172241;Balsamico;Vinegar, balsamic;;;88;0.49;17.03;14.95;0;0;0;0.058;"{""calcium"":27.0,""eisen"":0.72,""kalium"":112.0,""kupfer"":0.026,""magnesium"":12.0,""mangan"":0.131,""natrium"":23.0,""phosphor"":19.0,""vitamin_a"":0.0,""vitamin_c"":0.0,""zink"":0.08}"
168782;Reisessig;Puddings, rice, ready-to-eat;;;108;3.23;18.39;11.59;2.15;1.208;0.3;0.243;"{""calcium"":95.0,""eisen"":0.11,""kalium"":125.0,""kupfer"":0.023,""magnesium"":8.0,""mangan"":0.077,""natrium"":97.0,""phosphor"":82.0,""selen"":3.2,""vitamin_a"":19.0,""vitamin_b1"":0.027,""vitamin_b12"":0.15,""vitamin_b2"":0.183,""vitamin_b3"":0.217,""vitamin_b5"":0.54,""vitamin_b6"":0.052,""vitamin_b9"":4.0,""vitamin_c"":1.3,""vitamin_d"":0.0,""vitamin_e"":0.07,""vitamin_k"":0.2,""zink"":0.43}"
167777;Sherryessig;Pears, raw, red anjou;;;62;0.33;14.94;9.54;0.14;0;3;0.003;"{""calcium"":11.0,""eisen"":0.19,""kalium"":123.0,""kupfer"":0.07,""magnesium"":7.0,""mangan"":0.056,""natrium"":1.0,""phosphor"":13.0,""selen"":0.1,""vitamin_a"":1.0,""vitamin_b1"":0.012,""vitamin_b2"":0.028,""vitamin_b3"":0.162,""vitamin_b5"":0.053,""vitamin_b6"":0.039,""vitamin_b9"":7.0,""vitamin_c"":5.2,""vitamin_e"":0.12,""vitamin_k"":4.9,""zink"":0.13}"
174277;Sojasauce;Soy sauce made from soy and wheat (shoyu);;;53;8.14;4.93;0.4;0.57;0.073;0.8;13.733;"{""calcium"":33.0,""eisen"":1.45,""kalium"":435.0,""kupfer"":0.043,""magnesium"":74.0,""mangan"":1.018,""natrium"":5493.0,""phosphor"":166.0,""selen"":0.5,""vitamin_a"":0.0,""vitamin_b1"":0.033,""vitamin_b12"":0.0,""vitamin_b2"":0.165,""vitamin_b3"":2.196,""vitamin_b5"":0.297,""vitamin_b6"":0.148,""vitamin_b9"":14.0,""vitamin_c"":0.0,""vitamin_d"":0.0,""vitamin_e"":0.0,""vitamin_k"":0.0,""zink"":0.87}"
172474;Tamari;Soy sauce, reduced sodium, made from hydrolyzed vegetable protein;;;90;8.19;14.44;5.63;0.31;0.02;0.3;7.225;"{""calcium"":11.0,""eisen"":0.43,""kalium"":3098.0,""kupfer"":0.049,""magnesium"":34.0,""mangan"":0.151,""natrium"":2890.0,""phosphor"":89.0,""selen"":0.9,""vitamin_a"":0.0,""vitamin_b1"":0.03,""vitamin_b12"":0.0,""vitamin_b2"":0.043,""vitamin_b3"":0.453,""vitamin_b5"":0.148,""vitamin_b6"":0.037,""vitamin_b9"":4.0,""vitamin_c"":0.0,""vitamin_d"":0.0,""vitamin_e"":0.0,""vitamin_k"":0.0,""zink"":0.25}"
171610;Worcestershiresauce;Sauce, worcestershire;;;77;0;19.17;10.03;0;0;0;3.25;"{""calcium"":107.0,""eisen"":5.3,""kalium"":800.0,""kupfer"":0.2,""magnesium"":13.0,""natrium"":1300.0,""phosphor"":60.0,""selen"":0.5,""vitamin_a"":5.0,""vitamin_b1"":0.07,""vitamin_b12"":0.0,""vitamin_b2"":0.13,""vitamin_b3"":0.7,""vitamin_b6"":0.0,""vitamin_b9"":8.0,""vitamin_c"":13.0,""vitamin_d"":0.0,""vitamin_e"":0.08,""vitamin_k"":1.0,""zink"":0.19}"
175140;Sardine in Tomatensauce (Dose);Fish, sardine, Pacific, canned in tomato sauce, drained solids with bone;;;185;20.86;0.54;0.43;10.45;2.684;0.1;1.035;"{""calcium"":240.0,""eisen"":2.3,""kalium"":341.0,""kupfer"":0.272,""magnesium"":34.0,""mangan"":0.206,""natrium"":414.0,""phosphor"":366.0,""selen"":40.6,""vitamin_a"":34.0,""vitamin_b1"":0.044,""vitamin_b12"":9.0,""vitamin_b2"":0.233,""vitamin_b3"":4.2,""vitamin_b5"":0.73,""vitamin_b6"":0.123,""vitamin_b9"":24.0,""vitamin_c"":1.0,""vitamin_d"":4.8,""vitamin_e"":1.38,""vitamin_k"":0.4,""zink"":1.4}"
174529;Austernsauce;Sauce, oyster, ready-to-serve;;;51;1.35;10.92;0;0.25;0.043;0.3;6.833;"{""calcium"":32.0,""eisen"":0.18,""kalium"":54.0,""kupfer"":0.147,""magnesium"":4.0,""mangan"":0.053,""natrium"":2733.0,""phosphor"":22.0,""selen"":4.4,""vitamin_a"":0.0,""vitamin_b1"":0.01,""vitamin_b12"":0.41,""vitamin_b2"":0.124,""vitamin_b3"":1.474,""vitamin_b5"":0.016,""vitamin_b6"":0.016,""vitamin_b9"":15.0,""vitamin_c"":0.1,""vitamin_d"":0.0,""vitamin_e"":0.0,""vitamin_k"":0.0,""zink"":0.09}"
168556;Ketchup;Catsup;;;101;1.04;27.4;21.27;0.1;0.014;0.3;2.268;"{""calcium"":15.0,""eisen"":0.35,""kalium"":281.0,""kupfer"":0.085,""magnesium"":13.0,""mangan"":0.084,""natrium"":907.0,""phosphor"":26.0,""selen"":0.7,""vitamin_a"":26.0,""vitamin_b1"":0.011,""vitamin_b12"":0.0,""vitamin_b2"":0.166,""vitamin_b3"":1.434,""vitamin_b5"":0.047,""vitamin_b6"":0.158,""vitamin_b9"":9.0,""vitamin_c"":4.1,""vitamin_d"":0.0,""vitamin_e"":1.46,""vitamin_k"":3.0,""zink"":0.17}"
172234;Senf;Mustard, prepared, yellow;;;60;3.74;5.83;0.92;3.34;0.214;4;2.76;"{""calcium"":63.0,""eisen"":1.61,""kalium"":152.0,""kupfer"":0.074,""magnesium"":48.0,""mangan"":0.422,""natrium"":1104.0,""phosphor"":108.0,""selen"":33.5,""vitamin_a"":5.0,""vitamin_b1"":0.177,""vitamin_b12"":0.0,""vitamin_b2"":0.07,""vitamin_b3"":0.565,""vitamin_b5"":0.254,""vitamin_b6"":0.07,""vitamin_b9"":7.0,""vitamin_c"":0.3,""vitamin_d"":0.0,""vitamin_e"":0.36,""vitamin_k"":1.4,""zink"":0.64}"
169256;Senf Dijon;Mustard greens, raw;;;27;2.86;4.67;1.32;0.42;0.01;3.2;0.05;"{""calcium"":115.0,""eisen"":1.64,""kalium"":384.0,""kupfer"":0.165,""magnesium"":32.0,""natrium"":20.0,""phosphor"":58.0,""selen"":0.9,""vitamin_a"":151.0,""vitamin_b1"":0.08,""vitamin_b12"":0.0,""vitamin_b2"":0.11,""vitamin_b3"":0.8,""vitamin_b5"":0.21,""vitamin_b6"":0.18,""vitamin_b9"":12.0,""vitamin_c"":70.0,""vitamin_d"":0.0,""vitamin_e"":2.01,""vitamin_k"":257.5,""zink"":0.25}"
168438;Senf süß;Mustard spinach, (tendergreen), raw;;;22;2.2;3.9;0;0.3;0.015;2.8;0.053;"{""calcium"":210.0,""eisen"":1.5,""kalium"":449.0,""kupfer"":0.075,""magnesium"":11.0,""mangan"":0.407,""natrium"":21.0,""phosphor"":28.0,""selen"":0.8,""vitamin_a"":495.0,""vitamin_b1"":0.068,""vitamin_b12"":0.0,""vitamin_b2"":0.093,""vitamin_b3"":0.678,""vitamin_b5"":0.178,""vitamin_b6"":0.153,""vitamin_b9"":159.0,""vitamin_c"":130.0,""vitamin_d"":0.0,""zink"":0.17}"
171009;Mayonnaise;Salad dressing, mayonnaise, regular;;;680;0.96;0.57;0.57;74.85;11.703;0;1.588;"{""calcium"":8.0,""eisen"":0.21,""kalium"":20.0,""kupfer"":0.019,""magnesium"":1.0,""mangan"":0.007,""natrium"":635.0,""phosphor"":21.0,""selen"":2.3,""vitamin_a"":16.0,""vitamin_b1"":0.01,""vitamin_b12"":0.12,""vitamin_b2"":0.019,""vitamin_b3"":0.0,""vitamin_b5"":0.172,""vitamin_b6"":0.008,""vitamin_b9"":5.0,""vitamin_c"":0.0,""vitamin_d"":0.2,""vitamin_e"":3.28,""vitamin_k"":163.0,""zink"":0.15}"
173594;Mayonnaise leicht;Salad dressing, mayonnaise, light;;;238;0.37;9.23;3.56;22.22;3.446;0;2.068;"{""calcium"":6.0,""eisen"":0.14,""kalium"":31.0,""kupfer"":0.019,""magnesium"":2.0,""mangan"":0.007,""natrium"":827.0,""phosphor"":15.0,""selen"":2.6,""vitamin_a"":8.0,""vitamin_b1"":0.008,""vitamin_b12"":0.0,""vitamin_b2"":0.0,""vitamin_b3"":0.01,""vitamin_b5"":0.058,""vitamin_b6"":0.002,""vitamin_b9"":4.0,""vitamin_c"":0.0,""vitamin_d"":0.0,""vitamin_e"":2.19,""vitamin_k"":53.7,""zink"":0.07}"
171186;Sriracha;Sauce, hot chile, sriracha;;;93;1.93;19.16;15.11;0.93;0;2.2;5.31;"{""calcium"":18.0,""eisen"":1.64,""kalium"":321.0,""kupfer"":0.06,""magnesium"":16.0,""mangan"":0.146,""natrium"":2124.0,""phosphor"":46.0,""selen"":0.4,""vitamin_a"":129.0,""vitamin_b1"":0.077,""vitamin_b2"":0.222,""vitamin_b3"":1.248,""vitamin_b5"":0.38,""vitamin_b6"":0.455,""vitamin_b9"":22.0,""vitamin_c"":26.9,""vitamin_e"":4.8,""vitamin_k"":10.9,""zink"":0.24}"
174527;Tabasco;Sauce, ready-to-serve, pepper or hot;;;11;0.51;1.75;1.26;0.37;0.052;0.3;6.608;"{""calcium"":8.0,""eisen"":0.48,""kalium"":144.0,""kupfer"":0.028,""magnesium"":5.0,""mangan"":0.049,""natrium"":2643.0,""phosphor"":11.0,""selen"":0.0,""vitamin_a"":8.0,""vitamin_b1"":0.036,""vitamin_b12"":0.0,""vitamin_b2"":0.082,""vitamin_b3"":0.254,""vitamin_b5"":0.11,""vitamin_b6"":0.157,""vitamin_b9"":6.0,""vitamin_c"":74.8,""vitamin_e"":0.12,""vitamin_k"":2.4,""zink"":0.11}"
171582;Pesto;Sauce, pesto, CLASSICO, basil pesto, ready-to-serve;;;372;4.16;6.93;2.6;36.38;6.718;2.1;2.57;"{""calcium"":166.0,""eisen"":0.71,""kalium"":195.0,""kupfer"":0.079,""magnesium"":40.0,""mangan"":0.37,""natrium"":1028.0,""phosphor"":97.0,""selen"":5.5,""vitamin_a"":96.0,""vitamin_b1"":0.097,""vitamin_b2"":0.273,""vitamin_b3"":0.877,""vitamin_b5"":0.285,""vitamin_b6"":0.267,""vitamin_b9"":29.0,""vitamin_c"":0.0,""vitamin_e"":4.61,""vitamin_k"":193.8,""zink"":0.68}"
170459;Tomatenmark;Tomato products, canned, paste, without salt added (Includes foods for USDA's Food Distribution Program);;;82;4.32;18.91;12.18;0.47;0.1;4.1;0.148;"{""calcium"":36.0,""eisen"":2.98,""kalium"":1014.0,""kupfer"":0.365,""magnesium"":42.0,""mangan"":0.302,""natrium"":59.0,""phosphor"":83.0,""selen"":5.3,""vitamin_a"":76.0,""vitamin_b1"":0.06,""vitamin_b12"":0.0,""vitamin_b2"":0.153,""vitamin_b3"":3.076,""vitamin_b5"":0.142,""vitamin_b6"":0.216,""vitamin_b9"":12.0,""vitamin_c"":21.9,""vitamin_d"":0.0,""vitamin_e"":4.3,""vitamin_k"":11.4,""zink"":0.63}"
170546;Passata;Tomato products, canned, puree, with salt added;;;38;1.65;8.98;4.83;0.21;0.029;1.9;0.505;"{""calcium"":18.0,""eisen"":1.78,""kalium"":439.0,""kupfer"":0.287,""magnesium"":23.0,""mangan"":0.169,""natrium"":202.0,""phosphor"":40.0,""selen"":0.7,""vitamin_a"":26.0,""vitamin_b1"":0.025,""vitamin_b12"":0.0,""vitamin_b2"":0.08,""vitamin_b3"":1.466,""vitamin_b5"":0.44,""vitamin_b6"":0.126,""vitamin_b9"":11.0,""vitamin_c"":10.6,""vitamin_d"":0.0,""vitamin_e"":1.97,""vitamin_k"":3.4,""zink"":0.36}"
170052;Tomaten gehackt Dose;Tomatoes, red, ripe, canned, stewed;;;26;0.91;6.19;3.52;0.19;0.026;1;0.553;"{""calcium"":34.0,""eisen"":1.33,""kalium"":207.0,""kupfer"":0.112,""magnesium"":12.0,""mangan"":0.059,""natrium"":221.0,""phosphor"":20.0,""selen"":0.6,""vitamin_a"":9.0,""vitamin_b1"":0.046,""vitamin_b12"":0.0,""vitamin_b2"":0.035,""vitamin_b3"":0.714,""vitamin_b5"":0.114,""vitamin_b6"":0.017,""vitamin_b9"":5.0,""vitamin_c"":7.9,""vitamin_d"":0.0,""vitamin_e"":0.83,""vitamin_k"":2.4,""zink"":0.17}"
174524;Salsa;Sauce, salsa, ready-to-serve;;;29;1.52;6.64;4.01;0.17;0.021;1.9;1.778;"{""calcium"":30.0,""eisen"":0.42,""kalium"":275.0,""kupfer"":0.066,""magnesium"":15.0,""mangan"":0.112,""natrium"":711.0,""phosphor"":33.0,""selen"":0.9,""vitamin_a"":23.0,""vitamin_b1"":0.033,""vitamin_b12"":0.0,""vitamin_b2"":0.032,""vitamin_b3"":1.091,""vitamin_b5"":0.199,""vitamin_b6"":0.172,""vitamin_b9"":4.0,""vitamin_c"":1.9,""vitamin_d"":0.0,""vitamin_e"":1.28,""vitamin_k"":4.3,""zink"":0.18}"
171707;Guacamole;Avocados, raw, Florida;;;120;2.23;7.82;2.42;10.06;1.96;5.6;0.005;"{""calcium"":10.0,""eisen"":0.17,""kalium"":351.0,""kupfer"":0.311,""magnesium"":24.0,""mangan"":0.095,""natrium"":2.0,""phosphor"":40.0,""vitamin_a"":7.0,""vitamin_b1"":0.021,""vitamin_b12"":0.0,""vitamin_b2"":0.053,""vitamin_b3"":0.672,""vitamin_b5"":0.931,""vitamin_b6"":0.078,""vitamin_b9"":35.0,""vitamin_c"":17.4,""vitamin_d"":0.0,""vitamin_e"":2.66,""zink"":0.4}"
174289;Hummus;Hummus, commercial;;;237;7.78;15;0.62;17.82;2.562;5.5;1.065;"{""calcium"":47.0,""eisen"":2.54,""kalium"":312.0,""kupfer"":0.377,""magnesium"":75.0,""mangan"":1.155,""natrium"":426.0,""phosphor"":181.0,""selen"":4.7,""vitamin_a"":1.0,""vitamin_b1"":0.16,""vitamin_b12"":0.0,""vitamin_b2"":0.127,""vitamin_b3"":1.024,""vitamin_b5"":0.346,""vitamin_b6"":0.146,""vitamin_b9"":48.0,""vitamin_c"":0.0,""vitamin_d"":0.0,""vitamin_e"":1.54,""vitamin_k"":22.8,""zink"":1.44}"
171832;Bohnendip;Dip, bean, original flavor;;;119;5.44;15.89;0.99;3.7;0.529;4.9;1.108;"{""calcium"":26.0,""eisen"":1.6,""kalium"":368.0,""kupfer"":0.196,""magnesium"":40.0,""mangan"":0.341,""natrium"":443.0,""phosphor"":105.0,""selen"":7.7,""vitamin_a"":0.0,""vitamin_b1"":0.09,""vitamin_b12"":0.0,""vitamin_b2"":0.1,""vitamin_b3"":0.43,""vitamin_b5"":0.15,""vitamin_b6"":0.115,""vitamin_b9"":21.0,""vitamin_c"":0.6,""vitamin_d"":0.0,""vitamin_e"":0.91,""vitamin_k"":1.7,""zink"":0.69}"
174523;BBQ Sauce;Sauce, barbecue;;;172;0.82;40.77;33.24;0.63;0.045;0.9;2.568;"{""calcium"":33.0,""eisen"":0.64,""kalium"":232.0,""kupfer"":0.072,""magnesium"":13.0,""mangan"":0.126,""natrium"":1027.0,""phosphor"":20.0,""selen"":1.3,""vitamin_a"":11.0,""vitamin_b1"":0.023,""vitamin_b12"":0.0,""vitamin_b2"":0.056,""vitamin_b3"":0.597,""vitamin_b5"":0.164,""vitamin_b6"":0.075,""vitamin_b9"":2.0,""vitamin_c"":0.6,""vitamin_d"":0.0,""vitamin_e"":0.8,""vitamin_k"":1.8,""zink"":0.17}"
171167;Teriyaki Sauce;Sauce, teriyaki, ready-to-serve;;;89;5.93;15.56;14.1;0.02;0;0.1;9.583;"{""calcium"":25.0,""eisen"":1.7,""kalium"":225.0,""kupfer"":0.1,""magnesium"":61.0,""mangan"":0.0,""natrium"":3833.0,""phosphor"":154.0,""selen"":1.1,""vitamin_a"":0.0,""vitamin_b1"":0.03,""vitamin_b12"":0.0,""vitamin_b2"":0.07,""vitamin_b3"":1.27,""vitamin_b5"":0.2,""vitamin_b6"":0.1,""vitamin_b9"":8.0,""vitamin_c"":0.0,""vitamin_d"":0.0,""vitamin_e"":0.0,""vitamin_k"":0.0,""zink"":0.1}"
172886;Hoisin Sauce;Sauce, hoisin, ready-to-serve;;;220;3.31;44.08;27.26;3.39;0.568;2.8;4.038;"{""calcium"":32.0,""eisen"":1.01,""kalium"":119.0,""kupfer"":0.128,""magnesium"":24.0,""mangan"":0.254,""natrium"":1615.0,""phosphor"":38.0,""selen"":1.8,""vitamin_a"":0.0,""vitamin_b1"":0.004,""vitamin_b12"":0.0,""vitamin_b2"":0.217,""vitamin_b3"":1.17,""vitamin_b5"":0.068,""vitamin_b6"":0.062,""vitamin_b9"":23.0,""vitamin_c"":0.4,""vitamin_d"":0.0,""vitamin_e"":0.28,""vitamin_k"":0.5,""zink"":0.32}"
169301;Wasser;Water convolvulus,raw;;;19;2.6;3.13;0;0.2;0;2.1;0.283;"{""calcium"":77.0,""eisen"":1.67,""kalium"":312.0,""kupfer"":0.023,""magnesium"":71.0,""mangan"":0.16,""natrium"":113.0,""phosphor"":39.0,""selen"":0.9,""vitamin_a"":315.0,""vitamin_b1"":0.03,""vitamin_b12"":0.0,""vitamin_b2"":0.1,""vitamin_b3"":0.9,""vitamin_b5"":0.141,""vitamin_b6"":0.096,""vitamin_b9"":57.0,""vitamin_c"":55.0,""vitamin_d"":0.0,""zink"":0.18}"
173657;Mineralwasser;Water, bottled, non-carbonated, NAYA;;;0;0;0;0;0;0;0;0.003;"{""calcium"":4.0,""kalium"":0.0,""magnesium"":2.0,""natrium"":1.0}"
171890;Kaffee schwarz;Beverages, coffee, brewed, prepared with tap water;;;1;0.12;0;0;0.02;0.002;0;0.005;"{""calcium"":2.0,""eisen"":0.01,""kalium"":49.0,""kupfer"":0.002,""magnesium"":3.0,""mangan"":0.023,""natrium"":2.0,""phosphor"":3.0,""selen"":0.0,""vitamin_a"":0.0,""vitamin_b1"":0.014,""vitamin_b12"":0.0,""vitamin_b2"":0.076,""vitamin_b3"":0.191,""vitamin_b5"":0.254,""vitamin_b6"":0.001,""vitamin_b9"":2.0,""vitamin_c"":0.0,""vitamin_d"":0.0,""vitamin_e"":0.01,""vitamin_k"":0.1,""zink"":0.02}"
171891;Espresso;Beverages, coffee, brewed, espresso, restaurant-prepared;;;9;0.12;1.67;0;0.18;0.092;0;0.035;"{""calcium"":2.0,""eisen"":0.13,""kalium"":115.0,""kupfer"":0.05,""magnesium"":80.0,""mangan"":0.05,""natrium"":14.0,""phosphor"":7.0,""selen"":0.0,""vitamin_a"":0.0,""vitamin_b1"":0.001,""vitamin_b12"":0.0,""vitamin_b2"":0.177,""vitamin_b3"":5.207,""vitamin_b5"":0.028,""vitamin_b6"":0.002,""vitamin_b9"":1.0,""vitamin_c"":0.2,""vitamin_d"":0.0,""vitamin_e"":0.01,""vitamin_k"":0.1,""zink"":0.05}"
173227;Tee schwarz;Beverages, tea, black, brewed, prepared with tap water;;;1;0;0.3;0;0;0.002;0;0.008;"{""calcium"":0.0,""eisen"":0.02,""kalium"":37.0,""kupfer"":0.01,""magnesium"":3.0,""mangan"":0.219,""natrium"":3.0,""phosphor"":1.0,""selen"":0.0,""vitamin_a"":0.0,""vitamin_b1"":0.0,""vitamin_b12"":0.0,""vitamin_b2"":0.014,""vitamin_b3"":0.0,""vitamin_b5"":0.011,""vitamin_b6"":0.0,""vitamin_b9"":5.0,""vitamin_c"":0.0,""vitamin_d"":0.0,""vitamin_e"":0.0,""vitamin_k"":0.0,""zink"":0.02}"
171917;Tee grün;Beverages, tea, green, brewed, regular;;;1;0.22;0;0;0;0;0;0.003;"{""calcium"":0.0,""eisen"":0.02,""kalium"":8.0,""kupfer"":0.004,""magnesium"":1.0,""mangan"":0.184,""natrium"":1.0,""phosphor"":0.0,""selen"":0.0,""vitamin_a"":0.0,""vitamin_b1"":0.007,""vitamin_b12"":0.0,""vitamin_b2"":0.058,""vitamin_b3"":0.03,""vitamin_b6"":0.005,""vitamin_b9"":0.0,""vitamin_c"":0.0,""vitamin_d"":0.0,""vitamin_e"":0.0,""vitamin_k"":0.0,""zink"":0.01}"
174156;Tee Kamille;Beverages, tea, herb, brewed, chamomile;;;1;0;0.2;0;0;0.002;0;0.003;"{""calcium"":2.0,""eisen"":0.08,""kalium"":9.0,""kupfer"":0.015,""magnesium"":1.0,""mangan"":0.044,""natrium"":1.0,""phosphor"":0.0,""selen"":0.0,""vitamin_a"":1.0,""vitamin_b1"":0.01,""vitamin_b12"":0.0,""vitamin_b2"":0.004,""vitamin_b3"":0.0,""vitamin_b5"":0.011,""vitamin_b6"":0.0,""vitamin_b9"":1.0,""vitamin_c"":0.0,""vitamin_d"":0.0,""vitamin_e"":0.0,""vitamin_k"":0.0,""zink"":0.04}"
173232;Tee Pfefferminz;Beverages, tea, herb, other than chamomile, brewed;;;1;0;0.2;0;0;0.002;0;0.003;"{""calcium"":2.0,""eisen"":0.08,""kalium"":9.0,""kupfer"":0.015,""magnesium"":1.0,""mangan"":0.044,""natrium"":1.0,""phosphor"":0.0,""selen"":0.0,""vitamin_a"":0.0,""vitamin_b1"":0.01,""vitamin_b12"":0.0,""vitamin_b2"":0.004,""vitamin_b3"":0.0,""vitamin_b5"":0.011,""vitamin_b6"":0.0,""vitamin_b9"":1.0,""vitamin_c"":0.0,""vitamin_d"":0.0,""vitamin_e"":0.0,""vitamin_k"":0.0,""zink"":0.04}"
167620;Tee Rooibos;Tea, tundra, herb and laborador combination (Alaska Native);;;1;0;0.2;0;0;0;0;0.33;"{""calcium"":2.0,""eisen"":0.08,""kalium"":9.0,""kupfer"":0.02,""magnesium"":1.0,""mangan"":0.04,""natrium"":132.0,""phosphor"":0.0,""vitamin_b1"":0.01,""vitamin_b12"":0.0,""vitamin_b2"":0.0,""vitamin_b3"":0.0,""vitamin_b5"":0.01,""vitamin_b6"":0.0,""vitamin_b9"":1.0,""vitamin_c"":0.3,""zink"":0.04}"
167771;Apfelsaft;Apple juice, canned or bottled, unsweetened, with added ascorbic acid;;;46;0.1;11.3;9.62;0.13;0.022;0.2;0.01;"{""calcium"":8.0,""eisen"":0.12,""kalium"":101.0,""kupfer"":0.012,""magnesium"":5.0,""mangan"":0.074,""natrium"":4.0,""phosphor"":7.0,""selen"":0.1,""vitamin_a"":0.0,""vitamin_b1"":0.021,""vitamin_b12"":0.0,""vitamin_b2"":0.017,""vitamin_b3"":0.073,""vitamin_b5"":0.049,""vitamin_b6"":0.018,""vitamin_b9"":0.0,""vitamin_c"":38.5,""vitamin_d"":0.0,""vitamin_e"":0.01,""vitamin_k"":0.0,""zink"":0.02}"
167792;Orangensaft;Orange Pineapple Juice Blend;;;51;0.41;12.2;10.57;0.08;0.011;0.2;0.01;"{""calcium"":8.0,""eisen"":0.18,""kalium"":150.0,""kupfer"":0.034,""magnesium"":10.0,""mangan"":0.378,""natrium"":4.0,""phosphor"":11.0,""selen"":0.1,""vitamin_a"":1.0,""vitamin_b1"":0.04,""vitamin_b12"":0.0,""vitamin_b2"":0.025,""vitamin_b3"":0.173,""vitamin_b6"":0.061,""vitamin_b9"":10.0,""vitamin_c"":40.7,""vitamin_d"":0.0,""vitamin_e"":0.07,""vitamin_k"":0.1,""zink"":0.06}"
173039;Grapefruitsaft;Grapefruit juice, white, raw;;;39;0.5;9.2;9.1;0.1;0.014;0.1;0.003;"{""calcium"":9.0,""eisen"":0.2,""kalium"":162.0,""kupfer"":0.033,""magnesium"":12.0,""mangan"":0.02,""natrium"":1.0,""phosphor"":15.0,""selen"":0.1,""vitamin_a"":1.0,""vitamin_b1"":0.04,""vitamin_b12"":0.0,""vitamin_b2"":0.02,""vitamin_b3"":0.2,""vitamin_b5"":0.189,""vitamin_b6"":0.044,""vitamin_b9"":10.0,""vitamin_c"":38.0,""vitamin_d"":0.0,""vitamin_e"":0.22,""vitamin_k"":0.0,""zink"":0.05}"
170458;Tomatensaft;Tomato juice, canned, with salt added;;;17;0.85;3.53;2.58;0.29;0.019;0.4;0.633;"{""calcium"":10.0,""eisen"":0.39,""kalium"":217.0,""kupfer"":0.042,""magnesium"":11.0,""mangan"":0.068,""natrium"":253.0,""phosphor"":19.0,""selen"":0.5,""vitamin_a"":23.0,""vitamin_b1"":0.1,""vitamin_b12"":0.0,""vitamin_b2"":0.078,""vitamin_b3"":0.673,""vitamin_b6"":0.07,""vitamin_b9"":20.0,""vitamin_c"":70.1,""vitamin_d"":0.0,""vitamin_e"":0.32,""vitamin_k"":2.3,""zink"":0.11}"
170491;Karottensaft;Carrot juice, canned;;;40;0.95;9.28;3.91;0.15;0.027;0.8;0.165;"{""calcium"":24.0,""eisen"":0.46,""kalium"":292.0,""kupfer"":0.046,""magnesium"":14.0,""mangan"":0.13,""natrium"":66.0,""phosphor"":42.0,""selen"":0.6,""vitamin_a"":956.0,""vitamin_b1"":0.092,""vitamin_b12"":0.0,""vitamin_b2"":0.055,""vitamin_b3"":0.386,""vitamin_b5"":0.228,""vitamin_b6"":0.217,""vitamin_b9"":4.0,""vitamin_c"":8.5,""vitamin_d"":0.0,""vitamin_e"":1.16,""vitamin_k"":15.5,""zink"":0.18}"
173041;Traubensaft;Grape juice, canned or bottled, unsweetened, with added ascorbic acid;;;60;0.37;14.77;14.2;0.13;0.025;0.2;0.013;"{""calcium"":11.0,""eisen"":0.25,""kalium"":104.0,""kupfer"":0.018,""magnesium"":10.0,""mangan"":0.239,""natrium"":5.0,""phosphor"":14.0,""selen"":0.0,""vitamin_a"":0.0,""vitamin_b1"":0.017,""vitamin_b12"":0.0,""vitamin_b2"":0.015,""vitamin_b3"":0.133,""vitamin_b5"":0.048,""vitamin_b6"":0.032,""vitamin_b9"":0.0,""vitamin_c"":25.0,""vitamin_d"":0.0,""vitamin_e"":0.0,""vitamin_k"":0.4,""zink"":0.07}"
168187;Ananassaft;Pineapple juice, canned or bottled, unsweetened, with added ascorbic acid;;;53;0.36;12.87;9.98;0.12;0.008;0.2;0.005;"{""calcium"":13.0,""eisen"":0.31,""kalium"":130.0,""kupfer"":0.069,""magnesium"":12.0,""mangan"":0.504,""natrium"":2.0,""phosphor"":8.0,""selen"":0.1,""vitamin_a"":0.0,""vitamin_b1"":0.058,""vitamin_b12"":0.0,""vitamin_b2"":0.021,""vitamin_b3"":0.199,""vitamin_b5"":0.056,""vitamin_b6"":0.1,""vitamin_b9"":18.0,""vitamin_c"":43.8,""vitamin_d"":0.0,""vitamin_e"":0.02,""vitamin_k"":0.3,""zink"":0.11}"
171903;Cranberrysaft;Cranberry juice cocktail, bottled;;;54;0;13.52;11.87;0.1;0.009;0;0.005;"{""calcium"":3.0,""eisen"":0.1,""kalium"":14.0,""kupfer"":0.01,""magnesium"":1.0,""mangan"":0.048,""natrium"":2.0,""phosphor"":1.0,""selen"":0.2,""vitamin_a"":0.0,""vitamin_b1"":0.0,""vitamin_b12"":0.0,""vitamin_b2"":0.0,""vitamin_b3"":0.041,""vitamin_b5"":0.052,""vitamin_b6"":0.0,""vitamin_b9"":0.0,""vitamin_c"":42.3,""vitamin_d"":0.0,""vitamin_e"":0.22,""vitamin_k"":1.0,""zink"":0.03}"
174859;Limonade;Lemonade, powder, prepared with water;;;14;0;3.59;3.5;0.04;0;0;0.015;"{""calcium"":4.0,""eisen"":0.01,""kalium"":6.0,""kupfer"":0.011,""magnesium"":10.0,""mangan"":0.001,""natrium"":6.0,""phosphor"":0.0,""selen"":0.0,""vitamin_a"":0.0,""vitamin_b1"":0.001,""vitamin_b12"":0.0,""vitamin_b2"":0.0,""vitamin_b3"":0.005,""vitamin_b5"":0.002,""vitamin_b6"":0.001,""vitamin_b9"":0.0,""vitamin_c"":1.5,""vitamin_d"":0.0,""vitamin_e"":0.01,""vitamin_k"":0.0,""zink"":0.01}"
173205;Sprite;Beverages, carbonated, lemon-lime soda, no caffeine;;;41;0.09;10.42;10.38;0;0;0;0.025;"{""calcium"":2.0,""eisen"":0.02,""kalium"":1.0,""kupfer"":0.0,""magnesium"":1.0,""mangan"":0.0,""natrium"":10.0,""phosphor"":0.0,""selen"":0.0,""vitamin_a"":0.0,""vitamin_b1"":0.0,""vitamin_b12"":0.0,""vitamin_b2"":0.0,""vitamin_b3"":0.015,""vitamin_b5"":0.0,""vitamin_b6"":0.0,""vitamin_b9"":0.0,""vitamin_c"":0.0,""vitamin_d"":0.0,""vitamin_e"":0.0,""vitamin_k"":0.0,""zink"":0.01}"
171869;Tonic Water;Beverages, carbonated, tonic water;;;34;0;8.8;8.8;0;0;0;0.03;"{""calcium"":1.0,""eisen"":0.01,""kalium"":0.0,""kupfer"":0.006,""magnesium"":0.0,""mangan"":0.001,""natrium"":12.0,""phosphor"":0.0,""selen"":0.0,""vitamin_a"":0.0,""vitamin_b1"":0.0,""vitamin_b12"":0.0,""vitamin_b2"":0.0,""vitamin_b3"":0.0,""vitamin_b5"":0.0,""vitamin_b6"":0.0,""vitamin_b9"":0.0,""vitamin_c"":0.0,""vitamin_d"":0.0,""vitamin_e"":0.0,""vitamin_k"":0.0,""zink"":0.1}"
174872;Eistee;Beverages, tea, instant, decaffeinated, unsweetened;;;315;20.21;58.66;5.53;0;0;8.5;0.18;"{""calcium"":118.0,""eisen"":2.26,""kalium"":6040.0,""kupfer"":0.55,""magnesium"":272.0,""mangan"":133.0,""natrium"":72.0,""phosphor"":239.0,""selen"":5.3,""vitamin_a"":0.0,""vitamin_b1"":0.0,""vitamin_b12"":0.0,""vitamin_b2"":0.985,""vitamin_b3"":10.8,""vitamin_b5"":4.53,""vitamin_b6"":0.356,""vitamin_b9"":103.0,""vitamin_c"":0.0,""vitamin_d"":0.0,""vitamin_e"":0.0,""vitamin_k"":0.0,""zink"":1.69}"
170174;Kokoswasser;Nuts, coconut water (liquid from coconuts);;;19;0.72;3.71;2.61;0.2;0.176;1.1;0.263;"{""calcium"":24.0,""eisen"":0.29,""kalium"":250.0,""kupfer"":0.04,""magnesium"":25.0,""mangan"":0.142,""natrium"":105.0,""phosphor"":20.0,""selen"":1.0,""vitamin_a"":0.0,""vitamin_b1"":0.03,""vitamin_b12"":0.0,""vitamin_b2"":0.057,""vitamin_b3"":0.08,""vitamin_b5"":0.043,""vitamin_b6"":0.032,""vitamin_b9"":3.0,""vitamin_c"":2.4,""vitamin_d"":0.0,""vitamin_e"":0.0,""vitamin_k"":0.0,""zink"":0.1}"
174108;Energy Drink;Beverages,  Energy drink, Citrus;;;45;0;11.27;10.42;0;0;0;0.025;"{""calcium"":8.0,""eisen"":0.0,""kalium"":4.0,""kupfer"":0.0,""magnesium"":0.0,""mangan"":0.0,""natrium"":10.0,""phosphor"":0.0,""selen"":0.0,""vitamin_a"":0.0,""vitamin_b1"":0.0,""vitamin_b12"":0.0,""vitamin_b2"":0.0,""vitamin_b3"":0.0,""vitamin_b5"":0.0,""vitamin_b6"":0.0,""vitamin_b9"":0.0,""vitamin_c"":25.0,""vitamin_d"":0.0,""vitamin_e"":0.0,""vitamin_k"":0.0,""zink"":0.0}"
172475;Tofu fest;Tofu, raw, firm, prepared with calcium sulfate;;;144;17.27;2.78;0;8.72;1.261;2.3;0.035;"{""calcium"":683.0,""eisen"":2.66,""kalium"":237.0,""kupfer"":0.378,""magnesium"":58.0,""mangan"":1.181,""natrium"":14.0,""phosphor"":190.0,""selen"":17.4,""vitamin_b1"":0.158,""vitamin_b12"":0.0,""vitamin_b2"":0.102,""vitamin_b3"":0.381,""vitamin_b5"":0.133,""vitamin_b6"":0.092,""vitamin_b9"":29.0,""vitamin_c"":0.2,""vitamin_d"":0.0,""zink"":1.57}"
167722;Tofu seiden;Tofu yogurt;;;94;3.5;15.96;1.24;1.8;0.259;0.2;0.088;"{""calcium"":118.0,""eisen"":1.06,""kalium"":47.0,""kupfer"":0.075,""magnesium"":40.0,""natrium"":35.0,""phosphor"":38.0,""selen"":13.0,""vitamin_a"":2.0,""vitamin_b1"":0.06,""vitamin_b12"":0.0,""vitamin_b2"":0.02,""vitamin_b3"":0.24,""vitamin_b6"":0.02,""vitamin_b9"":6.0,""vitamin_c"":2.5,""vitamin_d"":0.0,""vitamin_e"":0.31,""vitamin_k"":3.5,""zink"":0.31}"
174291;Tofu geräuchert;Tofu, hard, prepared with nigari;;;145;12.68;4.39;0;9.99;1.445;0.6;0.005;"{""calcium"":345.0,""eisen"":2.75,""kalium"":146.0,""kupfer"":0.328,""magnesium"":53.0,""mangan"":1.052,""natrium"":2.0,""phosphor"":231.0,""selen"":16.8,""vitamin_b1"":0.042,""vitamin_b12"":0.0,""vitamin_b2"":0.077,""vitamin_b3"":0.639,""vitamin_b5"":0.037,""vitamin_b6"":0.039,""vitamin_b9"":22.0,""vitamin_c"":0.3,""vitamin_d"":0.0,""zink"":1.66}"
174272;Tempeh;Tempeh;;;192;20.29;7.64;0;10.8;2.539;0;0.023;"{""calcium"":111.0,""eisen"":2.7,""kalium"":412.0,""kupfer"":0.56,""magnesium"":81.0,""mangan"":1.3,""natrium"":9.0,""phosphor"":266.0,""selen"":0.0,""vitamin_a"":0.0,""vitamin_b1"":0.078,""vitamin_b12"":0.08,""vitamin_b2"":0.358,""vitamin_b3"":2.64,""vitamin_b5"":0.278,""vitamin_b6"":0.215,""vitamin_b9"":24.0,""vitamin_c"":0.0,""vitamin_d"":0.0,""zink"":1.14}"
169721;Seitan;Wheat, durum;;;339;13.68;71.13;0;2.47;0.454;0;0.005;"{""calcium"":34.0,""eisen"":3.52,""kalium"":431.0,""kupfer"":0.553,""magnesium"":144.0,""mangan"":3.012,""natrium"":2.0,""phosphor"":508.0,""selen"":89.4,""vitamin_a"":0.0,""vitamin_b1"":0.419,""vitamin_b12"":0.0,""vitamin_b2"":0.121,""vitamin_b3"":6.738,""vitamin_b5"":0.935,""vitamin_b6"":0.419,""vitamin_b9"":43.0,""vitamin_c"":0.0,""vitamin_d"":0.0,""zink"":4.16}"
172445;Sojagranulat;Soy meal, defatted, raw;;;337;49.2;35.89;0;2.39;0.268;0;0.008;"{""calcium"":244.0,""eisen"":13.7,""kalium"":2490.0,""kupfer"":2.0,""magnesium"":306.0,""mangan"":3.8,""natrium"":3.0,""phosphor"":701.0,""selen"":3.3,""vitamin_a"":2.0,""vitamin_b1"":0.691,""vitamin_b12"":0.0,""vitamin_b2"":0.251,""vitamin_b3"":2.587,""vitamin_b5"":1.976,""vitamin_b6"":0.569,""vitamin_b9"":303.0,""vitamin_c"":0.0,""vitamin_d"":0.0,""zink"":5.06}"
174268;Fleischstrecker (Soja);Meat extender;;;311;41.71;34.71;0;2.97;0.424;17.5;0.025;"{""calcium"":204.0,""eisen"":11.99,""kalium"":1902.0,""kupfer"":0.304,""magnesium"":216.0,""mangan"":0.271,""natrium"":10.0,""phosphor"":639.0,""selen"":7.4,""vitamin_a"":2.0,""vitamin_b1"":0.702,""vitamin_b12"":6.0,""vitamin_b2"":0.891,""vitamin_b3"":22.021,""vitamin_b5"":1.492,""vitamin_b6"":1.336,""vitamin_b9"":198.0,""vitamin_c"":0.0,""vitamin_d"":0.0,""zink"":2.21}"
174276;Soja Geschnetzeltes;Soy protein isolate;;;335;88.32;0;0;3.39;0.422;0;2.513;"{""calcium"":178.0,""eisen"":14.5,""kalium"":81.0,""kupfer"":1.599,""magnesium"":39.0,""mangan"":1.493,""natrium"":1005.0,""phosphor"":776.0,""selen"":0.8,""vitamin_a"":0.0,""vitamin_b1"":0.176,""vitamin_b12"":0.0,""vitamin_b2"":0.1,""vitamin_b3"":1.438,""vitamin_b5"":0.06,""vitamin_b6"":0.1,""vitamin_b9"":176.0,""vitamin_c"":0.0,""vitamin_d"":0.0,""vitamin_e"":0.0,""vitamin_k"":0.0,""zink"":4.03}"
168411;Edamame;Edamame, frozen, prepared;;;121;11.91;8.91;2.18;5.2;0.62;5.2;0.015;"{""calcium"":63.0,""eisen"":2.27,""kalium"":436.0,""kupfer"":0.345,""magnesium"":64.0,""mangan"":1.024,""natrium"":6.0,""phosphor"":169.0,""selen"":0.8,""vitamin_a"":15.0,""vitamin_b1"":0.2,""vitamin_b12"":0.0,""vitamin_b2"":0.155,""vitamin_b3"":0.915,""vitamin_b5"":0.395,""vitamin_b6"":0.1,""vitamin_b9"":311.0,""vitamin_c"":6.1,""vitamin_d"":0.0,""vitamin_e"":0.68,""vitamin_k"":26.7,""zink"":1.37}"
172443;Natto;Natto;;;211;19.4;12.68;4.89;11;1.591;5.4;0.018;"{""calcium"":217.0,""eisen"":8.6,""kalium"":729.0,""kupfer"":0.667,""magnesium"":115.0,""mangan"":1.528,""natrium"":7.0,""phosphor"":174.0,""selen"":8.8,""vitamin_a"":0.0,""vitamin_b1"":0.16,""vitamin_b12"":0.0,""vitamin_b2"":0.19,""vitamin_b3"":0.0,""vitamin_b5"":0.215,""vitamin_b6"":0.13,""vitamin_b9"":8.0,""vitamin_c"":13.0,""vitamin_d"":0.0,""vitamin_e"":0.01,""vitamin_k"":23.1,""zink"":3.03}"
174287;Veggie Burger;Veggie burgers or soyburgers, unprepared;;;177;15.7;14.27;1.07;6.3;1.44;4.9;1.423;"{""calcium"":136.0,""eisen"":2.41,""kalium"":333.0,""kupfer"":0.2,""magnesium"":56.0,""mangan"":0.951,""natrium"":569.0,""phosphor"":206.0,""selen"":22.6,""vitamin_a"":1.0,""vitamin_b1"":2.651,""vitamin_b12"":2.01,""vitamin_b2"":0.244,""vitamin_b3"":3.753,""vitamin_b5"":0.289,""vitamin_b6"":0.303,""vitamin_b9"":124.0,""vitamin_c"":4.5,""vitamin_d"":0.0,""vitamin_e"":0.23,""vitamin_k"":4.2,""zink"":1.26}"
174269;Vegane Wurst;Sausage, meatless;;;255;20.28;8.09;0;18.16;2.926;2.8;2.22;"{""calcium"":63.0,""eisen"":3.72,""kalium"":231.0,""kupfer"":0.25,""magnesium"":36.0,""mangan"":0.725,""natrium"":888.0,""phosphor"":225.0,""selen"":7.4,""vitamin_a"":0.0,""vitamin_b1"":2.343,""vitamin_b12"":0.0,""vitamin_b2"":0.402,""vitamin_b3"":11.195,""vitamin_b5"":0.323,""vitamin_b6"":0.828,""vitamin_b9"":26.0,""vitamin_c"":0.0,""vitamin_d"":0.0,""vitamin_e"":2.1,""vitamin_k"":0.0,""zink"":1.46}"
169066;Veganer Aufschnitt;Luncheon slices, meatless;;;189;17.78;4.44;2.22;11.11;1.338;1.1;1.778;"{""calcium"":41.0,""eisen"":1.8,""kalium"":200.0,""kupfer"":0.908,""magnesium"":23.0,""natrium"":711.0,""phosphor"":442.0,""selen"":7.4,""vitamin_a"":0.0,""vitamin_b1"":4.0,""vitamin_b12"":4.0,""vitamin_b2"":0.302,""vitamin_b3"":11.11,""vitamin_b6"":0.889,""vitamin_b9"":100.0,""vitamin_c"":0.0,""vitamin_d"":0.0,""vitamin_e"":3.0,""vitamin_k"":0.0,""zink"":1.6}"
169067;Hafer Hack;Meatballs, meatless;;;197;21;8;1.25;9;1.425;4.6;1.375;"{""calcium"":25.0,""eisen"":2.16,""kalium"":180.0,""kupfer"":0.706,""magnesium"":18.0,""natrium"":550.0,""phosphor"":344.0,""selen"":0.8,""vitamin_a"":0.0,""vitamin_b1"":0.938,""vitamin_b12"":1.5,""vitamin_b2"":0.213,""vitamin_b3"":2.5,""vitamin_b5"":0.5,""vitamin_b6"":0.2,""vitamin_b9"":78.0,""vitamin_c"":0.0,""vitamin_d"":0.0,""vitamin_e"":1.73,""vitamin_k"":0.0,""zink"":1.8}"
170422;Erbsenprotein;Peas, mature seeds, sprouted, raw;;;124;8.8;27.11;0;0.68;0.124;0;0.05;"{""calcium"":36.0,""eisen"":2.26,""kalium"":381.0,""kupfer"":0.272,""magnesium"":56.0,""mangan"":0.438,""natrium"":20.0,""phosphor"":165.0,""selen"":0.6,""vitamin_b1"":0.225,""vitamin_b12"":0.0,""vitamin_b2"":0.155,""vitamin_b3"":3.088,""vitamin_b5"":1.029,""vitamin_b6"":0.265,""vitamin_b9"":144.0,""vitamin_c"":10.4,""vitamin_d"":0.0,""zink"":1.05}"
170273;Zartbitterschokolade;Chocolate, dark, 70-85% cacao solids;;;598;7.79;45.9;23.99;42.63;24.489;10.9;0.05;"{""calcium"":73.0,""eisen"":11.9,""kalium"":715.0,""kupfer"":1.766,""magnesium"":228.0,""mangan"":1.948,""natrium"":20.0,""phosphor"":308.0,""selen"":6.8,""vitamin_a"":2.0,""vitamin_b1"":0.034,""vitamin_b12"":0.28,""vitamin_b2"":0.078,""vitamin_b3"":1.054,""vitamin_b5"":0.418,""vitamin_b6"":0.038,""vitamin_e"":0.59,""vitamin_k"":7.3,""zink"":3.31}"
167587;Vollmilchschokolade;Candies, milk chocolate;;;535;7.65;59.4;51.5;29.66;18.509;3.4;0.198;"{""calcium"":189.0,""eisen"":2.35,""kalium"":372.0,""kupfer"":0.491,""magnesium"":63.0,""mangan"":0.471,""natrium"":79.0,""phosphor"":208.0,""selen"":4.5,""vitamin_a"":59.0,""vitamin_b1"":0.112,""vitamin_b12"":0.75,""vitamin_b2"":0.298,""vitamin_b3"":0.386,""vitamin_b5"":0.472,""vitamin_b6"":0.036,""vitamin_b9"":12.0,""vitamin_c"":0.0,""vitamin_d"":0.0,""vitamin_e"":0.51,""vitamin_k"":5.7,""zink"":2.3}"
167571;Weiße Schokolade;Candies, white chocolate;;;539;5.87;59.24;59;32.09;19.412;0.2;0.225;"{""calcium"":199.0,""eisen"":0.24,""kalium"":286.0,""kupfer"":0.06,""magnesium"":12.0,""mangan"":0.008,""natrium"":90.0,""phosphor"":176.0,""selen"":4.5,""vitamin_a"":9.0,""vitamin_b1"":0.063,""vitamin_b12"":0.56,""vitamin_b2"":0.282,""vitamin_b3"":0.745,""vitamin_b5"":0.608,""vitamin_b6"":0.056,""vitamin_b9"":7.0,""vitamin_c"":0.5,""vitamin_d"":0.0,""vitamin_e"":0.96,""vitamin_k"":9.1,""zink"":0.74}"
167976;Schokoladenstückchen;Candies, semisweet chocolate;;;480;4.2;63.9;54.5;30;17.75;5.9;0.028;"{""calcium"":32.0,""eisen"":3.13,""kalium"":365.0,""kupfer"":0.7,""magnesium"":115.0,""mangan"":0.8,""natrium"":11.0,""phosphor"":132.0,""selen"":4.2,""vitamin_a"":0.0,""vitamin_b1"":0.055,""vitamin_b12"":0.0,""vitamin_b2"":0.09,""vitamin_b3"":0.427,""vitamin_b5"":0.105,""vitamin_b6"":0.035,""vitamin_b9"":13.0,""vitamin_c"":0.0,""vitamin_d"":0.0,""vitamin_e"":0.26,""vitamin_k"":5.6,""zink"":1.62}"
170274;Kakao Tropfen;Candies, chocolate, dark, NFS (45-59% cacao solids 90%; 60-69% cacao solids 5%; 70-85% cacao solids 5%);;;550;5.09;59.97;46.14;32.2;18.993;7.2;0.058;"{""calcium"":57.0,""eisen"":8.13,""kalium"":568.0,""kupfer"":1.076,""magnesium"":152.0,""mangan"":1.44,""natrium"":23.0,""phosphor"":214.0,""selen"":3.5,""vitamin_a"":2.0,""vitamin_b1"":0.026,""vitamin_b12"":0.23,""vitamin_b2"":0.051,""vitamin_b3"":0.747,""vitamin_b5"":0.304,""vitamin_b6"":0.041,""vitamin_b9"":0.0,""vitamin_c"":0.0,""vitamin_d"":0.0,""vitamin_e"":0.55,""vitamin_k"":8.0,""zink"":2.11}"
170271;Pralinen;Chocolate, dark, 45- 59% cacao solids;;;546;4.88;61.17;47.9;31.28;18.519;7;0.06;"{""calcium"":56.0,""eisen"":8.02,""kalium"":559.0,""kupfer"":1.028,""magnesium"":146.0,""mangan"":1.419,""natrium"":24.0,""phosphor"":206.0,""selen"":3.0,""vitamin_a"":2.0,""vitamin_b1"":0.025,""vitamin_b12"":0.23,""vitamin_b2"":0.05,""vitamin_b3"":0.725,""vitamin_b5"":0.297,""vitamin_b6"":0.042,""vitamin_e"":0.54,""vitamin_k"":8.1,""zink"":2.01}"
168001;Schokoriegel;Candies, milk chocolate coated peanuts;;;519;13.1;49.7;37.59;33.5;14.6;4.7;0.103;"{""calcium"":104.0,""eisen"":1.31,""kalium"":502.0,""kupfer"":0.544,""magnesium"":96.0,""mangan"":0.945,""natrium"":41.0,""phosphor"":212.0,""selen"":5.4,""vitamin_a"":41.0,""vitamin_b1"":0.116,""vitamin_b12"":0.53,""vitamin_b2"":0.174,""vitamin_b3"":4.249,""vitamin_b5"":0.744,""vitamin_b6"":0.1,""vitamin_b9"":51.0,""vitamin_c"":0.0,""vitamin_d"":0.0,""vitamin_e"":2.4,""vitamin_k"":4.0,""zink"":2.6}"
167972;Gummibärchen;Candies, butterscotch;;;391;0.03;90.4;80.46;3.3;2.065;0;0.978;"{""calcium"":4.0,""eisen"":0.01,""kalium"":3.0,""kupfer"":0.001,""magnesium"":0.0,""mangan"":0.001,""natrium"":391.0,""phosphor"":1.0,""selen"":0.6,""vitamin_a"":28.0,""vitamin_b1"":0.012,""vitamin_b12"":0.0,""vitamin_b2"":0.016,""vitamin_b3"":0.002,""vitamin_b5"":0.004,""vitamin_b6"":0.0,""vitamin_b9"":0.0,""vitamin_c"":0.0,""vitamin_d"":0.0,""vitamin_e"":0.09,""vitamin_k"":0.3,""zink"":0.09}"
167974;Lakritze;Candies, caramels;;;382;4.6;77;65.5;8.1;2.476;0;0.613;"{""calcium"":138.0,""eisen"":0.14,""kalium"":214.0,""kupfer"":0.018,""magnesium"":17.0,""mangan"":0.011,""natrium"":245.0,""phosphor"":114.0,""selen"":1.8,""vitamin_a"":12.0,""vitamin_b1"":0.103,""vitamin_b12"":0.3,""vitamin_b2"":0.256,""vitamin_b3"":0.148,""vitamin_b5"":0.62,""vitamin_b6"":0.056,""vitamin_b9"":4.0,""vitamin_c"":0.4,""vitamin_d"":0.0,""vitamin_e"":0.46,""vitamin_k"":1.8,""zink"":0.44}"
167990;Bonbons hart;Candies, hard;;;394;0;98;62.9;0.2;0;0;0.095;"{""calcium"":3.0,""eisen"":0.3,""kalium"":5.0,""kupfer"":0.029,""magnesium"":3.0,""mangan"":0.01,""natrium"":38.0,""phosphor"":3.0,""selen"":0.6,""vitamin_a"":0.0,""vitamin_b1"":0.004,""vitamin_b12"":0.0,""vitamin_b2"":0.003,""vitamin_b3"":0.007,""vitamin_b5"":0.008,""vitamin_b6"":0.003,""vitamin_b9"":0.0,""vitamin_c"":0.0,""vitamin_d"":0.0,""vitamin_e"":0.0,""vitamin_k"":0.0,""zink"":0.01}"
167566;Karamellbonbons;Candies, caramels, chocolate-flavor roll;;;387;1.59;87.73;56.32;3.31;0.967;0.1;0.11;"{""calcium"":36.0,""eisen"":0.8,""kalium"":116.0,""kupfer"":0.13,""magnesium"":22.0,""mangan"":0.047,""natrium"":44.0,""phosphor"":57.0,""selen"":2.2,""vitamin_a"":0.0,""vitamin_b1"":0.056,""vitamin_b12"":0.0,""vitamin_b2"":0.07,""vitamin_b3"":0.21,""vitamin_b5"":0.29,""vitamin_b6"":0.01,""vitamin_b9"":9.0,""vitamin_c"":0.0,""vitamin_d"":0.0,""vitamin_e"":0.65,""vitamin_k"":9.6,""zink"":0.4}"
167995;Marshmallows;Candies, marshmallows;;;318;1.8;81.3;57.56;0.2;0.056;0.1;0.2;"{""calcium"":3.0,""eisen"":0.23,""kalium"":5.0,""kupfer"":0.097,""magnesium"":2.0,""mangan"":0.008,""natrium"":80.0,""phosphor"":8.0,""selen"":1.7,""vitamin_a"":0.0,""vitamin_b1"":0.001,""vitamin_b12"":0.0,""vitamin_b2"":0.001,""vitamin_b3"":0.078,""vitamin_b5"":0.005,""vitamin_b6"":0.003,""vitamin_b9"":1.0,""vitamin_c"":0.0,""vitamin_d"":0.0,""vitamin_e"":0.0,""vitamin_k"":0.0,""zink"":0.04}"
169060;Nougat;Candies, nougat, with almonds;;;398;3.33;92.39;44.97;1.67;1.667;3.3;0.083;"{""calcium"":32.0,""eisen"":0.59,""kalium"":105.0,""kupfer"":0.134,""magnesium"":32.0,""mangan"":0.304,""natrium"":33.0,""phosphor"":55.0,""selen"":2.6,""vitamin_a"":0.0,""vitamin_b1"":0.013,""vitamin_b12"":0.01,""vitamin_b2"":0.148,""vitamin_b3"":0.478,""vitamin_b5"":0.06,""vitamin_b6"":0.02,""vitamin_b9"":5.0,""vitamin_c"":0.3,""vitamin_d"":0.0,""vitamin_e"":2.77,""vitamin_k"":0.0,""zink"":0.42}"
167991;Jelly Beans;Candies, jellybeans;;;375;0;93.55;70;0.05;0;0.2;0.125;"{""calcium"":3.0,""eisen"":0.13,""kalium"":37.0,""kupfer"":0.028,""magnesium"":2.0,""mangan"":0.035,""natrium"":50.0,""phosphor"":4.0,""selen"":1.1,""vitamin_a"":0.0,""vitamin_b1"":0.004,""vitamin_b12"":0.0,""vitamin_b2"":0.011,""vitamin_b3"":0.008,""vitamin_b5"":0.009,""vitamin_b6"":0.004,""vitamin_b9"":0.0,""vitamin_c"":0.0,""vitamin_d"":0.0,""vitamin_e"":0.0,""vitamin_k"":0.0,""zink"":0.05}"
169398;Halva;Epazote, raw;;;32;0.33;7.44;0;0.52;0;3.8;0.108;"{""calcium"":275.0,""eisen"":1.88,""kalium"":633.0,""kupfer"":0.19,""magnesium"":121.0,""mangan"":3.098,""natrium"":43.0,""phosphor"":86.0,""selen"":0.9,""vitamin_a"":3.0,""vitamin_b1"":0.028,""vitamin_b12"":0.0,""vitamin_b2"":0.348,""vitamin_b3"":0.639,""vitamin_b5"":0.179,""vitamin_b6"":0.152,""vitamin_b9"":215.0,""vitamin_c"":3.6,""vitamin_d"":0.0,""zink"":1.1}"
170656;Türkischer Honig;Candies, sugar-coated almonds;;;465;10;68.26;62.5;17.93;1.948;2.5;0.033;"{""calcium"":100.0,""eisen"":1.9,""kalium"":255.0,""kupfer"":0.586,""magnesium"":137.0,""mangan"":1.121,""natrium"":13.0,""phosphor"":166.0,""selen"":1.7,""vitamin_a"":0.0,""vitamin_b1"":0.05,""vitamin_b12"":0.0,""vitamin_b2"":0.27,""vitamin_b3"":1.0,""vitamin_b5"":0.156,""vitamin_b6"":0.06,""vitamin_b9"":15.0,""vitamin_c"":0.0,""vitamin_d"":0.0,""vitamin_e"":12.36,""vitamin_k"":0.0,""zink"":1.56}"
167575;Speiseeis Vanille;Ice creams, vanilla;;;207;3.5;23.6;21.22;11;6.79;0.7;0.2;"{""calcium"":128.0,""eisen"":0.09,""kalium"":199.0,""kupfer"":0.023,""magnesium"":14.0,""mangan"":0.008,""natrium"":80.0,""phosphor"":105.0,""selen"":1.8,""vitamin_a"":118.0,""vitamin_b1"":0.041,""vitamin_b12"":0.39,""vitamin_b2"":0.24,""vitamin_b3"":0.116,""vitamin_b5"":0.581,""vitamin_b6"":0.048,""vitamin_b9"":5.0,""vitamin_c"":0.6,""vitamin_d"":0.2,""vitamin_e"":0.3,""vitamin_k"":0.3,""zink"":0.69}"
168809;Speiseeis Schokolade;Ice creams, chocolate;;;216;3.8;28.2;25.36;11;6.8;1.2;0.19;"{""calcium"":109.0,""eisen"":0.93,""kalium"":249.0,""kupfer"":0.135,""magnesium"":29.0,""mangan"":0.14,""natrium"":76.0,""phosphor"":107.0,""selen"":2.5,""vitamin_a"":118.0,""vitamin_b1"":0.042,""vitamin_b12"":0.29,""vitamin_b2"":0.194,""vitamin_b3"":0.226,""vitamin_b5"":0.554,""vitamin_b6"":0.055,""vitamin_b9"":16.0,""vitamin_c"":0.7,""vitamin_d"":0.2,""vitamin_e"":0.3,""vitamin_k"":0.3,""zink"":0.58}"
168810;Speiseeis Erdbeere;Ice creams, strawberry;;;192;3.2;27.6;0;8.4;5.19;0.9;0.15;"{""calcium"":120.0,""eisen"":0.21,""kalium"":188.0,""kupfer"":0.037,""magnesium"":14.0,""mangan"":0.078,""natrium"":60.0,""phosphor"":100.0,""selen"":1.9,""vitamin_a"":96.0,""vitamin_b1"":0.045,""vitamin_b12"":0.3,""vitamin_b2"":0.255,""vitamin_b3"":0.17,""vitamin_b5"":0.72,""vitamin_b6"":0.05,""vitamin_b9"":12.0,""vitamin_c"":7.7,""zink"":0.34}"
168812;Sorbet;Frozen novelties, ice type, italian, restaurant-prepared;;;53;0.03;13.5;0;0.02;0;0;0.01;"{""calcium"":1.0,""eisen"":0.09,""kalium"":6.0,""kupfer"":0.01,""magnesium"":0.0,""mangan"":0.02,""natrium"":4.0,""phosphor"":0.0,""selen"":0.1,""vitamin_b1"":0.005,""vitamin_b12"":0.0,""vitamin_b2"":0.01,""vitamin_b3"":0.715,""vitamin_b5"":0.005,""vitamin_b6"":0.002,""vitamin_b9"":5.0,""vitamin_c"":0.5,""zink"":0.03}"
168815;Joghurteis;Frozen yogurts, vanilla, soft-serve;;;159;4;24.2;24;5.6;3.42;0;0.218;"{""calcium"":143.0,""eisen"":0.3,""kalium"":211.0,""kupfer"":0.04,""magnesium"":14.0,""mangan"":0.012,""natrium"":87.0,""phosphor"":129.0,""selen"":3.3,""vitamin_a"":59.0,""vitamin_b1"":0.037,""vitamin_b12"":0.29,""vitamin_b2"":0.224,""vitamin_b3"":0.287,""vitamin_b5"":0.645,""vitamin_b6"":0.08,""vitamin_b9"":6.0,""vitamin_c"":0.8,""vitamin_d"":0.1,""vitamin_e"":0.11,""vitamin_k"":0.3,""zink"":0.42}"
169608;Pudding Vanille;Puddings, vanilla, ready-to-eat;;;130;1.45;22.6;16.97;3.78;1.016;0;0.43;"{""calcium"":49.0,""eisen"":0.09,""kalium"":65.0,""kupfer"":0.018,""magnesium"":4.0,""mangan"":0.011,""natrium"":172.0,""phosphor"":41.0,""selen"":0.0,""vitamin_a"":2.0,""vitamin_b1"":0.019,""vitamin_b12"":0.15,""vitamin_b2"":0.071,""vitamin_b3"":0.057,""vitamin_b5"":0.153,""vitamin_b6"":0.019,""vitamin_b9"":2.0,""vitamin_c"":0.2,""vitamin_d"":0.0,""vitamin_e"":0.3,""vitamin_k"":0.6,""zink"":0.16}"
168778;Pudding Schokolade;Puddings, chocolate, ready-to-eat;;;142;2.09;23.01;17.17;4.6;1.263;0;0.38;"{""calcium"":51.0,""eisen"":1.27,""kalium"":184.0,""kupfer"":0.092,""magnesium"":18.0,""mangan"":0.118,""natrium"":152.0,""phosphor"":56.0,""selen"":0.0,""vitamin_a"":14.0,""vitamin_b1"":0.024,""vitamin_b12"":0.09,""vitamin_b2"":0.072,""vitamin_b3"":0.123,""vitamin_b5"":0.244,""vitamin_b6"":0.018,""vitamin_b9"":3.0,""vitamin_c"":0.3,""vitamin_d"":0.0,""vitamin_e"":0.31,""vitamin_k"":0.6,""zink"":0.34}"
174945;Kuchen;Cake, yellow, commercially prepared, with vanilla frosting;;;391;2.99;56.2;41.79;17.91;2.936;0.3;0.673;"{""calcium"":62.0,""eisen"":1.07,""kalium"":53.0,""kupfer"":0.034,""magnesium"":6.0,""mangan"":0.095,""natrium"":269.0,""phosphor"":143.0,""selen"":5.5,""vitamin_a"":32.0,""vitamin_b1"":0.1,""vitamin_b12"":0.15,""vitamin_b2"":0.07,""vitamin_b3"":0.5,""vitamin_b5"":0.35,""vitamin_b6"":0.043,""vitamin_b9"":27.0,""vitamin_c"":0.0,""vitamin_d"":0.4,""vitamin_e"":1.19,""vitamin_k"":6.9,""zink"":0.25}"
174950;Kekse;Cookies, butter, commercially prepared, enriched;;;467;6.1;68.9;20.24;18.8;11.051;0.8;0.705;"{""calcium"":29.0,""eisen"":2.22,""kalium"":111.0,""kupfer"":0.2,""magnesium"":12.0,""mangan"":0.17,""natrium"":282.0,""phosphor"":102.0,""selen"":8.4,""vitamin_a"":165.0,""vitamin_b1"":0.37,""vitamin_b12"":0.36,""vitamin_b2"":0.335,""vitamin_b3"":3.19,""vitamin_b5"":0.488,""vitamin_b6"":0.036,""vitamin_b9"":76.0,""vitamin_c"":0.0,""vitamin_d"":0.4,""vitamin_e"":0.58,""vitamin_k"":1.7,""zink"":0.38}"
173190;Rotwein trocken;Alcoholic beverage, wine, table, red;;;85;0.07;2.61;0.62;0;0;0;0.01;"{""calcium"":8.0,""eisen"":0.46,""kalium"":127.0,""kupfer"":0.011,""magnesium"":12.0,""mangan"":0.132,""natrium"":4.0,""phosphor"":23.0,""selen"":0.2,""vitamin_a"":0.0,""vitamin_b1"":0.005,""vitamin_b12"":0.0,""vitamin_b2"":0.031,""vitamin_b3"":0.224,""vitamin_b5"":0.03,""vitamin_b6"":0.057,""vitamin_b9"":1.0,""vitamin_c"":0.0,""vitamin_d"":0.0,""vitamin_e"":0.0,""vitamin_k"":0.4,""zink"":0.14}"
174837;Weißwein trocken;Alcoholic beverage, wine, table, white;;;82;0.07;2.6;0.96;0;0;0;0.013;"{""calcium"":9.0,""eisen"":0.27,""kalium"":71.0,""kupfer"":0.004,""magnesium"":10.0,""mangan"":0.117,""natrium"":5.0,""phosphor"":18.0,""selen"":0.1,""vitamin_a"":0.0,""vitamin_b1"":0.005,""vitamin_b12"":0.0,""vitamin_b2"":0.015,""vitamin_b3"":0.108,""vitamin_b5"":0.045,""vitamin_b6"":0.05,""vitamin_b9"":1.0,""vitamin_c"":0.0,""vitamin_d"":0.0,""vitamin_e"":0.0,""vitamin_k"":0.4,""zink"":0.12}"
169070;Sherry;Alcoholic beverage, wine, cooking;;;50;0.5;6.3;1.55;0;0;0;1.565;"{""calcium"":9.0,""eisen"":0.4,""kalium"":88.0,""kupfer"":0.011,""magnesium"":10.0,""natrium"":626.0,""phosphor"":15.0,""selen"":0.2,""vitamin_a"":0.0,""vitamin_b1"":0.0,""vitamin_b12"":0.0,""vitamin_b2"":0.01,""vitamin_b3"":0.1,""vitamin_b6"":0.02,""vitamin_b9"":1.0,""vitamin_c"":0.0,""vitamin_d"":0.0,""vitamin_e"":0.0,""vitamin_k"":0.0,""zink"":0.08}"
168746;Bier hell;Alcoholic beverage, beer, regular, all;;;43;0.46;3.55;0;0;0;0;0.01;"{""calcium"":4.0,""eisen"":0.02,""kalium"":27.0,""kupfer"":0.005,""magnesium"":6.0,""mangan"":0.008,""natrium"":4.0,""phosphor"":14.0,""selen"":0.6,""vitamin_a"":0.0,""vitamin_b1"":0.005,""vitamin_b12"":0.02,""vitamin_b2"":0.025,""vitamin_b3"":0.513,""vitamin_b5"":0.041,""vitamin_b6"":0.046,""vitamin_b9"":6.0,""vitamin_c"":0.0,""vitamin_d"":0.0,""vitamin_e"":0.0,""vitamin_k"":0.0,""zink"":0.01}"
174817;Rum;Alcoholic beverage, distilled, rum, 80 proof;;;231;0;0;0;0;0;0;0.003;"{""calcium"":0.0,""eisen"":0.12,""kalium"":2.0,""kupfer"":0.05,""magnesium"":0.0,""mangan"":0.018,""natrium"":1.0,""phosphor"":5.0,""selen"":0.0,""vitamin_a"":0.0,""vitamin_b1"":0.008,""vitamin_b12"":0.0,""vitamin_b2"":0.0,""vitamin_b3"":0.0,""vitamin_b5"":0.0,""vitamin_b6"":0.0,""vitamin_b9"":0.0,""vitamin_c"":0.0,""vitamin_d"":0.0,""vitamin_e"":0.0,""vitamin_k"":0.0,""zink"":0.07}"
174818;Wodka;Alcoholic beverage, distilled, vodka, 80 proof;;;231;0;0;0;0;0;0;0.003;"{""calcium"":0.0,""eisen"":0.01,""kalium"":1.0,""kupfer"":0.01,""magnesium"":0.0,""mangan"":0.0,""natrium"":1.0,""phosphor"":5.0,""selen"":0.0,""vitamin_b1"":0.005,""vitamin_b12"":0.0,""vitamin_b2"":0.007,""vitamin_b3"":0.0,""vitamin_b5"":0.0,""vitamin_b6"":0.0,""vitamin_b9"":0.0,""vitamin_c"":0.0,""zink"":0.0}"
174819;Whisky;Alcoholic beverage, distilled, whiskey, 86 proof;;;250;0;0.1;0.1;0;0;0;0;"{""calcium"":0.0,""eisen"":0.02,""kalium"":1.0,""kupfer"":0.014,""magnesium"":0.0,""mangan"":0.008,""natrium"":0.0,""phosphor"":3.0,""selen"":0.0,""vitamin_a"":0.0,""vitamin_b1"":0.008,""vitamin_b12"":0.0,""vitamin_b2"":0.001,""vitamin_b3"":0.05,""vitamin_b5"":0.0,""vitamin_b6"":0.0,""vitamin_b9"":0.0,""vitamin_c"":0.0,""zink"":0.02}"
171852;Mehrkornbagel;Bagels, multigrain;;;241;9.9;47.47;8.66;1.24;0;6.2;0.898;"{""calcium"":124.0,""eisen"":2.23,""kalium"":204.0,""kupfer"":0.236,""magnesium"":85.0,""mangan"":1.79,""natrium"":359.0,""phosphor"":188.0,""selen"":26.9,""vitamin_a"":0.0,""vitamin_b1"":0.422,""vitamin_b12"":0.0,""vitamin_b2"":0.253,""vitamin_b3"":4.265,""vitamin_b5"":0.518,""vitamin_b6"":0.18,""vitamin_b9"":81.0,""vitamin_c"":0.0,""vitamin_d"":0.0,""vitamin_e"":0.66,""vitamin_k"":0.6,""zink"":1.52}"
171314;Ghee (Butterschmalz);Butter, Clarified butter (ghee);;;900;0;0;0;100;60;0;0;"{""calcium"":0.0,""eisen"":0.0,""natrium"":0.0,""vitamin_c"":0.0}"
168063;Milchreis (Arroz con leche);Restaurant, Latino, arroz con leche (rice pudding);;;146;3.2;24.92;15.26;3.69;1.899;0.5;0.265;"{""calcium"":90.0,""eisen"":0.23,""kalium"":142.0,""kupfer"":0.031,""magnesium"":11.0,""mangan"":0.129,""natrium"":106.0,""phosphor"":83.0,""selen"":3.7,""vitamin_b1"":0.025,""vitamin_b12"":0.08,""vitamin_b2"":0.097,""vitamin_b3"":0.31,""vitamin_b5"":0.53,""vitamin_b6"":0.025,""vitamin_e"":0.21,""zink"":0.5}"
174301;Sojaproteinkonzentrat (Sojaschnetzel-Ersatz);Soy protein concentrate, produced by acid wash;;;328;63.63;25.41;20;0.46;0.052;5.5;2.25;"{""calcium"":363.0,""eisen"":10.78,""kalium"":450.0,""kupfer"":0.976,""magnesium"":140.0,""mangan"":4.19,""natrium"":900.0,""phosphor"":839.0,""selen"":0.8,""vitamin_a"":0.0,""vitamin_b1"":0.316,""vitamin_b12"":0.0,""vitamin_b2"":0.142,""vitamin_b3"":0.716,""vitamin_b5"":0.057,""vitamin_b6"":0.134,""vitamin_b9"":340.0,""vitamin_c"":0.0,""vitamin_d"":0.0,""vitamin_k"":0.0,""zink"":4.4}"
